Customer ID,Recency,Frequency,Monetary,Cluster,PCA1,PCA2,DBSCAN_Cluster
12346.0,165,11,372.86,1,0.17110214556314401,0.7522125294090314,0
12347.0,3,2,1323.32,0,0.045012227897104205,-0.9150824404009243,0
12348.0,74,1,222.16,0,-0.36252799080734494,-0.28965643076178876,0
12349.0,43,3,2671.14,0,0.08984476742405303,-0.4629952024754246,0
12351.0,11,1,300.93,0,-0.1406690297785091,-0.8929206856738889,0
12352.0,11,2,343.8,0,-0.0540588123882832,-0.8752491055101017,0
12353.0,44,1,317.76,0,-0.2526328500738343,-0.5747218804813053,0
12355.0,203,1,488.21,1,-0.7855602120136028,0.9618070441389469,0
12356.0,16,3,3560.3,0,0.24748062289727288,-0.6890935444747651,0
12357.0,24,2,12079.99,0,0.7595886641465097,-0.3050218303536458,0
12358.0,11,3,2719.01,0,0.2031098045809009,-0.7691170351080019,0
12359.0,61,6,2563.36,0,0.2706463029995266,-0.24573140351406053,0
12360.0,15,5,1590.83,0,0.27383864478735886,-0.7413229921738372,0
12361.0,98,3,321.35,0,-0.2706473045869578,-0.02285006494694179,0
12362.0,374,1,130.0,1,-1.3983088621604387,2.5937616042912626,0
12366.0,269,1,500.24,1,-1.01106960234181,1.5973842765329747,0
12368.0,264,1,917.7,1,-0.963391068732642,1.5651023853609982,0
12369.0,49,3,1791.15,0,0.004912392232950189,-0.43863300486773993,0
12370.0,260,3,774.62,1,-0.7931831362974047,1.55327473044505,0
12371.0,45,3,2179.42,0,0.047026193426747735,-0.46239896322026014,0
12373.0,260,2,763.0500000000001,1,-0.8775044601700381,1.5367902899540633,0
12374.0,57,3,2246.29,0,0.010754577952325383,-0.34438619384337865,0
12376.0,25,2,503.15,0,-0.09042786470418138,-0.7344826848381206,0
12377.0,17,2,1798.2,0,0.0317171235558361,-0.7623486657047037,0
12378.0,198,1,1407.7,1,-0.7011694351891987,0.9485660389074168,0
12379.0,58,2,767.98,0,-0.18425604307097915,-0.40687778894731036,0
12380.0,101,7,6951.49,0,0.5378093808801898,0.321668058648233,0
12385.0,15,1,1938.4,0,-0.03464535000337475,-0.7923228959865892,0
12386.0,2,1,258.9,0,-0.11287133933573888,-0.9811221942722905,0
12387.0,51,1,143.94,0,-0.28935485425868684,-0.51395317402252,0
12388.0,81,2,1120.45,0,-0.2373739384950459,-0.1721793506301735,0
12389.0,38,3,1433.33,0,0.016477397746795224,-0.5580578184460031,0
12391.0,100,5,2285.18,0,0.03305304651329973,0.10297097898081355,0
12392.0,227,1,234.75000000000003,1,-0.8864184451992452,1.1831469445122533,0
12393.0,18,2,816.85,0,-0.043476773450931996,-0.7899460527208255,0
12395.0,7,4,2048.64,0,0.2512830532427782,-0.816989247833039,0
12396.0,310,1,931.43,1,-1.1201733799735878,2.0082831976746225,0
12399.0,21,3,853.65,0,0.03239914514953382,-0.7436355596151801,0
12400.0,50,1,205.25,0,-0.2814412637032186,-0.5212508663854155,0
12402.0,28,5,1031.3,0,0.18832976981637334,-0.6374451425012408,0
12403.0,157,1,591.6600000000001,1,-0.6202088099614278,0.5230706096802347,0
12404.0,318,1,63.24,1,-1.2111031258400118,2.052339032877677,0
12406.0,35,3,2975.06,0,0.1395108089718876,-0.5284525489618997,0
12408.0,21,3,1452.22,0,0.07617112575097998,-0.7209331253037389,0
12409.0,56,4,12346.62,0,0.8362727288974119,0.04511952271991832,0
12410.0,138,1,320.38,0,-0.57487423807081,0.3299437076962204,0
12411.0,45,1,346.9,0,-0.2539320502565795,-0.5639936199585123,0
12412.0,38,3,1370.05,0,0.01184988395148388,-0.5604578886854538,0
12413.0,38,1,241.35,0,-0.23763970044903626,-0.6353582117332793,0
12414.0,99,3,390.0,0,-0.2690572337511703,-0.010623277635895005,0
12415.0,11,7,19543.84,0,1.7673699987806832,-0.06680603489918466,0
12416.0,292,1,202.56,1,-1.1117313993781028,1.8074239653845796,0
12417.0,46,11,3148.31,0,0.7822505458598656,-0.2876631385331587,0
12418.0,49,3,1352.62,0,-0.02715624911752211,-0.45526547645601917,0
12419.0,21,2,503.01,0,-0.07671755012917146,-0.7729801741910366,0
12421.0,51,2,291.56,0,-0.1950845219813107,-0.49230865837228427,0
12422.0,30,14,4428.24,0,1.181156662881519,-0.34495009838300467,0
12423.0,23,2,763.08,0,-0.06455953442709123,-0.7438702053954701,0
12424.0,58,2,1579.07,0,-0.12494298737819974,-0.3761149417520503,0
12425.0,84,1,964.21,0,-0.34256504491265694,-0.1652816691904885,0
12426.0,298,1,762.48,1,-1.0913666287252304,1.8863987599974386,0
12427.0,7,1,303.5,0,-0.12676053943887694,-0.9313153907292556,0
12429.0,1,5,3735.51,0,0.4786958546540031,-0.7947026582029363,0
12431.0,9,13,4370.52,0,1.1654934010995261,-0.5652688483359132,0
12433.0,2,5,7205.39,0,0.7290096730565861,-0.6534747504663703,0
12434.0,17,1,297.29,0,-0.1615160428564467,-0.8353204736170479,0
12435.0,32,4,6096.04,0,0.46150620188620156,-0.4229042088827945,0
12437.0,31,21,7731.99,0,2.0036484587418206,-0.09770382145689209,0
12439.0,318,2,1142.88,1,-1.0486764186020465,2.1093330027721104,0
12440.0,98,2,859.2,0,-0.314790868829061,-0.01849622176284971,0
12441.0,2,1,173.55,0,-0.11911277900751234,-0.9843593307283132,0
12443.0,368,1,485.31,1,-1.3517450700623186,2.5494994564112172,0
12445.0,56,1,301.58000000000004,0,-0.29497771176666066,-0.4598590136547774,0
12449.0,46,2,768.6,0,-0.143049046653991,-0.5223308121095819,0
12450.0,35,3,490.32,0,-0.04219223508250432,-0.6226932336454127,0
12451.0,99,3,3634.36,0,-0.03180501098005259,0.11242811114514539,0
12454.0,31,4,13151.44,0,0.9808807273444694,-0.16493155894101771,0
12455.0,81,4,3413.09,0,0.09723177117277339,-0.0531333614239055,0
12457.0,71,1,632.68,0,-0.3222172388805167,-0.3029554510306723,0
12458.0,63,2,830.09,0,-0.1968647791008571,-0.35640686988763864,0
12459.0,241,1,454.36,1,-0.9183808290368649,1.326198893512763,0
12460.0,92,1,326.65,0,-0.41662937506143455,-0.11247854891593391,0
12466.0,318,1,56.73,1,-1.2115791864406358,2.0520921229968483,0
12467.0,59,1,132.8,0,-0.31761060046848,-0.4373913306222274,0
12468.0,162,3,2941.2,1,-0.2985928310591625,0.6923899141859415,0
12469.0,158,2,3070.54,1,-0.3588891940099361,0.6427576984266549,0
12470.0,325,1,211.95,1,-1.2242392889312839,2.125340587856216,0
12471.0,10,49,20129.54,3,5.319590947761566,0.6197010966954454,-1
12472.0,5,13,11308.48,0,1.686570236901617,-0.3406195720704216,0
12474.0,14,13,5048.66,0,1.1979334533649335,-0.49143327583741686,0
12475.0,45,1,426.26,0,-0.24812864483945074,-0.5609836709350797,0
12476.0,32,12,7267.49,0,1.214973416739322,-0.25010877691695765,0
12477.0,35,3,7056.63,0,0.4379861800453538,-0.3736476392394796,0
12480.0,35,3,2183.2200000000003,0,0.08160545935622171,-0.5584852862944951,0
12481.0,1,6,6765.07,0,0.7837155091067836,-0.6637525416379958,0
12482.0,212,29,23691.4,3,3.2176685282764232,2.3777372997653745,-1
12483.0,14,11,2612.2000000000003,0,0.8528105339303367,-0.6159340390929547,0
12484.0,119,6,1826.78,0,0.017833973577892168,0.2844683507700875,0
12485.0,165,1,708.1,1,-0.6391349384404085,0.6044712799002037,0
12486.0,67,1,1037.28,0,-0.2789092641677963,-0.3261020486529424,0
12487.0,366,1,285.29999999999995,1,-1.3595110428038046,2.522667430387165,0
12490.0,14,11,4405.71,0,0.983965595040148,-0.5479101772857928,0
12492.0,39,1,452.0,0,-0.2256655120573984,-0.6177456789417965,0
12494.0,1,3,626.77,0,0.08441072007541273,-0.9447015128076827,0
12495.0,276,1,357.4,1,-1.045526113837365,1.6593279857733365,0
12496.0,256,2,45.34,1,-0.9162683092186308,1.4710769598659603,0
12497.0,36,2,5205.400000000001,0,0.21570481874791042,-0.4502832639530187,0
12499.0,196,1,393.72,1,-0.7684590710781181,0.8908619336670925,0
12500.0,71,8,1697.39,0,0.3399690995098979,-0.1502540468612667,0
12503.0,220,1,1126.0,1,-0.7972325152531692,1.1495887688987447,0
12504.0,53,2,297.0,0,-0.20154698411899233,-0.4728562414899816,0
12505.0,44,1,955.2,0,-0.2060184001104451,-0.5505451931640574,0
12507.0,220,1,539.25,1,-0.8401401277594736,1.1273346410068723,0
12510.0,95,7,4195.45,0,0.3568476507431333,0.15939929667977265,0
12511.0,64,1,3084.02,0,-0.11894568951397155,-0.27734286842887396,0
12514.0,277,1,580.08,1,-1.0326722005570166,1.6773967898192537,0
12516.0,66,2,1336.56,0,-0.17011826372107106,-0.308328449984212,0
12519.0,112,1,385.7,0,-0.48091395315209073,0.08222198410768422,0
12523.0,10,12,2562.58,0,0.9463777331048486,-0.6402625792336206,0
12524.0,24,9,6640.39,0,0.946130497891198,-0.3990144979156167,0
12525.0,134,3,973.73,0,-0.3464253003890521,0.3483228786463551,0
12527.0,130,2,386.8,0,-0.4591007610984803,0.2715241282724771,0
12529.0,164,1,316.48,1,-0.6643430265086818,0.5799949558439706,0
12530.0,51,5,2096.98,0,0.18736720173039137,-0.3756962285918374,0
12531.0,322,1,1807.98,1,-1.097235049654905,2.1570053360698105,0
12533.0,263,2,1367.89,1,-0.843564383917231,1.5885996660751696,0
12537.0,44,1,732.94,0,-0.2222717379130036,-0.5589750226744922,0
12538.0,14,1,276.5,0,-0.15274595109168762,-0.86497812686598,0
12539.0,86,3,5646.400000000001,0,0.15992241744901908,0.06364074856964948,0
12540.0,14,16,8854.25,0,1.72665278560963,-0.2989588281865198,0
12542.0,120,2,481.88,0,-0.4178464088978935,0.17889985341975076,0
12543.0,84,1,980.25,0,-0.34139207839437635,-0.16467330751790965,0
12547.0,136,1,175.78,0,-0.5785882111378617,0.30521326024309037,0
12549.0,211,6,1575.68,1,-0.31610106993468734,1.1602648115872634,0
12553.0,21,2,916.47,0,-0.046482217420425714,-0.7572985521745498,0
12554.0,84,1,468.5,0,-0.3788151217690695,-0.18408285152927012,0
12555.0,318,1,129.23,1,-1.2062774362800783,2.0548418874146765,0
12557.0,7,4,6725.18,0,0.5932671455993733,-0.6396184438254422,0
12562.0,21,2,1185.18,0,-0.026832103135689414,-0.7471069770474513,0
12563.0,44,1,249.24,0,-0.25764355243247417,-0.5773206923145411,0
12567.0,3,7,4308.58,0,0.6806932808812011,-0.7216300606439934,0
12568.0,280,1,70.0,1,-1.0802635351870877,1.6869197198062202,0
12570.0,318,1,77.52,1,-1.210058863877353,2.0528806416485263,0
12573.0,17,4,556.87,0,0.10789212956979242,-0.7773383311146106,0
12575.0,93,2,622.8199999999999,0,-0.3149260776333946,-0.07557681592727926,0
12576.0,28,3,826.89,0,0.006431284117944335,-0.6772891930834869,0
12577.0,17,5,990.5,0,0.22307768341159648,-0.744846089655505,0
12578.0,21,2,1847.94,0,0.021633937366531655,-0.7219699582121425,0
12580.0,212,1,637.2,1,-0.8055361755988115,1.0540653086288094,0
12582.0,58,2,1469.04,0,-0.13298921593221533,-0.38028813594368677,0
12583.0,9,13,7166.06,0,1.3699244996353146,-0.4592402080515582,0
12586.0,10,3,1865.73,0,0.14414163404196637,-0.811103100421264,0
12588.0,35,3,743.88,0,-0.023650003762353475,-0.6130762644621777,0
12589.0,57,6,4048.98,0,0.39300666334763684,-0.22787730691618235,0
12591.0,26,2,886.1,0,-0.06585379282752227,-0.7103351946784748,0
12592.0,155,3,2145.06,1,-0.3328016625396101,0.5948327733172702,0
12594.0,14,5,1751.89,0,0.28904671228786993,-0.7448373879756517,0
12595.0,140,1,299.02,1,-0.5832965195781872,0.3483796599385534,0
12598.0,99,3,1511.01,0,-0.18708047585480533,0.03189414870934229,0
12599.0,17,6,1264.14,0,0.32656355438184764,-0.7184219145303076,0
12600.0,7,12,2444.88,0,0.9480610302756821,-0.6735958141340251,0
12601.0,40,1,104.2,0,-0.25452942541973694,-0.6213139177246063,0
12605.0,12,4,1232.95,0,0.17448292009652383,-0.79981133851088,0
12606.0,318,1,21.0,1,-1.2141920351749351,2.0507369632361723,0
12608.0,40,1,415.79,0,-0.2317436001434875,-0.6094959991735563,0
12609.0,10,6,2309.01,0,0.42698334446123165,-0.746153623800826,0
12613.0,24,5,3472.99,0,0.38060522362660937,-0.5833294284281474,0
12615.0,49,4,3449.79,0,0.20967997316695325,-0.35967884741575357,0
12616.0,24,1,417.8,0,-0.1767144039412046,-0.7633884821775813,0
12619.0,196,1,140.14,1,-0.7870027649500374,0.881244205928156,0
12621.0,1,16,11086.14,0,1.9344573143531643,-0.3394077672136082,0
12623.0,52,6,3442.74,0,0.36582448468973405,-0.2989858716678943,0
12625.0,145,2,2481.06,1,-0.357404649411117,0.4953004444267635,0
12629.0,21,2,1558.22,0,0.00044741244906003856,-0.7329583961036351,0
12631.0,92,5,2841.07,0,0.10114504651569495,0.047070296499306705,0
12632.0,156,2,804.88,1,-0.5177111697742554,0.5375801431655401,0
12633.0,18,3,3514.18,0,0.23724770230057968,-0.6715966841908518,0
12634.0,171,2,490.0,1,-0.5921896564566199,0.6699831151878696,0
12635.0,28,2,1241.23,0,-0.04674426857009601,-0.677619810633822,0
12636.0,374,1,141.0,1,-1.3975044586878025,2.594178809927071,0
12637.0,14,4,2280.91,0,0.24425743144000506,-0.7408184471337586,0
12638.0,275,1,249.8,1,-1.0499645042421692,1.6456239112336772,0
12639.0,70,2,826.27,0,-0.22115509325405777,-0.28919043996635946,0
12643.0,21,6,4960.18,0,0.5831254938537912,-0.5397471243242657,0
12644.0,66,3,1440.58,0,-0.07903629429887157,-0.28833758576318064,0
12645.0,45,4,1764.12,0,0.10013154362990344,-0.46210475634359555,0
12647.0,3,27,14201.53,3,3.0736456102474365,-0.025500058947441107,0
12648.0,73,3,793.95,0,-0.15033375356528478,-0.24550151536499398,0
12649.0,18,5,1671.14,0,0.2694211070854464,-0.7094078771573308,0
12651.0,14,3,263.75,0,0.013272147505132477,-0.8333704740902939,0
12652.0,70,1,97.05,0,-0.3579564309573675,-0.3328937554153392,0
12653.0,162,1,1950.98,1,-0.5379557070150758,0.6227418308150934,0
12655.0,59,1,261.35,0,-0.3082100489768986,-0.43251571385102977,0
12656.0,61,3,2356.66,0,0.005105117449015347,-0.30170792474181146,0
12661.0,72,1,162.0,0,-0.36006707030808677,-0.31118425604331296,0
12662.0,9,10,3138.24,0,0.824954023415712,-0.6601433473793379,0
12663.0,260,2,239.4,1,-0.915797721846947,1.5169294053003282,0
12664.0,150,2,1188.16,1,-0.46910199902798655,0.49437883543400046,0
12665.0,53,2,250.6,0,-0.20494010422174908,-0.47461609071739175,0
12666.0,30,1,1248.42,0,-0.13655399510263702,-0.6741466361453272,0
12668.0,14,6,7575.88,0,0.7984162936532909,-0.5079007309677879,0
12670.0,21,2,764.24,0,-0.057614430205827835,-0.7630722988962878,0
12671.0,242,1,2622.481,1,-0.7632615070102412,1.4180539656798428,0
12672.0,231,1,211.15,1,-0.901864808723381,1.2207440282475244,0
12673.0,37,1,619.5,0,-0.2065563647781058,-0.6306388646734891,0
12675.0,189,2,957.25,1,-0.6197632767349328,0.8609196803469851,0
12676.0,44,5,1511.7,0,0.1685780535444973,-0.46525591669991173,0
12677.0,191,2,395.1,1,-0.6677322267847632,0.8588446656994234,0
12678.0,11,9,16652.72,0,1.7228998406927638,-0.14436858084549084,0
12681.0,3,24,17080.74,0,3.0337695810826593,0.03556515106095337,0
12682.0,1,23,11745.69,0,2.5670152790187317,-0.20207318444457928,0
12683.0,1,8,4220.21,0,0.7645665097856862,-0.7281822127247541,0
12686.0,7,1,89.14,0,-0.1424361692929057,-0.9394455907376098,0
12687.0,116,2,2138.91,0,-0.2829512486184571,0.20325515165707655,0
12691.0,56,1,134.6,0,-0.30718855648127963,-0.46619219520634936,0
12692.0,273,1,110.95,1,-1.0532579936757973,1.6211115485447198,0
12693.0,32,3,847.11,0,-0.00581062848156226,-0.638030113806295,0
12694.0,57,1,973.68,0,-0.24925879769793016,-0.4247447044411308,0
12695.0,164,3,825.02,1,-0.46020424734362764,0.6313739837006184,0
12696.0,70,2,851.91,0,-0.219280101886931,-0.2882179715570751,0
12698.0,226,1,339.75,1,-0.8753099103056424,1.1775063170792188,0
12699.0,53,1,638.11,0,-0.2600776701071378,-0.47596431074124873,0
12701.0,165,4,1648.7,1,-0.31992541574737204,0.6882830025933917,0
12703.0,269,3,722.98,1,-0.8278306879476152,1.6379235434156176,0
12705.0,19,5,4893.81,0,0.5016570543543549,-0.577556097168783,0
12708.0,4,9,2601.19,0,0.7193563049260945,-0.7446733046995013,0
12709.0,2,20,21107.94,0,2.9977981925846082,0.11450241817242984,0
12711.0,247,2,1339.05,1,-0.7907911738177508,1.4335371109016273,0
12712.0,1,10,2797.53,0,0.8274798276394069,-0.7500500819577391,0
12714.0,24,7,9384.85,0,0.979875763861223,-0.3270144409281891,0
12717.0,226,1,277.93,1,-0.8798306578218584,1.1751616214059755,0
12720.0,5,6,2478.94,0,0.45656060610843013,-0.7878237796120442,0
12721.0,21,2,1356.95,0,-0.014270977272531543,-0.7405921214053772,0
12724.0,19,3,1286.11,0,0.07088417825698214,-0.7464793994137997,0
12725.0,7,4,2266.76,0,0.26723364282927176,-0.8087164393528085,0
12726.0,23,4,1405.5,0,0.1493695662758309,-0.687413405673183,0
12727.0,78,3,1698.8300000000002,0,-0.10131275190119078,-0.1630661968789338,0
12728.0,19,1,233.84,0,-0.17301626456048416,-0.8184809018484582,0
12730.0,157,1,829.25,1,-0.602834426228368,0.532081872135846,0
12731.0,78,5,6879.8,0,0.44450956523204616,0.06552775178865856,0
12733.0,25,3,2040.92,0,0.10550078461731721,-0.6601128587679674,0
12734.0,10,2,529.25,0,-0.03706716300617223,-0.8778384426339737,0
12737.0,134,2,3710.5,0,-0.22976714789939115,0.43607688698425423,0
12738.0,8,1,155.35,0,-0.14102452977286664,-0.9273113472221424,0
12739.0,21,2,1713.69,0,0.01181655862094777,-0.7270617633582591,0
12741.0,165,2,406.07,1,-0.5777464262967514,0.6090615669921429,0
12742.0,261,1,1201.52,1,-0.9323455822588155,1.546997914723303,0
12744.0,95,4,4037.77,0,0.09489117957704316,0.10528199547632443,0
12745.0,122,3,925.41,0,-0.30879716814941127,0.23101366968258688,0
12746.0,176,1,254.55,1,-0.710033475371791,0.6931226265033861,0
12747.0,5,16,5061.03,0,1.4801349976416232,-0.5294346648747609,0
12748.0,1,144,22457.9,3,13.450877121609446,2.145736752237627,-1
12749.0,35,4,2806.48,0,0.21065819779039124,-0.5188007989519027,0
12751.0,80,1,268.27,0,-0.37973690636131385,-0.23016931139754143,0
12755.0,1,10,5218.709999999999,0,1.0045348821737294,-0.6582200872934975,0
12758.0,95,5,7111.650000000001,0,0.4031518487486637,0.2379130714757222,0
12759.0,22,5,3489.3,0,0.38865821081245827,-0.6019569159851016,0
12760.0,91,1,347.8,0,-0.41165258845697295,-0.12129942112738093,0
12761.0,93,2,782.95,0,-0.30321615689946274,-0.06950343970346068,0
12763.0,5,1,320.08,0,-0.11868780780415435,-0.9499326377842399,0
12765.0,108,6,1404.58,0,0.024691024949162244,0.1626017463887928,0
12766.0,2,3,3078.65,0,0.2602806534649275,-0.8420840902759332,0
12767.0,11,1,949.82,0,-0.09321726892769397,-0.8683097252175495,0
12768.0,86,1,168.69000000000003,0,-0.40759978027240834,-0.17620789104065146,0
12770.0,92,1,1895.0,0,-0.3019397217606041,-0.05299450719591988,0
12771.0,121,1,282.3,0,-0.519346588778997,0.16490765492284767,0
12773.0,200,1,124.25,1,-0.8018853147674436,0.9191337128863439,0
12774.0,171,1,98.7,1,-0.7042797194805427,0.639096356870925,0
12775.0,24,2,300.08,0,-0.10184774597558441,-0.7518077250187464,0
12776.0,303,1,55.5,1,-1.1602170617341854,1.9076997988349371,0
12777.0,93,1,519.45,0,-0.4059605141231201,-0.09554302708801288,0
12778.0,32,3,953.45,0,0.00196575927117808,-0.6339968731415797,0
12779.0,7,7,2740.91,0,0.5523328019031083,-0.7425961320071518,0
12780.0,234,1,337.4,1,-0.9029228650132108,1.2544015457103075,0
12782.0,10,6,2287.32,0,0.4253972070683697,-0.74697627745907,0
12784.0,165,1,1230.33,1,-0.6009455179390581,0.6242783070991343,0
12785.0,171,2,788.45,1,-0.5703647276922288,0.6813026626430538,0
12786.0,245,1,728.5,1,-0.912054184384389,1.3750885959758163,0
12787.0,49,1,398.52,0,-0.26387775657965157,-0.5235436082300129,0
12788.0,99,4,444.9,0,-0.181567291472234,0.007504573782326379,0
12789.0,148,2,181.5,1,-0.5358563409696606,0.4369523615804143,0
12790.0,46,1,266.93,0,-0.26321020161199266,-0.5574036600650881,0
12791.0,9,6,863.51,0,0.3247075535073274,-0.8106012819903127,0
12792.0,170,1,426.47,1,-0.6768805517142865,0.6419049021187127,0
12793.0,7,2,471.85,0,-0.03097427225352354,-0.9088846320944465,0
12796.0,264,1,381.0,1,-1.0026386454384513,1.5447465431120542,0
12797.0,1,2,552.08,0,-0.004526417178384731,-0.9635799550925085,0
12798.0,57,1,1533.89,0,-0.208291991388332,-0.4034971799651088,0
12799.0,165,1,219.35,1,-0.6748760472814075,0.5859340749455336,0
12800.0,106,3,584.25,0,-0.2788631664657282,0.06410550867489107,0
12801.0,136,1,1071.82,0,-0.5130629668086775,0.33919807278034375,0
12802.0,78,6,1988.84,0,0.17032069304071404,-0.10392991187671016,0
12803.0,29,1,1092.81,0,-0.14450324102755652,-0.6896716236463651,0
12804.0,101,2,325.37,0,-0.36411898368414214,-0.009874076671378665,0
12805.0,17,4,1434.95,0,0.1721040024109269,-0.7440347015972771,0
12806.0,71,4,2878.96,0,0.09247351346267979,-0.1696221779227249,0
12807.0,19,1,330.35,0,-0.165958721001927,-0.8148204913110153,0
12808.0,4,3,422.45,0,0.05917887688109395,-0.9235817832566448,0
12809.0,201,2,1266.63,1,-0.6383007207412617,0.9881303168820396,0
12810.0,170,2,534.99,1,-0.5854695081441902,0.6620664413725748,0
12811.0,14,2,519.05,0,-0.05153361684546028,-0.8397331265787176,0
12813.0,137,3,1687.8,0,-0.3044974976529665,0.40427510673103906,0
12817.0,35,2,524.94,0,-0.12313579564594963,-0.637425789743855,0
12819.0,94,1,540.52,0,-0.40784985394442674,-0.08512084379076296,0
12820.0,33,7,1747.18,0,0.3904801326180013,-0.5300869433586979,0
12821.0,247,1,128.07999999999998,1,-0.9628217272431093,1.371562084993492,0
12823.0,30,13,4742.0,0,1.1206259373500462,-0.34909549255603184,0
12825.0,157,2,518.63,1,-0.5420740800692516,0.5363463595540039,0
12826.0,1,6,1481.03,0,0.3973064067841384,-0.8641644750777401,0
12829.0,186,1,92.3,1,-0.7561998076866486,0.783199292032726,0
12831.0,99,2,236.06,0,-0.36378973238737017,-0.032507496887795216,0
12835.0,63,41,5996.83,3,3.436500726409231,0.4653351590527612,-1
12836.0,25,11,3949.37,0,0.9128630321370695,-0.45936464920296555,0
12837.0,205,1,528.5600000000001,1,-0.7894697900394907,0.9825835199981652,0
12838.0,9,9,2694.75,0,0.7090474315520722,-0.6930095567992681,0
12839.0,3,13,4480.31,0,1.1941029076884042,-0.6188430260072028,0
12840.0,73,3,1315.2,0,-0.11221599810058756,-0.22573165739543533,0
12841.0,5,17,3472.61,0,1.4474529113157706,-0.5736343012235132,0
12842.0,40,2,799.0,0,-0.12024513930989458,-0.5789160766378562,0
12843.0,18,22,4881.1,0,1.923236781283014,-0.3148857318821467,0
12844.0,78,2,322.64,0,-0.28542544548554644,-0.23130765143691187,0
12846.0,318,1,15.58,1,-1.2145883867041796,2.050531394641074,0
12847.0,23,1,765.36,0,-0.1478680412000872,-0.7598293460631891,0
12848.0,311,1,208.0,1,-1.1765062093746874,1.9904681449846562,0
12849.0,17,4,2032.18,0,0.2157779920438883,-0.7213830905178344,0
12850.0,81,1,330.0,0,-0.37865287843740303,-0.21820498435920327,0
12851.0,113,1,148.95,0,-0.5016570478202237,0.08286562585728598,0
12853.0,63,5,1950.4,0,0.13548650250740382,-0.2657791449388931,0
12854.0,197,4,1654.72,1,-0.42924960716418614,0.9964487635635793,0
12855.0,8,4,612.84,0,0.1428563236778679,-0.8618229167758099,0
12857.0,72,4,2581.6,0,0.06729815566032082,-0.17127733922642763,0
12858.0,19,1,147.27,0,-0.17934691989013182,-0.8217643102022706,0
12859.0,94,1,575.1,0,-0.4053211019368119,-0.08380930098292154,0
12860.0,329,1,54.22,1,-1.2494942558903932,2.1578504177795796,0
12861.0,255,1,68.25,1,-0.9946380557331443,1.4462772245385562,0
12862.0,61,2,984.62,0,-0.1787040966433911,-0.36979197899173444,0
12863.0,15,5,2271.35,0,0.32360343125994545,-0.7155123758756232,0
12864.0,144,1,152.45,1,-0.6077353826505126,0.381312763943337,0
12865.0,14,2,1755.24,0,0.038865976685290925,-0.7928471779487152,0
12866.0,110,2,668.23,0,-0.3699177017020781,0.08973724751068217,0
12867.0,33,6,3819.92,0,0.4585793725681459,-0.46751812214315075,0
12868.0,9,3,640.0,0,0.057937093195451136,-0.867215369285149,0
12869.0,317,1,337.67,1,-1.1876045836401574,2.0531245100696442,0
12870.0,11,3,1676.95,0,0.12690646979041187,-0.8086400628216868,0
12871.0,75,1,363.38,0,-0.35563105087981056,-0.2746772240879585,0
12872.0,1,11,3062.52,0,0.9303331449698122,-0.7239539821734274,0
12873.0,33,2,1653.3,0,-0.03376127375599232,-0.6138756839098303,0
12874.0,21,2,948.42,0,-0.04414579097035937,-0.7560867594414517,0
12875.0,107,3,1013.76,0,-0.2508842740721649,0.0900189165075588,0
12876.0,30,2,1863.77,0,-0.008079695892881404,-0.6347621575826663,0
12877.0,37,8,1406.37,0,0.43531220444528423,-0.48847531630890295,0
12880.0,17,2,640.13,0,-0.05296974276742897,-0.8062716957647648,0
12887.0,19,1,222.4,0,-0.1738528441720259,-0.8189147957096989,0
12889.0,17,4,385.46,0,0.09535732963846628,-0.7838395327540582,0
12890.0,23,1,329.3,0,-0.17975605740715844,-0.7763681360223368,0
12891.0,94,8,509.5,0,0.17420839198491786,0.026021948440063284,0
12892.0,32,1,263.38,0,-0.21544787102002763,-0.6922609318226187,0
12894.0,211,1,157.35,1,-0.8371963107935122,1.0262426160955422,0
12897.0,17,2,297.75,0,-0.07800716649117583,-0.8192574108182276,0
12898.0,99,2,296.21000000000004,0,-0.35939110794381807,-0.03022614061562456,0
12899.0,49,1,366.4,0,-0.26622661471974957,-0.5247618486865735,0
12900.0,58,1,340.33,0,-0.2990042939340227,-0.4391432222516766,0
12903.0,64,1,833.53,0,-0.28351859598063145,-0.36269896945892105,0
12905.0,212,2,1018.42,1,-0.6941832386661773,1.0845697548722133,0
12907.0,31,2,508.91,0,-0.11058747845095707,-0.6765259516015888,0
12908.0,16,3,1026.0,0,0.0621533755607123,-0.7852139301865204,0
12909.0,60,3,924.52,0,-0.09619368892357791,-0.3656488677227163,0
12910.0,15,5,2721.48,0,0.35652035263610693,-0.6984399419804914,0
12911.0,187,1,1651.72,1,-0.6455933218597693,0.8519676834977851,0
12913.0,4,9,4217.2300000000005,0,0.8375334129187455,-0.6833804869093324,0
12914.0,36,1,223.98,0,-0.23204965044122294,-0.6552631070915088,0
12915.0,8,3,811.1,0,0.07387936168371383,-0.8703489701248257,0
12916.0,78,3,1534.78,0,-0.11330933278173483,-0.16928825002024048,0
12917.0,36,5,3765.2,0,0.36081217892708367,-0.4567700119628048,0
12918.0,262,1,10953.5,1,-0.22263694063364373,1.9264919610700648,0
12920.0,207,3,323.86,1,-0.6443488082588683,1.0261570241604971,0
12921.0,2,39,19333.95,3,4.454100097818127,0.35208561106594755,0
12923.0,26,2,597.6,0,-0.08695110208711969,-0.7212773606721777,0
12924.0,29,8,1535.7,0,0.4722109003306123,-0.5605544747913594,0
12925.0,228,1,35.28,1,-0.9044353433710254,1.1852045340893949,0
12926.0,47,4,1523.97,0,0.0757096770517902,-0.4519670241974923,0
12927.0,30,1,197.31,0,-0.21341913456834047,-0.7140129103139273,0
12928.0,14,7,2242.19,0,0.49185164424011624,-0.6941501629187445,0
12931.0,16,42,50291.38,3,6.920346076937881,1.7090918387072567,-1
12932.0,175,8,1698.56,1,-0.01667970458376125,0.8505869946854164,0
12933.0,16,5,1029.1,0,0.22933054643401288,-0.7530051220174195,0
12934.0,372,1,181.65,1,-1.3876715459997746,2.5764744846588057,0
12935.0,11,8,2083.16,0,0.5739878158560869,-0.7130053371585501,0
12937.0,99,5,1593.34,0,-0.014109406150870791,0.06710797528981619,0
12939.0,15,12,13683.0,0,1.7424365393921237,-0.1703744552178814,0
12941.0,360,1,377.49,1,-1.332188581771145,2.468425723698582,0
12942.0,1,1,258.75,0,-0.10945217036465489,-0.9907509283058029,0
12943.0,194,2,496.5,1,-0.6706075036468667,0.8915596777031299,0
12945.0,292,1,437.16,1,-1.0945756671344233,1.8163218237628211,0
12946.0,72,1,324.45,0,-0.3481874935690171,-0.3050228873581239,0
12947.0,9,1,304.04,0,-0.1335813267598238,-0.912048819993813,0
12948.0,366,2,252.48,1,-1.2784358525812005,2.537468256498739,0
12949.0,18,14,11359.48,0,1.7291831861641953,-0.19754005575921854,0
12951.0,22,9,2149.65,0,0.6245937876820086,-0.5885844091880612,0
12953.0,158,1,498.96,1,-0.6304178755174463,0.5291777488696732,0
12954.0,274,1,162.45,1,-1.0529220609814383,1.632687874341756,0
12956.0,320,3,413.82,1,-1.0253758567607092,2.1169730775356186,0
12957.0,177,5,4689.43,1,-0.055250583444090326,0.93513331090662,0
12958.0,36,2,467.34,0,-0.13077808284837422,-0.6299873852983369,0
12959.0,120,1,150.95,0,-0.5255217594088113,0.1503027954876929,0
12960.0,49,4,1322.07,0,0.05408494073079863,-0.44037855427232786,0
12961.0,15,1,211.99,0,-0.1608935499301046,-0.8578018034153196,0
12963.0,1,5,1744.96,0,0.3331317335216231,-0.8701998107809794,0
12964.0,73,1,132.24,0,-0.3656734854488573,-0.3026899420613487,0
12967.0,7,2,2646.02,0,0.1280175366648089,-0.8264231796212084,0
12969.0,238,1,122.45,1,-0.9323621925817971,1.2847411477717654,0
12970.0,16,6,1048.13,0,0.3141974021162706,-0.7362377402497843,0
12971.0,2,33,4782.88,3,2.8891640137183794,-0.29607794058953557,0
12972.0,49,4,1161.2,0,0.04232090558143491,-0.4464799970571008,0
12973.0,49,1,385.55,0,-0.2648262214014782,-0.5240355316024161,0
12974.0,201,1,264.15,1,-0.7950849032566255,0.934062854883877,0
12975.0,72,6,2100.09,0,0.1990369659086873,-0.15744871498179247,0
12976.0,14,7,2417.78,0,0.5046921174910443,-0.6874904231376898,0
12977.0,137,3,474.64,0,-0.39321296282237106,0.3582626349912793,0
12978.0,21,5,2502.82,0,0.3199494454957824,-0.6489949622701532,0
12979.0,365,1,517.7,1,-1.3390860531453053,2.5218588027724937,0
12980.0,22,12,8870.880000000001,0,1.3665268418319136,-0.2855261942654826,0
12982.0,30,7,2354.27,0,0.44516557460084016,-0.5359304989156848,0
12983.0,234,1,490.08,1,-0.891757744813019,1.2601923599353284,0
12986.0,64,10,2729.84,0,0.6064311202902811,-0.1463655871870248,0
12987.0,56,3,753.51,0,-0.09497868538214653,-0.41062707771114015,0
12989.0,60,18,6627.64,0,1.5729902882736966,0.09134208215092633,0
12990.0,53,4,546.0,0,-0.01638773925284946,-0.43132099097130855,0
12991.0,25,1,261.06,0,-0.19160656025973483,-0.7597102383442492,0
12992.0,361,1,93.35,1,-1.3563971928545717,2.4672719677135504,0
12993.0,81,4,844.87,0,-0.09057596396304383,-0.15054025760535378,0
12996.0,11,1,355.5,0,-0.13667845727834885,-0.8908509664424283,0
12997.0,30,4,884.02,0,0.08722402470036605,-0.6398306729730486,0
12998.0,128,3,920.08,0,-0.32976776685178116,0.2885497837826536,0
13000.0,361,1,497.65,1,-1.3268317088557668,2.482606171218764,0
13001.0,40,20,14256.68,0,2.3664368229808543,0.2203250063083584,0
13002.0,52,2,293.18,0,-0.19839619339741515,-0.48262417049471373,0
13004.0,22,18,5994.94,0,1.65706771123462,-0.29833053236362705,0
13005.0,67,2,485.98,0,-0.23574926598996201,-0.33096602054627294,0
13007.0,215,1,175.25,1,-0.8496078793981565,1.0654137029113633,0
13008.0,33,2,382.66,0,-0.12668011270786353,-0.6620682447356145,0
13009.0,308,1,234.0,1,-1.1643144777476873,1.9625851327993127,0
13010.0,10,2,330.12,0,-0.05162905968854184,-0.8853910024756585,0
13011.0,8,1,50.55,0,-0.1486883010394379,-0.9312861790978445,0
13012.0,65,3,1310.99,0,-0.08508276037306413,-0.30287569229660605,0
13013.0,7,18,7814.83,0,1.8416039497671985,-0.37365180857249763,0
13014.0,68,1,1914.8,0,-0.21816848088552507,-0.2831966138294987,0
13015.0,74,6,3240.14,0,0.27554579686990277,-0.09496305387725305,0
13018.0,49,7,2485.46,0,0.38958655884825694,-0.34811690034261616,0
13019.0,15,6,1229.95,0,0.33092359835241164,-0.738964755233473,0
13020.0,198,2,618.96,1,-0.6753728516061609,0.9346964937262358,0
13021.0,10,8,2270.86,0,0.5911440023121463,-0.7155093367660066,0
13022.0,65,1,65.3,0,-0.34312754134301343,-0.38221318692017975,0
13023.0,164,1,759.13,1,-0.631973099493913,0.5967836899067527,0
13024.0,106,2,555.87,0,-0.36441376509972684,0.04698350211681873,0
13025.0,367,1,323.39,1,-1.3601557510701778,2.533735144586366,0
13026.0,124,4,757.72,0,-0.24444497199590698,0.25994526515280214,0
13027.0,21,13,10327.2,0,1.5599293871858297,-0.22386863115531702,0
13029.0,10,2,679.8,0,-0.026057804569318194,-0.8721284145911592,0
13030.0,4,1,402.36,0,-0.10924073171948759,-0.9564349844941443,0
13031.0,43,5,3292.84,0,0.3022586644948821,-0.40732426645986036,0
13032.0,28,7,1805.78,0,0.4119160998462363,-0.5759795994821483,0
13033.0,65,1,30.0,0,-0.34570894521429174,-0.38355203773327406,0
13034.0,5,2,279.91,0,-0.038150105356448236,-0.9354105808929556,0
13035.0,67,1,442.32,0,-0.3224172541750409,-0.3486675636602683,0
13036.0,320,1,307.1,1,-1.2001305083462437,2.080834192277202,0
13037.0,35,9,3033.88,0,0.6446635997704211,-0.42994794053775737,0
13039.0,220,4,1010.73,1,-0.5552362193467224,1.193353681166383,0
13041.0,86,4,799.13,0,-0.11107151040417855,-0.10415985016585833,0
13042.0,234,3,1488.59,1,-0.6517886411490915,1.3301548646444357,0
13044.0,128,10,4287.58,0,0.5008160508797368,0.52859091214145,0
13045.0,37,2,503.64,0,-0.13155368949802165,-0.6189875618344176,0
13046.0,92,1,319.94,0,-0.4171200611797427,-0.11273304435377704,0
13047.0,9,17,5557.62,0,1.5862041120130548,-0.4560623106044222,0
13048.0,72,5,2229.72,0,0.12504125752116693,-0.16857775222040206,0
13049.0,25,2,751.5600000000001,0,-0.07226224046440116,-0.7250610437480141,0
13050.0,2,19,6477.67,0,1.8444465918548634,-0.45643693397244106,0
13051.0,214,2,155.8,1,-0.7641248352090101,1.071098578643619,0
13052.0,56,6,2771.18,0,0.302994368972015,-0.28596447554884413,0
13053.0,257,1,127.65,1,-0.9971545531996028,1.4677762247034245,0
13055.0,65,1,1106.7,0,-0.2669724707608826,-0.3427151915446433,0
13056.0,187,1,209.48,1,-0.7510608549847667,0.7972667147533893,0
13057.0,166,3,709.59,1,-0.47550564109381366,0.6462420692010877,0
13059.0,49,9,2108.37,0,0.5289613518795945,-0.33032785678060683,0
13063.0,116,1,188.4,0,-0.5090625787850379,0.11323101157568957,0
13064.0,186,2,561.25,1,-0.6384313874217978,0.8170311428606274,0
13065.0,9,5,1055.05,0,0.255239174118981,-0.8193822100550223,0
13067.0,45,2,393.05,0,-0.16708197437633113,-0.5461976366596839,0
13069.0,5,16,5185.51,0,1.4892379198483292,-0.5247134141888123,0
13070.0,95,3,522.9,0,-0.24561802481256648,-0.04407485446263335,0
13071.0,248,1,129.22,1,-0.9661684999016561,1.381228367534227,0
13073.0,47,2,418.08,0,-0.17211186705683595,-0.5260022144677915,0
13074.0,147,4,1378.74,1,-0.27792445354938494,0.5048292101514258,0
13076.0,93,1,135.4,0,-0.43404516445639013,-0.11010919294548818,0
13077.0,2,8,2326.35,0,0.622642957068432,-0.7903890828982898,0
13078.0,2,32,16904.510000000002,3,3.6921143456812646,0.1476230207731927,0
13079.0,53,1,199.08,0,-0.2921828752518208,-0.4926157462220648,0
13080.0,37,3,222.65,0,-0.06862657289397675,-0.613599274144532,0
13081.0,7,19,30867.77,3,3.610885095666903,0.5167407610773374,-1
13082.0,60,12,3722.12,0,0.8596651915157317,-0.11513155204193086,0
13083.0,61,1,91.68,0,-0.3274778831230658,-0.4197048314129466,0
13084.0,127,1,122.4,0,-0.5516205188236752,0.21658127128410454,0
13085.0,315,6,2017.2,1,-0.640548140466947,2.17780735329106,0
13086.0,18,1,439.33,0,-0.1545591383064067,-0.8203101661594574,0
13087.0,362,1,313.64,1,-1.343718054510551,2.4852501243531417,0
13088.0,53,1,236.11,0,-0.28947496065257333,-0.49121128034079325,0
13089.0,4,109,57885.45,3,13.109684683851965,2.9566978282963072,-1
13090.0,1,13,5189.32,0,1.2528113753738133,-0.6111979368437477,0
13091.0,365,2,1976.0,1,-1.1489688532756617,2.5932145077628563,0
13092.0,50,7,1662.45,0,0.32597168419214617,-0.36970880187020083,0
13093.0,9,48,47111.18,3,7.212648113052897,1.6173862786623912,-1
13094.0,4,2,505.8,0,-0.018201176298572565,-0.9364661183884556,0
13096.0,30,1,419.7000000000001,0,-0.19715629017928718,-0.7055781501914331,0
13097.0,24,18,7320.88,0,1.7471702296075047,-0.22879447529177577,0
13101.0,134,3,594.21,0,-0.37417868274677274,0.3339285256552627,0
13102.0,1,14,5272.83,0,1.3423934979574879,-0.5919849714945736,0
13103.0,73,2,465.7000000000001,0,-0.2578131221392331,-0.27399692683305493,0
13104.0,51,3,610.62,0,-0.08827719594495585,-0.46416180324904877,0
13105.0,72,1,72.0,0,-0.36664855326602014,-0.3145977566999274,0
13106.0,49,1,526.96,0,-0.2544852491227965,-0.5186721635151733,0
13107.0,49,5,3721.45,0,0.31302105151212983,-0.3333297693050017,0
13108.0,8,2,748.46,0,-0.014176588129604763,-0.888770382599516,0
13109.0,187,1,347.49,1,-0.740968516506718,0.8025011283713822,0
13110.0,73,5,1468.8000000000002,0,0.06596687483014597,-0.18781471757277354,0
13111.0,354,1,321.88000000000005,1,-1.3156743783071803,2.408578290376136,0
13112.0,177,1,20.6,1,-0.7305718127923437,0.6938724660511937,0
13113.0,2,14,6357.08,0,1.418251947594132,-0.5412387256628866,0
13114.0,366,1,234.38,1,-1.3632346996062266,2.520736147571222,0
13115.0,15,6,3199.92,0,0.47498275371507753,-0.6642481564722424,0
13117.0,1,12,1658.9,0,0.9111650369842494,-0.7611445638405983,0
13118.0,12,4,1217.6,0,0.17336041161425408,-0.8003935300117582,0
13119.0,304,1,134.9,1,-1.157840869322867,1.9203343098355241,0
13123.0,108,2,506.75,0,-0.3748660684616844,0.06436657904551155,0
13124.0,21,1,885.33,0,-0.13223464819846764,-0.774525239419425,0
13125.0,159,1,148.62,1,-0.6594675329543754,0.5255131735127768,0
13126.0,2,7,1898.61,0,0.5078881247224305,-0.8226579297033126,0
13128.0,267,1,263.5,1,-1.021521551406017,1.5691591629631727,0
13129.0,88,2,233.25,0,-0.326263701708015,-0.1384675674871173,0
13131.0,54,4,2240.47,0,0.10409462739035104,-0.35743045213207403,0
13133.0,95,1,90.65,0,-0.44417790025694587,-0.09256037159602419,0
13134.0,38,2,681.65,0,-0.12196638559246097,-0.6026129919477335,0
13135.0,127,1,275.45,0,-0.5404283414157676,0.22238611878960277,0
13136.0,11,8,3666.95,0,0.6898065591221451,-0.6529356904370013,0
13137.0,22,8,3983.65,0,0.6752345471724087,-0.5350704673809602,0
13138.0,8,2,504.85,0,-0.03199119994496187,-0.8980099703212698,0
13139.0,73,1,3138.04,0,-0.1458665801715682,-0.188686605687441,0
13140.0,2,3,790.71,0,0.09296911881188318,-0.9288605868569827,0
13141.0,21,12,5267.33,0,1.1064380586850313,-0.43182390903282264,0
13143.0,220,1,405.1,1,-0.8499501937462153,1.1222466286392632,0
13144.0,67,1,24.4,0,-0.35297873592814644,-0.3645183435981828,0
13145.0,8,4,805.0,0,0.15690852106893977,-0.8545347135960873,0
13148.0,25,14,4814.56,0,1.226558003387242,-0.3784130607821697,0
13150.0,120,3,449.97,0,-0.336704672569826,0.19373519381574217,0
13151.0,261,2,1207.34,1,-0.8484447420196054,1.5632642704501172,0
13152.0,53,7,2146.38,0,0.35106990372891206,-0.32248527424233076,0
13154.0,35,3,1624.84,0,0.04077247653343486,-0.5796634029238326,0
13155.0,4,3,778.42,0,0.08521010453148872,-0.9100806296040331,0
13156.0,21,3,1586.54,0,0.08599362342775338,-0.7158386652126673,0
13157.0,45,5,3946.14,0,0.34317264179194146,-0.36329995473984406,0
13158.0,24,1,307.12,0,-0.18480816542769418,-0.7675863294295155,0
13161.0,136,1,359.38,0,-0.5651619859036777,0.3121768015825838,0
13162.0,16,12,7587.2,0,1.2932352477831097,-0.3919516026031336,0
13163.0,246,1,17.65,1,-0.9674670687231461,1.3577506748220747,0
13164.0,205,2,372.2,1,-0.7174287820904764,0.9926987475417602,0
13165.0,49,1,429.68,0,-0.2615991009244382,-0.5223617784471227,0
13166.0,50,1,458.73,0,-0.26290488259014144,-0.5116369314249863,0
13167.0,26,1,333.82,0,-0.18971593503553505,-0.7473275678365504,0
13168.0,178,1,541.14,1,-0.695936116024773,0.7232384401591015,0
13169.0,198,1,127.2,1,-0.7948093121629057,0.8999995101208079,0
13172.0,36,1,69.6,0,-0.24333908754173128,-0.6611183985511548,0
13173.0,3,10,2212.11,0,0.7778091986070087,-0.7530076761639611,0
13174.0,5,10,6621.6,0,1.0934042922569527,-0.566519397428738,0
13175.0,218,2,831.45,1,-0.728436732529425,1.1352166660915306,0
13177.0,66,1,229.75,0,-0.33453184753644805,-0.3663529177990923,0
13178.0,33,10,8333.72,0,1.122563631883417,-0.2321372218076681,0
13179.0,254,1,572.3100000000001,1,-0.9543472254040654,1.4557720590169503,0
13180.0,243,1,86.10000000000001,1,-0.9521710709676543,1.3314776971131013,0
13181.0,17,1,359.69,0,-0.15695288133894622,-0.8329537798284619,0
13183.0,30,6,3078.4,0,0.4146442175298906,-0.5245114679281022,0
13187.0,260,3,105.34,1,-0.8421259686761339,1.527890422451062,0
13190.0,180,3,570.66,1,-0.5336871904840713,0.775695390141347,0
13191.0,294,1,164.69,1,-1.1213610173703188,1.825233729895349,0
13192.0,171,4,1646.64,1,-0.34065688723560367,0.7459431405506487,0
13194.0,57,1,412.08,0,-0.2903272513554342,-0.44604494853840493,0
13195.0,50,1,136.73,0,-0.28645196606185847,-0.5238496782186514,0
13196.0,79,3,1271.06,0,-0.13602467850959515,-0.16966752063407087,0
13197.0,245,1,373.0100000000001,1,-0.9380503107923414,1.36160564766004,0
13198.0,23,2,1572.99,0,-0.005332769288649136,-0.7131521129865968,0
13199.0,2,30,6615.77,0,2.7727731262364372,-0.27469733065923924,0
13201.0,138,4,1233.06,0,-0.25770643764650125,0.41269648663015646,0
13202.0,30,7,1580.3,0,0.38856701499026614,-0.5652854667290168,0
13203.0,22,6,1778.79,0,0.34704797721622693,-0.6507871556134769,0
13204.0,367,1,966.66,1,-1.3131149672662914,2.5581329508905926,0
13205.0,79,1,2803.2,0,-0.19093345053470048,-0.14364807604694121,0
13206.0,36,13,8308.19,0,1.360831983246766,-0.15609953551028047,0
13207.0,87,2,285.6,0,-0.31900533434480316,-0.14610509280427134,0
13208.0,85,3,758.65,0,-0.19407681474872987,-0.13136382778907132,0
13209.0,150,5,2617.9,1,-0.11412284773446663,0.5967425549180372,0
13211.0,17,7,1523.35,0,0.4289941942511768,-0.6925450373437207,0
13213.0,19,6,2330.94,0,0.39771578949118963,-0.6587144636824015,0
13214.0,53,7,3264.23,0,0.43281557844586516,-0.28008769969792574,0
13215.0,38,1,81.6,0,-0.24932183269936792,-0.64141717539877,0
13217.0,291,1,132.5,1,-1.1134245801135647,1.7951436998965793,0
13219.0,254,1,76.23,1,-0.9906243594681938,1.4369568433976914,0
13220.0,211,1,516.8,1,-0.8109105991354106,1.0398757584402096,0
13222.0,213,1,88.5,1,-0.8490914214750256,1.0428773778247349,0
13223.0,59,4,805.9200000000001,0,-0.01796124512642139,-0.36372453188049747,0
13225.0,57,9,9796.23,0,1.0637149089267872,0.0382400039005146,0
13226.0,29,1,204.25,0,-0.2094814909953481,-0.7233727363512688,0
13230.0,1,17,3457.83,0,1.46009263799629,-0.6126870533499051,0
13233.0,56,2,571.34,0,-0.1917755758394848,-0.4335819983356651,0
13234.0,308,2,346.5,1,-1.0726123863756734,1.9828976246377674,0
13237.0,23,1,643.0,0,-0.1568159329193397,-0.7644701898447818,0
13238.0,66,2,305.9,0,-0.24548794400355517,-0.3474191009480591,0
13239.0,73,4,1265.13,0,-0.032402258778254145,-0.21158508557637862,0
13240.0,1,5,1036.21,0,0.2813025552278981,-0.8970811284518182,0
13241.0,47,1,112.53,0,-0.27793123937361663,-0.5536366652146841,0
13242.0,87,4,429.0,0,-0.14156836281596874,-0.10857501638935918,0
13243.0,85,4,635.26,0,-0.1196247902094595,-0.11999812117160316,0
13245.0,68,1,558.72,0,-0.31733534099212773,-0.33462972461196216,0
13246.0,29,5,1390.23,0,0.21114731701914846,-0.6142086777390604,0
13249.0,37,6,897.52,0,0.23115075572781943,-0.5398661017789235,0
13250.0,96,2,253.09,0,-0.35225395522851066,-0.06073072130524787,0
13251.0,38,1,252.68,0,-0.23681116487222087,-0.6349284899283967,0
13252.0,30,2,399.3,0,-0.11517285530848842,-0.6903062609892459,0
13253.0,66,2,1920.71,0,-0.12740078294466264,-0.2861729343335306,0
13254.0,12,1,51.41,0,-0.16234596375078436,-0.8927613817396757,0
13255.0,9,2,504.95,0,-0.035414025295466944,-0.888383132677011,0
13257.0,72,1,149.75,0,-0.3609628832662499,-0.31164887141046327,0
13258.0,15,2,336.6,0,-0.06830588346230683,-0.8370300060996251,0
13259.0,33,8,1119.36,0,0.42804440772982383,-0.5378531493658522,0
13262.0,25,2,373.16,0,-0.09993371992308976,-0.7394129176198241,0
13263.0,29,4,1239.27,0,0.11663273859644462,-0.6359798721914415,0
13264.0,78,1,722.5600000000001,0,-0.33965549799862454,-0.23218518764800677,0
13266.0,49,7,2300.78,0,0.37608135581857777,-0.35512140368998896,0
13267.0,2,18,5236.77,0,1.67022732970805,-0.5195471384878262,0
13269.0,5,14,3545.47,0,1.2023552743843688,-0.6190077308561183,0
13270.0,2,1,590.0,0,-0.08865879480938638,-0.9685643046344568,0
13274.0,45,1,360.85,0,-0.2529119203980999,-0.563464527356737,0
13275.0,19,2,238.86,0,-0.08917392639201133,-0.8022448883497028,0
13276.0,33,3,1300.98,0,0.02394965196594832,-0.611192785129237,0
13277.0,16,3,264.9,0,0.006495968013122741,-0.8140807674059566,0
13278.0,35,3,893.12,0,-0.01273644246633158,-0.6074159218178095,0
13280.0,15,4,1494.87,0,0.18334608372783653,-0.7610081584471762,0
13281.0,75,1,350.85,0,-0.3565473395627317,-0.2751524592349294,0
13282.0,42,1,181.05,0,-0.2557698464682405,-0.5991530777102054,0
13283.0,203,2,279.7,1,-0.717332807800769,0.9699443376909593,0
13285.0,236,2,655.47,1,-0.8030482115080876,1.3017569420578228,0
13286.0,236,1,734.91,1,-0.8807141935584821,1.2887243092863747,0
13287.0,239,3,781.59,1,-0.720640536709815,1.3514551449262326,0
13288.0,79,5,927.61,0,0.005810126596241022,-0.15060258638218915,0
13289.0,359,1,307.95,1,-1.3338437361606277,2.45616518065882,0
13290.0,74,1,208.63,0,-0.36351740707868757,-0.2901695936938331,0
13291.0,50,10,2909.68,0,0.6676043193228616,-0.27426728243992743,0
13292.0,51,3,415.57,0,-0.10254073206656582,-0.4715596177276337,0
13293.0,28,6,1192.94,0,0.2836253508834186,-0.6152688793042748,0
13294.0,282,1,815.79,1,-1.0325859872369254,1.734451972367684,0
13295.0,12,3,900.77,0,0.06671616010007911,-0.8284558061742798,0
13296.0,59,5,705.11,0,0.05814200035940605,-0.35150241587606984,0
13297.0,21,3,2278.77,0,0.13661473396075552,-0.6895839145512426,0
13299.0,59,2,1076.2,0,-0.16514679587705736,-0.38556464216620673,0
13300.0,24,2,913.62,0,-0.05698104537546866,-0.728537511764755,0
13302.0,162,1,95.45,1,-0.6736461411587874,0.5523656877776735,0
13303.0,36,1,61.72,0,-0.24391533293849252,-0.661417269497534,0
13304.0,91,3,917.57,0,-0.20303620705287143,-0.06759807499068321,0
13305.0,8,7,1751.75,0,0.4765677784307683,-0.7704897350246975,0
13306.0,66,1,53.65,0,-0.3474096158574709,-0.37303200075053455,0
13307.0,123,2,258.34,0,-0.4444837643416732,0.1992906109416762,0
13308.0,232,1,284.86,1,-0.8999047122901809,1.233162730151043,0
13309.0,28,1,249.58,0,-0.20273647930285513,-0.7312765147196387,0
13310.0,16,2,409.17,0,-0.06642915247990712,-0.8246545418710902,0
13312.0,87,1,124.75,0,-0.4142431446169955,-0.16825139305102937,0
13313.0,115,7,1890.0,0,0.11965288982988416,0.2644195818971147,0
13315.0,325,1,310.26,1,-1.217050115713568,2.1290692684067913,0
13316.0,28,6,7207.89,0,0.7234841388592088,-0.387135148476463,0
13317.0,21,13,4212.411,0,1.1127696139096275,-0.45578903411708116,0
13319.0,1,34,11236.95,3,3.4480399641057544,-0.0448667896283162,0
13320.0,70,2,679.4,0,-0.23189534216552077,-0.2947608937601035,0
13324.0,64,8,3391.52,0,0.48786770764781295,-0.15336076239496857,0
13326.0,68,1,281.76,0,-0.33758875788134124,-0.34513420396591704,0
13327.0,1,14,6251.71,0,1.4139766317115077,-0.554858221241832,0
13329.0,2,7,4323.97,0,0.6852488525763549,-0.7306693968974637,0
13330.0,91,3,1655.17,0,-0.14909729783318668,-0.03962254072047417,0
13331.0,37,1,262.4,0,-0.23267022660341682,-0.6441828767232337,0
13333.0,47,3,1015.74,0,-0.04493119488625633,-0.4872886784230806,0
13334.0,172,2,2699.48,1,-0.4340458505004723,0.7634068426178041,0
13337.0,182,1,1575.26,1,-0.6340339667237396,0.8009525007223087,0
13338.0,177,3,1958.6,1,-0.42190007108231864,0.7994677455589978,0
13340.0,53,5,11364.08,0,0.8581876001724081,-0.004969561805760012,0
13346.0,98,6,299.4,0,-0.02182674212901832,0.024454268223754745,0
13357.0,130,4,3196.11,0,-0.08671222032093415,0.41016626619266716,0
13359.0,39,1,603.75,0,-0.2145684005144386,-0.6119901375568938,0
13360.0,67,4,1553.65,0,0.0092773416891951,-0.25838043022148266,0
13361.0,108,2,1450.5,0,-0.3058519068889113,0.10016092620862134,0
13362.0,14,3,2303.33,0,0.1624217142978177,-0.7560137222100973,0
13363.0,45,1,731.36,0,-0.22581741761205673,-0.5494119037091568,0
13367.0,67,1,510.2000000000001,0,-0.31745335347299075,-0.3460930256094795,0
13368.0,50,2,498.1,0,-0.17655061175939069,-0.49409809850895625,0
13369.0,1,1,308.28000000000003,0,-0.10583016091013893,-0.9888723651111128,0
13370.0,7,1,754.87,0,-0.09375293985307284,-0.9141959263806327,0
13371.0,141,2,2297.66,0,-0.3570956966902277,0.44985230918127905,0
13373.0,51,3,4274.94,0,0.1796856888596472,-0.32518226184854393,0
13374.0,50,2,422.8,0,-0.18205711916752826,-0.4969540607249903,0
13375.0,80,1,1013.58,0,-0.32523418343489946,-0.20190135390441577,0
13377.0,32,2,1552.88,0,-0.03767460807593025,-0.627307436952662,0
13380.0,68,1,62.4,0,-0.3536300256774774,-0.3534540428996386,0
13381.0,15,6,4585.06,0,0.5762747015412085,-0.6117128642555432,0
13382.0,64,4,1164.59,0,-0.0088832635340248,-0.30200574887943044,0
13383.0,179,1,305.28000000000003,1,-0.7166141271392108,0.7239158376374187,0
13384.0,26,4,2528.9,0,0.22123068478048152,-0.6159361973243659,0
13386.0,50,2,835.46,0,-0.1518802885295197,-0.48130278093656237,0
13387.0,53,1,186.94,0,-0.2930706441752576,-0.493076189532857,0
13388.0,239,1,508.55,1,-0.9075577688016104,1.309008110454393,0
13392.0,313,1,91.14,1,-1.191912175576316,2.00528199375247,0
13393.0,219,4,1131.45,1,-0.5429781187631338,1.1883092785147036,0
13394.0,15,11,4101.68,0,0.9583024762230178,-0.5498183169159357,0
13395.0,36,2,872.51,0,-0.10114897784764257,-0.6146201846201094,0
13397.0,73,5,1647.74,0,0.07905232550228587,-0.18102791971172255,0
13398.0,84,1,213.0,0,-0.39749922061075804,-0.1937734006155478,0
13399.0,100,3,275.4,0,-0.28086779349361934,-0.00534675693956599,0
13400.0,218,1,310.83,1,-0.8499836552880138,1.099425086608882,0
13402.0,8,3,913.9,0,0.08139687777344214,-0.8664499938192706,0
13403.0,23,2,154.5,0,-0.10906352218863642,-0.766952296835497,0
13405.0,117,3,641.36,0,-0.31241836909379694,0.1721250580037039,0
13406.0,63,2,568.92,0,-0.2159635113688954,-0.366312469515283,0
13407.0,214,3,2244.7,1,-0.5278933780807804,1.1663715449013266,0
13408.0,7,46,23616.422,3,5.334442920836088,0.6749448251177655,-1
13410.0,29,4,1198.9,0,0.11368057785186941,-0.6375110168748584,0
13412.0,256,1,487.35,1,-0.9674204215350488,1.471795804128609,0
13413.0,275,6,429.44,1,-0.6194516758851492,1.7326653386327124,0
13414.0,99,3,1103.64,0,-0.21687046155006423,0.01644350690395312,0
13415.0,108,4,784.17,0,-0.18762853753260303,0.10697973721597334,0
13416.0,372,1,228.3,1,-1.3842601439999125,2.578243815832484,0
13417.0,183,4,1028.66,1,-0.4270099316404776,0.8379810663199481,0
13418.0,8,15,6055.47,0,1.4590903446688426,-0.4788942397067079,0
13421.0,42,6,2225.04,0,0.3110784013623684,-0.4414009842094019,0
13423.0,64,1,217.03,0,-0.3286017542424748,-0.38608144895672997,0
13424.0,85,1,572.77,0,-0.3746202462337089,-0.1705050765139055,0
13425.0,144,2,1766.22,1,-0.4062490366089815,0.4585651016790757,0
13426.0,18,12,4526.06,0,1.0625211855438814,-0.4888077728715057,0
13427.0,113,3,423.93,0,-0.31459794820689074,0.12538624023216846,0
13428.0,150,2,276.76,1,-0.5357504831153247,0.4598114521180182,0
13431.0,42,6,2047.14,0,0.29806900338218684,-0.4481483371739764,0
13432.0,207,2,439.1,1,-0.7193968226437738,1.01448220609468,0
13433.0,137,4,658.3199999999999,0,-0.2963056497065163,0.3812748265712652,0
13434.0,21,3,1132.62,0,0.0527995484914745,-0.7330548454132275,0
13435.0,12,2,637.44,0,-0.03601576543354658,-0.8544889458353696,0
13438.0,183,1,46.5,1,-0.7492586369083108,0.7525930648791057,0
13439.0,24,2,702.9,0,-0.0723904908076432,-0.7365296546354416,0
13440.0,59,7,1295.25,0,0.2682479907396531,-0.29702848075742505,0
13441.0,67,1,424.26,0,-0.3237379384219329,-0.3493525394586956,0
13442.0,303,3,419.87,1,-0.9666210869918562,1.9536107779175393,0
13443.0,84,6,1273.16,0,0.09740391190314478,-0.07333579990359973,0
13444.0,10,2,619.08,0,-0.030498111738270543,-0.8744313897008217,0
13445.0,262,1,241.9,1,-1.0059504167691848,1.5202246984768284,0
13446.0,66,11,3881.89,0,0.7672927199871514,-0.06737917664391688,0
13448.0,9,9,5655.2,0,0.925538000694447,-0.5807262454784433,0
13450.0,10,7,2076.32,0,0.4934425235860341,-0.7389334240918908,0
13451.0,17,6,4191.8,0,0.5406562698998822,-0.6073822552820426,0
13452.0,108,1,139.8,0,-0.4851754747075441,0.03440336229510642,0
13453.0,38,1,424.71,0,-0.2242310258360734,-0.6284037730622035,0
13454.0,277,1,219.87,1,-1.0590134891823186,1.6637348223579305,0
13455.0,2,5,1847.59,0,0.3372066798119725,-0.8566842373331354,0
13457.0,324,2,148.22,1,-1.1419943343574406,2.129346021265418,0
13458.0,15,2,2312.7,0,0.07620154401738276,-0.762080910015894,0
13459.0,260,2,1160.41,1,-0.8484464816348783,1.5518612746308666,0
13461.0,43,3,2715.0,0,0.09305214345221922,-0.46133168982210115,0
13462.0,46,4,1002.35,0,0.040995002488724244,-0.48137396031327956,0
13464.0,30,5,2422.96,0,0.2832382333003178,-0.5654164713943596,0
13465.0,82,2,931.12,0,-0.2546493229202323,-0.16973717331238666,0
13466.0,44,4,705.45,0,0.026143697705080862,-0.5118808094331028,0
13468.0,4,38,7670.54,3,3.5108475378538446,-0.08708122292427482,-1
13469.0,289,1,82.4,1,-1.1102279960747863,1.7739974281328943,0
13472.0,99,2,592.24,0,-0.3377431479434069,-0.01899837840031819,0
13473.0,210,6,2235.12,1,-0.2644476749166783,1.1756528653103766,0
13474.0,79,2,419.75,0,-0.2817541634832836,-0.21800143936267344,0
13476.0,42,3,823.0,0,-0.04187511573187649,-0.5427141040469029,0
13477.0,91,5,1364.59,0,-0.003396237127506815,-0.018552364471756864,0
13478.0,105,5,2215.78,0,0.010827301330112775,0.14845401502547018,0
13479.0,88,2,550.42,0,-0.30306982448837366,-0.12643801189535725,0
13480.0,52,2,627.82,0,-0.17392477720805058,-0.46993201649771976,0
13481.0,10,6,2026.28,0,0.40630798138682617,-0.7568769464746549,0
13482.0,263,1,151.45,1,-1.015994945251255,1.526417175182682,0
13484.0,19,2,476.92,0,-0.07176517269239345,-0.7932157998351068,0
13485.0,12,10,2564.98,0,0.7727424877491719,-0.6530166948533147,0
13487.0,141,2,271.47,1,-0.5052660850739492,0.37300341034321666,0
13488.0,3,11,6619.57,0,1.1835913571457486,-0.5697968645462536,0
13490.0,290,1,154.25,1,-1.1084039169560502,1.7863455843561762,0
13491.0,8,18,3350.74,0,1.5117256754614,-0.5333418097754793,0
13495.0,4,6,3329.39,0,0.5221821017908264,-0.7651911396620429,0
13497.0,4,5,972.28,0,0.2663370941720711,-0.8706367171543125,0
13498.0,366,1,327.38,1,-1.3564338338830286,2.524263431583057,0
13500.0,37,1,299.53,0,-0.22995499924532722,-0.6427746180634549,0
13501.0,122,2,1544.79,0,-0.34697864010751106,0.23845976518372092,0
13502.0,51,2,488.5,0,-0.18068277471758415,-0.48483916037991037,0
13503.0,115,5,1642.39,0,-0.06540470768835285,0.22293705099969371,0
13506.0,5,4,1180.68,0,0.19467150781516362,-0.8691551378969314,0
13508.0,278,1,176.07999999999998,1,-1.0656458843886425,1.6716970095153134,0
13509.0,143,1,135.0,1,-0.6055813209591203,0.37102787922805314,0
13510.0,11,7,2766.73,0,0.540500403798762,-0.7031246571335484,0
13511.0,312,1,282.76,1,-1.1744693289736448,2.0029266710625016,0
13512.0,23,3,462.18,0,-0.003088388108517988,-0.7392370599063979,0
13513.0,77,2,619.49,0,-0.2602873827532824,-0.2296718333035966,0
13514.0,64,3,663.7,0,-0.12898737897305762,-0.3370490131625793,0
13515.0,85,2,374.7,0,-0.3056293899977547,-0.16197181688572584,0
13516.0,53,1,295.85,0,-0.28510631852027407,-0.48894547446050274,0
13519.0,78,1,220.46,0,-0.3763728601450504,-0.251228728533408,0
13520.0,7,6,3285.05,0,0.5086492101921762,-0.7380037230549473,0
13523.0,2,2,1136.64,0,0.034790907799929285,-0.9317858441841955,0
13526.0,374,2,1182.0,1,-1.2379034014664432,2.649707250206265,0
13527.0,54,5,2298.93,0,0.19184490388406786,-0.33916757779899104,0
13530.0,270,1,402.98,1,-1.0216121297010303,1.603318465022478,0
13531.0,2,5,1254.72,0,0.2938515264645288,-0.8791704832696576,0
13534.0,15,10,1850.82,0,0.7102272748740448,-0.6512340672441467,0
13535.0,38,1,89.5,0,-0.2487441247508382,-0.6411175458966895,0
13537.0,61,2,717.85,0,-0.19821234340658972,-0.3799099742157904,0
13538.0,32,5,1822.28,0,0.23245167726860783,-0.568952843600803,0
13539.0,56,4,938.02,0,0.001989323632098018,-0.3875834060695432,0
13540.0,103,3,632.39,0,-0.2650523900310764,0.03706221765107482,0
13541.0,63,2,785.25,0,-0.20014382016567633,-0.3581075517703341,0
13542.0,12,17,3959.49,0,1.459046304800991,-0.48780670716667074,0
13543.0,270,2,1439.61,1,-0.862330640041073,1.6586811608809005,0
13544.0,47,4,514.14,0,0.0018632444361255402,-0.4902676393982585,0
13545.0,26,2,364.93,0,-0.10396569808514576,-0.7301020184252276,0
13546.0,18,2,465.15,0,-0.06919574629876703,-0.8032852547311733,0
13547.0,44,1,167.08,0,-0.2636517150971831,-0.5804368391361794,0
13548.0,107,1,223.28,0,-0.4756406455167716,0.02794652892729027,0
13549.0,23,1,87.6,0,-0.19743099552863053,-0.7855352816746003,0
13550.0,19,1,342.55,0,-0.1650665644231849,-0.8143577723331187,0
13551.0,302,1,152.39999999999998,1,-1.1497008603067966,1.9017519563428071,0
13552.0,64,10,3208.85,0,0.641459966420055,-0.12819779885897054,0
13553.0,310,1,499.6,1,-1.151752066481636,1.9919048422463355,0
13554.0,16,7,1629.35,0,0.4401758567332011,-0.6981477369916818,0
13555.0,14,9,4792.96,0,0.8453337783071726,-0.5653138745514555,0
13556.0,65,2,200.82,0,-0.24974205288553722,-0.3610275974693333,0
13557.0,51,11,2448.2,0,0.713902499383366,-0.2661015358122054,0
13559.0,148,2,990.0,1,-0.4767326857308929,0.4676169758123341,0
13561.0,33,10,1661.54,0,0.6346431989693766,-0.48519823081933205,0
13562.0,37,5,3038.85,0,0.30426581696779337,-0.47469581378518555,0
13564.0,4,35,15310.35,3,3.819102706128372,0.1545430007049943,0
13565.0,47,1,174.57999999999998,0,-0.2733936725120637,-0.5512832461508739,0
13566.0,70,3,831.76,0,-0.13727838511902687,-0.27293660040861945,0
13567.0,64,4,1079.29,0,-0.015121046826377162,-0.30524098894619944,0
13569.0,3,3,497.74,0,0.06811479112269452,-0.9303492451842128,0
13571.0,18,14,2448.32,0,1.0775315453262264,-0.5355206169947336,0
13573.0,15,4,614.27,0,0.11894992936387991,-0.7944073659828949,0
13574.0,47,1,404.45,0,-0.25658383376161775,-0.5425647861960299,0
13576.0,9,11,4834.400000000001,0,1.0324653514672892,-0.5797661394313939,0
13577.0,18,7,1801.68,0,0.4459176578271805,-0.6723655520584638,0
13578.0,45,1,147.66,0,-0.2685019909736755,-0.5715503518565551,0
13579.0,5,4,1072.0,0,0.18672400150551702,-0.8732771295787187,0
13580.0,42,1,107.75,0,-0.26113009869953513,-0.6019331843560926,0
13581.0,50,1,162.53,0,-0.28456527428058426,-0.5228711413637552,0
13582.0,25,2,241.68,0,-0.10954853524874614,-0.7443996628012871,0
13583.0,315,1,664.001,1,-1.1568805083642923,2.04625543236896,0
13584.0,134,2,243.3,0,-0.4833151224743518,0.30457367057743645,0
13585.0,166,3,684.54,1,-0.47733748718377184,0.6452919781849967,0
13586.0,177,1,127.28,1,-0.7227705616595401,0.697918602162834,0
13587.0,85,3,961.1,0,-0.17927213447280096,-0.12368534770094253,0
13589.0,85,4,741.09,0,-0.11188569752681411,-0.11598422367727532,0
13590.0,11,12,4354.12,0,1.0739585947561223,-0.5626903902973022,0
13591.0,71,4,976.81,0,-0.04662612885324123,-0.24176651430027116,0
13593.0,23,9,3481.41,0,0.7185520467288535,-0.5284506572728337,0
13594.0,121,1,136.35000000000002,0,-0.5300195603091121,0.15937209469137126,0
13595.0,152,3,784.48,1,-0.42200718246606767,0.5143598529047219,0
13597.0,36,2,396.71,0,-0.13594308441858344,-0.6326662247580778,0
13598.0,131,4,601.92,0,-0.27984921703740445,0.3213974302986117,0
13599.0,2,14,5013.96,0,1.3200328210334717,-0.5921802923507976,0
13600.0,270,1,298.9,1,-1.0292232491039381,1.599370941152029,0
13601.0,28,2,466.67,0,-0.10338597345783872,-0.7069971558403474,0
13602.0,17,3,596.28,0,0.027298850154886034,-0.7918892131225509,0
13604.0,294,1,717.62,1,-1.080926579904429,1.8462051400960358,0
13605.0,23,2,522.67,0,-0.08214013795949958,-0.7529884242049888,0
13607.0,38,1,400.3,0,-0.2260160702694418,-0.6293295902958476,0
13608.0,176,1,232.05,1,-0.7116788461112743,0.6922692513392324,0
13609.0,229,1,167.35,1,-0.8982075208775475,1.1998367015298026,0
13610.0,23,7,1021.38,0,0.3717055100351624,-0.6538453784225539,0
13611.0,10,7,2143.53,0,0.4983574288038418,-0.7363842976571012,0
13612.0,268,1,818.29,1,-0.9843812347350104,1.5998241637098478,0
13613.0,88,5,1039.85,0,-0.016853275863457015,-0.05973816799377749,0
13614.0,29,2,747.28,0,-0.08629577898023404,-0.6867311952051229,0
13615.0,35,7,5854.84,0,0.6840031262546896,-0.3550464079922074,0
13616.0,204,2,283.85,1,-0.720459466418167,0.9797247828647655,0
13617.0,44,5,734.57,0,0.11174841075451139,-0.494730736314076,0
13619.0,180,2,224.94,1,-0.6424440980277429,0.7465373802680522,0
13620.0,164,1,112.34,1,-0.679271292409043,0.5722523777990677,0
13622.0,332,1,658.95,1,-1.2155622236723123,2.2096556218443273,0
13623.0,16,5,1805.32,0,0.28609364311853525,-0.7235648166876721,0
13624.0,24,1,462.08,0,-0.17347631432590138,-0.7617090398545269,0
13625.0,232,1,301.26,1,-0.8987054198400686,1.2337847458262483,0
13626.0,15,1,449.81,0,-0.1435023468517079,-0.8487818175691414,0
13627.0,124,2,607.43,0,-0.42238579260896547,0.22215386629873363,0
13628.0,312,1,310.14,1,-1.1724670956026646,2.0039651338178137,0
13629.0,49,8,5578.5,0,0.6992483526140332,-0.21475912798121027,0
13632.0,30,3,1526.88,0,0.0507595885184027,-0.631494033078389,0
13634.0,10,11,3486.41,0,0.9304599554416689,-0.6212693695668615,0
13635.0,78,3,1928.13,0,-0.08454459587614507,-0.15436935576158167,0
13639.0,72,1,312.93,0,-0.3490299233876326,-0.30545981544217055,0
13640.0,247,1,405.0,1,-0.9425712354574327,1.3820650472360438,0
13641.0,276,5,1016.47,1,-0.6634289634380311,1.7485075151524703,0
13642.0,68,3,159.92,0,-0.1795481479054205,-0.31766409326389833,0
13643.0,18,7,1637.33,0,0.43389913867011004,-0.6785989835352925,0
13646.0,35,2,326.25,0,-0.13766551618941378,-0.6449616613601075,0
13647.0,130,4,1393.56,0,-0.2185283548300756,0.34179953720844086,0
13648.0,36,8,1764.02,0,0.46489642455357433,-0.4845334888431194,0
13649.0,2,5,1304.88,0,0.2975196062997503,-0.8772680255703712,0
13650.0,10,4,1451.66,0,0.19733693117888051,-0.810762242368959,0
13651.0,17,1,132.65,0,-0.1735557690141594,-0.8415649041515479,0
13652.0,4,3,1475.77,0,0.13620562831720884,-0.8836316886830322,0
13653.0,123,1,152.2,0,-0.5357207642513262,0.17921933981628893,0
13654.0,16,5,3600.67,0,0.41738325899104206,-0.655471167755975,0
13655.0,10,4,1347.54,0,0.18972288667243584,-0.8147112833508112,0
13656.0,135,2,699.2,0,-0.4534063930223456,0.33148799265819373,0
13658.0,19,4,3386.33,0,0.30794343968614296,-0.65077709062906,0
13659.0,52,10,3321.68,0,0.6908726095338176,-0.23939494525814517,0
13660.0,36,1,306.64,0,-0.2260049239823033,-0.6521279963773339,0
13661.0,239,1,325.24,1,-0.9209627870351521,1.3020555681725707,0
13662.0,21,8,1352.35,0,0.4862440618683116,-0.6444928931105959,0
13663.0,16,4,1858.04,0,0.20647369190551873,-0.737610879876284,0
13665.0,22,3,1711.66,0,0.09171320918170192,-0.7014700958785203,0
13666.0,56,2,43.25,0,-0.23039352400898494,-0.45361128235512643,0
13668.0,19,14,6638.650000000001,0,1.3805301348070655,-0.36696763650196873,0
13669.0,43,1,195.0,0,-0.25817985471910815,-0.5890009402426788,0
13671.0,30,1,172.6,0,-0.21522611727823526,-0.7149501058830934,0
13672.0,366,1,233.53000000000003,1,-1.3632968580563847,2.52070390895391,0
13674.0,68,1,240.68,0,-0.3405928392136957,-0.34669227737673614,0
13676.0,175,2,243.9,1,-0.6239069084045354,0.6991412667442884,0
13677.0,40,2,551.24,0,-0.13836323061720082,-0.588313064667665,0
13679.0,129,3,281.26,0,-0.3799132709965392,0.2739438009877557,0
13680.0,107,8,7700.55,0,0.6554807412816984,0.4238621305475794,0
13683.0,93,1,258.6,0,-0.4250358455628636,-0.10543648982443375,0
13684.0,26,3,529.75,0,-0.008437571286920197,-0.7078051448717277,0
13686.0,16,2,337.04,0,-0.07170384543274859,-0.8273902730084414,0
13687.0,74,1,11880.84,0,0.4900431617704128,0.15253147851885207,0
13688.0,271,1,375.5,1,-1.0270518139402,1.61189925435441,0
13689.0,80,1,349.5,0,-0.3737967523538369,-0.22708843741602155,0
13691.0,32,1,212.78,0,-0.21914812699415462,-0.6941800777473375,0
13692.0,44,2,1626.08,0,-0.0734833259156446,-0.5090545846962653,0
13693.0,10,9,2011.82,0,0.6556762694820426,-0.7092885341937578,0
13694.0,9,94,131443.19,2,17.219505564120624,5.554010965571705,-1
13695.0,213,1,266.6,1,-0.8360673979771598,1.0496323163463241,0
13696.0,57,3,2020.4,0,-0.005764212996203061,-0.3529537012136302,0
13698.0,232,2,451.73,1,-0.8042266739356912,1.2555373556639435,0
13699.0,186,1,455.57,1,-0.729634748640777,0.796977318516374,0
13700.0,53,3,348.34,0,-0.11431737605483651,-0.4548634129866219,0
13701.0,82,1,161.0,0,-0.3944415789899806,-0.2149917351708723,0
13702.0,81,1,135.18,0,-0.392899595213676,-0.22559407544722132,0
13703.0,51,1,326.06,0,-0.27603685785536664,-0.5070457658049354,0
13705.0,9,5,1323.47,0,0.27486808140307506,-0.8092016339855951,0
13706.0,262,1,300.38,1,-1.0016739153982965,1.5224427153479263,0
13707.0,65,3,2559.45,0,0.006214108667618649,-0.255524369743752,0
13709.0,82,5,1263.7,0,0.020097163460775027,-0.10898630249958438,0
13710.0,59,2,329.04,0,-0.21978480484205148,-0.41390276606171833,0
13711.0,42,7,1540.2,0,0.344472941382398,-0.4513298325214468,0
13712.0,246,1,537.58,1,-0.9294458416751653,1.3774704681153362,0
13713.0,44,3,740.76,0,-0.0547494048223536,-0.5265871953598442,0
13714.0,101,1,161.35,0,-0.4595886084116305,-0.0321406079968197,0
13715.0,8,13,7348.3,0,1.3866814094585926,-0.46195129336551616,0
13717.0,93,2,318.29,0,-0.33719562213538834,-0.08712696431571033,0
13719.0,29,6,1741.4,0,0.3203027699197171,-0.5848439614371149,0
13721.0,31,1,217.4,0,-0.21538013942630013,-0.7036278962460495,0
13722.0,56,7,3260.0,0,0.42221583441880056,-0.2513789996315323,0
13723.0,28,5,994.23,0,0.18561893011358901,-0.6388511254939153,0
13724.0,273,1,213.01,1,-1.045794592001501,1.6249824582893206,0
13727.0,247,6,740.6700000000001,1,-0.500648309479009,1.4750243469400963,0
13728.0,23,10,1839.03,0,0.6819239957317778,-0.5746968769041519,0
13729.0,71,3,724.73,0,-0.14853536901712527,-0.26737296637928404,0
13733.0,46,2,487.03,0,-0.16363958172582757,-0.5330101385527256,0
13734.0,144,4,6695.6900000000005,0,0.12118169203625284,0.6776202124006844,0
13735.0,12,9,6879.2300000000005,0,1.0047579484219513,-0.5054323641176806,0
13736.0,61,5,2022.67,0,0.14763170954131877,-0.2822841936431345,0
13738.0,32,1,434.78,0,-0.20291380236458573,-0.6857601094610218,0
13739.0,163,1,75.3,1,-0.6785498001748275,0.561224487774194,0
13740.0,51,4,1232.02,0,0.040639525174749745,-0.42454786158669316,0
13745.0,182,1,477.32,1,-0.714323671155221,0.7593100683787168,0
13746.0,49,1,176.69,0,-0.2800996495191888,-0.5319571287928659,0
13747.0,9,2,169.79999999999998,0,-0.05992273655492647,-0.9010946298443924,0
13748.0,9,5,1320.1,0,0.27462164143009465,-0.8093294506212927,0
13750.0,16,6,1954.92,0,0.3805087680209858,-0.7018452040229909,0
13752.0,163,1,404.4500000000001,1,-0.6544798544458968,0.5737084182311344,0
13753.0,234,3,1353.31,1,-0.6616813413107495,1.3250239938796935,0
13754.0,73,1,164.45000000000002,0,-0.3633180458258014,-0.3014682881041315,0
13756.0,3,10,3999.230000000001,0,0.9084969744268068,-0.6852261729034189,0
13757.0,310,1,195.55,1,-1.1739865097411877,1.9803728991947398,0
13758.0,2,10,6226.43,0,1.0747968774684775,-0.6103764548534849,0
13760.0,40,3,1076.85,0,-0.016451401192388974,-0.5523322255374994,0
13761.0,138,4,881.52,0,-0.2834137100801889,0.3993633530654204,0
13762.0,229,4,2165.76,1,-0.5016429038763837,1.3237688145515831,0
13763.0,53,2,3502.48,0,0.03286203801429817,-0.35127948499259865,0
13764.0,205,3,1400.2,1,-0.5587783835185964,1.0477341266149984,0
13765.0,289,1,352.821,1,-1.090452760486261,1.7842538977002536,0
13766.0,131,1,190.35,0,-0.5603720516278246,0.25765064374285407,0
13767.0,5,39,18320.17,3,4.369674396900156,0.34250431571139517,0
13768.0,362,2,875.97,1,-1.2191209800389022,2.5226236717512065,0
13769.0,3,11,3003.9100000000003,0,0.9191868607937348,-0.7069308399250822,0
13770.0,58,4,785.37,0,-0.016033878959135633,-0.37412699272950917,0
13771.0,169,5,3094.37,1,-0.14445236975688075,0.7976518591212817,0
13772.0,36,5,1977.39,0,0.2300739450712749,-0.5245776853950478,0
13773.0,32,2,301.54,0,-0.12918208457126693,-0.6747679915265277,0
13775.0,226,1,1049.66,1,-0.8233959040093485,1.2044316309807428,0
13776.0,64,2,623.98,0,-0.21536724445975586,-0.3546011208033851,0
13777.0,2,37,30501.26,3,5.103788071924027,0.7435457125596523,-1
13778.0,127,3,945.79,0,-0.3244575184441177,0.2799018622711418,0
13779.0,151,1,161.13,1,-0.6311116019484448,0.449003291178035,0
13780.0,43,1,372.06,0,-0.2452318839132006,-0.582285446617566,0
13781.0,228,2,650.99,1,-0.7759347182294379,1.2246026666546823,0
13782.0,89,7,877.22,0,0.1347743216714042,-0.024192086779155228,0
13783.0,123,4,1542.09,0,-0.1836557473564023,0.280071637065147,0
13784.0,70,3,447.44,0,-0.16538277990117062,-0.28751300676806457,0
13785.0,64,4,542.49,0,-0.05437593629102843,-0.32560062397365097,0
13786.0,3,6,3127.99,0,0.5108843435920872,-0.7824528404415959,0
13787.0,94,4,913.46,0,-0.13015193809472844,-0.022839207572394445,0
13788.0,141,1,3.75,1,-0.6083190407207453,0.34680376770565424,0
13789.0,24,1,239.46,0,-0.1897559780602916,-0.7701525233675881,0
13792.0,58,1,188.4,0,-0.3101145684428984,-0.44490559063789253,0
13793.0,282,1,96.0,1,-1.0852224941068236,1.7071519319496338,0
13794.0,182,1,126.03,1,-0.7400126616918032,0.7459864167602492,0
13795.0,24,4,836.3,0,0.10431520483697636,-0.6993788560712644,0
13796.0,135,1,289.7,0,-0.5668273781555393,0.2999109486529114,0
13797.0,72,3,1179.45,0,-0.11871293011945643,-0.24050339908491353,0
13798.0,8,54,38683.02,3,7.100598661579434,1.3843754888577415,-1
13799.0,80,7,2114.71,0,0.25614022405122844,-0.0638642358203201,0
13800.0,66,2,1121.24,0,-0.18586409605998444,-0.31649506066623667,0
13802.0,10,16,21659.69,0,2.676804283922995,0.14823096844199496,0
13803.0,67,2,1061.84,0,-0.19363801292156768,-0.3091249262338508,0
13804.0,71,2,572.73,0,-0.24312600013178742,-0.2891836057281417,0
13807.0,3,3,422.2,0,0.0625907330933358,-0.9332143100686645,0
13809.0,30,2,524.65,0,-0.1060063120998557,-0.6855520131302834,0
13813.0,163,4,1398.61,1,-0.3313536181170058,0.6595515530928587,0
13814.0,163,1,678.2,1,-0.6344611771155163,0.5840911493950034,0
13815.0,42,4,3448.38,0,0.23358783003270958,-0.42709363965296715,0
13818.0,65,1,61.28,0,-0.3434215142484678,-0.3823656566161752,0
13819.0,305,3,1502.0,1,-0.8943478059520129,2.0138996617106217,0
13820.0,54,3,652.75,0,-0.09548674497280053,-0.4336947710666482,0
13821.0,29,4,993.44,0,0.09865578353479182,-0.6453036595960585,0
13823.0,16,5,2445.79,0,0.3329296696748415,-0.6992732081816516,0
13824.0,15,7,1615.82,0,0.4426165785712056,-0.7082839447894775,0
13825.0,257,2,255.59,1,-0.9043233718623614,1.4886743215434137,0
13829.0,57,1,102.0,0,-0.3130026539731672,-0.45780559613399385,0
13830.0,217,1,156.85000000000002,1,-0.8578137032438062,1.083961921397514,0
13831.0,5,13,4795.09,0,1.2102617337530237,-0.5876580280902656,0
13832.0,58,1,557.6899999999999,0,-0.2831092813147295,-0.430899238888102,0
13833.0,40,1,316.56,0,-0.2390000507425511,-0.6132595732863991,0
13834.0,212,2,324.19,1,-0.7449506043760223,1.0582391486406417,0
13835.0,155,3,260.7,1,-0.47060036505751296,0.5233631722361815,0
13836.0,35,2,620.37,0,-0.11615722988288765,-0.6338063412142915,0
13838.0,5,7,1245.91,0,0.44986733343168783,-0.8185442604235278,0
13839.0,122,1,139.95000000000002,0,-0.5331864391001421,0.1691316795833873,0
13840.0,52,1,651.4,0,-0.2556756663476691,-0.4850832953433734,0
13842.0,2,10,2244.29,0,0.7835925825117592,-0.7614102049060475,0
13843.0,17,1,319.75,0,-0.1598735972205002,-0.8344686155642972,0
13846.0,35,1,442.73,0,-0.21262285236467662,-0.6565894489724334,0
13847.0,355,1,310.72,1,-1.3199206203033114,2.4177780611604676,0
13848.0,2,6,2080.0,0,0.437677500311606,-0.8318238247865181,0
13849.0,33,3,1931.35,0,0.0700470898791976,-0.5872842472524588,0
13851.0,15,5,1955.0,0,0.3004695186628098,-0.727510830683623,0
13852.0,246,1,187.35,1,-0.9550573169680208,1.3641870199490465,0
13854.0,1,15,4144.44,0,1.3433522961331694,-0.6187366888759667,0
13855.0,136,4,1310.34,0,-0.2451948613945947,0.3963814561291332,0
13856.0,99,8,753.53,0,0.17490302684067582,0.08339269016030507,0
13857.0,29,6,1001.01,0,0.26615983472833643,-0.612925314227679,0
13859.0,165,1,314.7,1,-0.6679033317254193,0.5895504892522913,0
13861.0,65,2,273.26,0,-0.2444446903802851,-0.3582801087186094,0
13862.0,25,1,346.73,0,-0.18534171975966648,-0.756460964997003,0
13863.0,101,3,933.77,0,-0.2361529212139158,0.02924680378502155,0
13864.0,22,1,662.4000000000001,0,-0.15196711959461573,-0.7733574356801075,0
13869.0,17,6,4913.22,0,0.5934119747389074,-0.5800203925743227,0
13870.0,23,7,2941.14,0,0.5120929291831857,-0.5810331337498633,0
13871.0,64,4,1482.6,0,0.014372040859890528,-0.2899443339482087,0
13872.0,163,3,919.57,1,-0.44985989574902935,0.6253370109135656,0
13873.0,19,5,649.32,0,0.19126773657526094,-0.7385402016353767,0
13874.0,140,6,1508.7,0,-0.07745935004350457,0.4744882230746903,0
13875.0,23,9,3027.58,0,0.6853645532755326,-0.5456634239727374,0
13877.0,106,2,332.44,0,-0.3807526621807384,0.03850929709784802,0
13878.0,183,3,1145.33,1,-0.5019533735739403,0.8263604849867859,0
13879.0,281,1,395.5,1,-1.0598906432652426,1.708888258713394,0
13880.0,3,5,1171.89,0,0.28436423020623025,-0.8726889968415438,0
13881.0,11,23,28019.58,3,3.7227842278617227,0.511389866442615,-1
13883.0,39,10,3885.54,0,0.7766981269626682,-0.3431085676213734,0
13884.0,12,5,1037.43,0,0.2436602516829528,-0.791181363030763,0
13888.0,40,5,1405.92,0,0.17456316967866192,-0.5077600972679917,0
13889.0,18,5,1574.3300000000002,0,0.2623416252503628,-0.7130796660302957,0
13890.0,10,4,1043.57,0,0.1674942936199581,-0.8262401921796011,0
13891.0,14,3,859.21,0,0.05681670130658785,-0.8107859951904313,0
13892.0,113,2,634.68,0,-0.3826615466216605,0.11733390491872069,0
13895.0,151,2,1415.45,1,-0.45591096756501526,0.5126224865691063,0
13896.0,261,1,388.55,1,-0.9917961178178273,1.5161637632921048,0
13897.0,74,2,849.56,0,-0.2331725041571104,-0.24981492238899217,0
13898.0,47,1,530.47,0,-0.24736829506874264,-0.5377851267210682,0
13900.0,25,3,869.64,0,0.01984790285100436,-0.7045369148688493,0
13901.0,10,10,2809.14,0,0.7974575959568552,-0.6630023365812733,0
13902.0,268,5,34095.26,1,1.7829842820373645,2.9261283938376956,-1
13903.0,36,1,165.45000000000002,0,-0.23632980819153226,-0.6574830203518605,0
13905.0,368,1,312.65,1,-1.3643712794791716,2.5429508450404277,0
13906.0,45,1,42.0,0,-0.27622865196628926,-0.5755578016274205,0
13907.0,327,1,136.8,1,-1.2365951034198526,2.141736404539446,0
13909.0,59,2,282.85,0,-0.2231625681512397,-0.41565465045426303,0
13911.0,15,11,1654.08,0,0.7793153908025996,-0.6426503636618193,0
13912.0,59,1,124.95,0,-0.3181846520375886,-0.4376890637350543,0
13913.0,142,1,42.22,1,-0.6089359605035182,0.35788589446318303,0
13915.0,30,1,70.80000000000001,0,-0.22267050577954206,-0.718811154403575,0
13916.0,99,4,1275.81,0,-0.12080484697694081,0.03901914967774312,0
13919.0,60,2,975.87,0,-0.17591382493273183,-0.37974689197687894,0
13920.0,67,4,1774.68,0,0.02544073255799515,-0.24999725188668834,0
13921.0,38,4,730.7,0,0.04857099796880668,-0.5686614020545054,0
13922.0,73,2,692.95,0,-0.2411948776704514,-0.2653778376751034,0
13927.0,73,1,359.27,0,-0.34907132904952837,-0.2940791970161134,0
13929.0,52,9,2651.45,0,0.5583850682714909,-0.2808609006656395,0
13931.0,28,9,4019.85,0,0.7407761748917798,-0.45991359634910456,0
13935.0,232,3,6116.92,1,-0.30646975361160167,1.4864510804021365,0
13936.0,18,2,563.08,0,-0.062034361564651364,-0.7995709867389261,0
13937.0,38,1,721.28,0,-0.20254357693791464,-0.6171555298429575,0
13939.0,67,4,992.41,0,-0.031764786036477186,-0.27966702031613033,0
13941.0,8,11,6009.34,0,1.1218160183165717,-0.5448263125028946,0
13942.0,170,1,320.0,1,-0.6846664460535217,0.6378667308419378,0
13943.0,213,1,246.54,1,-0.8375343374008947,1.0488714849777498,0
13944.0,289,1,200.43,1,-1.101596746813399,1.7784740446051188,0
13945.0,30,2,854.15,0,-0.08191077171497756,-0.6730548079485672,0
13946.0,12,3,1314.66,0,0.0969829376718461,-0.8127578752102115,0
13948.0,47,3,446.76,0,-0.08653933014631089,-0.5088688295741972,0
13952.0,16,12,9572.45,0,1.4384117926968558,-0.31665546728598,0
13953.0,45,5,3125.0,0,0.28312465383552615,-0.39444397617509275,0
13955.0,11,1,221.11,0,-0.14650607388631173,-0.8959480814784552,0
13957.0,53,3,458.25,0,-0.10627992281143146,-0.4506947701291942,0
13958.0,15,8,4709.2300000000005,0,0.7523054295446978,-0.5749121391475943,0
13959.0,35,3,470.73,0,-0.043624804539681136,-0.6234362389550026,0
13961.0,28,1,538.4,0,-0.18161576921496284,-0.7203222118347122,0
13962.0,71,1,193.25,0,-0.3543516950605683,-0.3196220576255177,0
13963.0,3,14,2347.33,0,1.1215984618117494,-0.683696616995577,0
13964.0,23,2,438.9,0,-0.08826603604156709,-0.7561656347605954,0
13965.0,112,3,996.61,0,-0.26928910276032947,0.13748367932230549,0
13966.0,71,1,384.26,0,-0.3403835943961811,-0.31237747139862965,0
13967.0,32,1,85.6,0,-0.22844849368959863,-0.6990037334529845,0
13968.0,59,1,123.66,0,-0.3182789866266524,-0.4377379905777991,0
13969.0,1,18,4266.88,0,1.6027317510832868,-0.5659559628185085,0
13970.0,22,2,846.55,0,-0.055025436512202916,-0.7503274180411371,0
13971.0,59,6,1909.31,0,0.22967748001115104,-0.28978416107288196,0
13974.0,218,1,264.13,1,-0.8533987136672969,1.0976538590459497,0
13975.0,29,6,2795.16,0,0.39736169749473743,-0.5448771786380701,0
13976.0,142,3,834.38,0,-0.3840567347103634,0.42002200072237506,0
13977.0,47,1,519.8100000000001,0,-0.24814783516131564,-0.5381894369099516,0
13979.0,29,6,2510.06,0,0.3765130220357731,-0.5556903901625232,0
13980.0,75,4,568.68,0,-0.09019224395308942,-0.21875380175931056,0
13981.0,51,1,331.14,0,-0.2756653697061855,-0.506853092656762,0
13982.0,1,6,2511.08,0,0.47263147923768545,-0.8250969600627878,0
13983.0,2,10,4479.82,0,0.9470715002556337,-0.6766215035406999,0
13984.0,2,8,1128.09,0,0.5350170929665076,-0.8358364306404544,0
13985.0,10,7,2960.73,0,0.5581172940618766,-0.705389711695042,0
13987.0,15,2,682.54,0,-0.04300812552377951,-0.8239092681313006,0
13988.0,19,2,609.84,0,-0.06204505363941011,-0.788174438643138,0
13989.0,100,3,759.98,0,-0.24543162669633783,0.013032289151347631,0
13992.0,16,2,142.7,0,-0.08591546096657929,-0.8347611587596242,0
13993.0,15,10,3309.35,0,0.8168860564144282,-0.5959152548809038,0
13995.0,15,9,2508.32,0,0.674833426586572,-0.642342164576011,0
13996.0,22,2,895.76,0,-0.051426827885981824,-0.7484609917376704,0
13997.0,155,3,376.46,1,-0.46213511542184227,0.5277536926362891,0
13998.0,82,3,566.7,0,-0.19782324101819154,-0.1675132007311827,0
13999.0,10,17,5600.45,0,1.5859060285157995,-0.4448148187039731,0
14000.0,50,4,1410.68,0,0.057134638231478865,-0.4273947283712141,0
14001.0,9,7,2487.01,0,0.5269054309841996,-0.7329799069058089,0
14003.0,368,1,209.41,1,-1.3719209717078054,2.5390351805094404,0
14004.0,29,4,1675.81,0,0.14855585604595814,-0.6194228768954585,0
14006.0,164,4,1234.48,1,-0.3467861873139709,0.6629495105944977,0
14007.0,148,1,79.48,1,-0.6267920552150172,0.4170373529295299,0
14008.0,68,1,509.04,0,-0.3209683195849069,-0.3365139769744133,0
14009.0,98,1,404.3,0,-0.4315318464765899,-0.05179518721046862,0
14010.0,201,2,445.15,1,-0.6983735720777403,0.9569733999998659,0
14011.0,116,2,457.82,0,-0.4058853062379254,0.13949513144787684,0
14013.0,16,2,611.5500000000001,0,-0.051629591135167685,-0.8169787167279166,0
14014.0,12,2,1443.03,0,0.02289508852291468,-0.8239347014580137,0
14016.0,32,7,7062.2,0,0.7825848657392911,-0.3381230520031281,0
14017.0,207,1,229.75,1,-0.818181320954408,0.9904964082718575,0
14018.0,281,1,367.15,1,-1.0619638103969917,1.7078130060065604,0
14020.0,112,2,606.21,0,-0.38131335095467284,0.1066310560119269,0
14021.0,10,4,1084.68,0,0.17050056877996522,-0.8246809809352298,0
14022.0,122,1,352.15000000000003,0,-0.5176687648371037,0.17717995557598268,0
14024.0,26,1,318.04,0,-0.19086988838082602,-0.7479260682850102,0
14025.0,100,8,4057.9,0,0.41311349808361936,0.21834317018935723,0
14026.0,106,2,713.11,0,-0.3529151830963331,0.05294726704177491,0
14028.0,186,3,10396.5,1,0.16427196427517485,1.2061060070223941,0
14030.0,2,14,5839.46,0,1.3803996452754046,-0.5608709057726284,0
14031.0,1,27,23632.72,3,3.770186067110923,0.3129579986283403,0
14032.0,2,6,1874.68,0,0.42266294385690745,-0.8396111576178078,0
14033.0,191,1,109.44,1,-0.7720970913678405,0.8319645985976427,0
14035.0,42,4,1366.73,0,0.08136178559513262,-0.5060460134512056,0
14037.0,114,4,689.75,0,-0.21511407308744274,0.16113686494384255,0
14038.0,33,2,1509.5,0,-0.04427702097100135,-0.6193296994033988,0
14039.0,211,1,115.08,1,-0.8402874139560882,1.0246394086204855,0
14040.0,22,23,8963.49,0,2.2915268022161936,-0.10551192589527414,0
14042.0,361,1,431.98,1,-1.3316339975874056,2.4801154535729877,0
14043.0,127,2,302.6,0,-0.4549676897155273,0.23946147417203473,0
14044.0,54,6,2431.28,0,0.28499857788624794,-0.3181022194268275,0
14045.0,9,13,9653.28,0,1.5518089001089919,-0.36490546246106287,0
14047.0,8,10,2946.42,0,0.8143568275140506,-0.6770416999778869,0
14048.0,18,2,338.76,0,-0.07843834219935808,-0.8080789474866122,0
14049.0,23,9,7444.68,0,1.0083764240920585,-0.37813260452460773,0
14051.0,2,15,6784.01,0,1.532947546593512,-0.5090006003637733,0
14052.0,26,1,241.3,0,-0.19648169951629052,-0.7508366465115501,0
14053.0,33,2,312.05,0,-0.13184365172630436,-0.6647463256396539,0
14055.0,213,2,795.3199999999999,1,-0.713928141752357,1.0857311108880683,0
14057.0,17,5,2135.0,0,0.30677220835998203,-0.7014377396388913,0
14058.0,98,2,469.19,0,-0.34331135958932296,-0.03328843721936303,0
14060.0,2,13,3378.66,0,1.1169720380132262,-0.6702492152991686,0
14061.0,143,3,917.43,1,-0.3814136266013066,0.4327949481384801,0
14062.0,10,12,15120.8,0,1.8647300765712658,-0.1639571101679692,0
14063.0,74,9,22710.2,0,1.9497700441152437,0.6916300452238355,-1
14064.0,66,10,1925.9,0,0.5407806506360209,-0.1576111609875066,0
14065.0,25,3,891.02,0,0.02141137069145565,-0.703726018823978,0
14068.0,239,3,1250.87,1,-0.6863232220153822,1.3692538959055218,0
14069.0,150,2,225.81,1,-0.5394763337453993,0.4578790314685237,0
14070.0,320,1,321.6,1,-1.199070158314132,2.0813841451607678,0
14072.0,302,1,390.85,1,-1.1322635868476945,1.9107958366935818,0
14074.0,259,1,219.4,1,-0.9973053731806265,1.4905021887154204,0
14075.0,39,3,792.61,0,-0.0338070488159636,-0.5727358640325406,0
14077.0,31,1,115.66,0,-0.22282014027230165,-0.7074866690994267,0
14078.0,9,4,640.34,0,0.14143719425011142,-0.8511568578205374,0
14079.0,318,1,243.63,1,-1.1979116401646608,2.0591808260270845,0
14080.0,49,4,1070.08,0,0.03565751972446951,-0.4499359768329976,0
14081.0,5,9,4369.47,0,0.8452362188706846,-0.6679833160439922,0
14082.0,28,1,231.11,0,-0.20408714586099988,-0.7319770409099461,0
14083.0,7,3,373.3,0,0.04529424158213647,-0.8965767992957526,0
14084.0,148,1,150.5,1,-0.6215985338853236,0.41973098422544947,0
14085.0,4,16,5607.43,0,1.523522050064468,-0.5183339679763553,0
14086.0,98,1,39.95,0,-0.45817588331795667,-0.0656141757019961,0
14087.0,40,2,638.0,0,-0.1320186810457531,-0.5850224500346887,0
14088.0,42,3,13544.99,0,0.8884533328903269,-0.06019720161976529,0
14091.0,290,2,9530.08,1,-0.33929684193167436,2.1579956654994783,0
14092.0,10,10,3152.54,0,0.822569609820792,-0.6499779351870355,0
14094.0,75,1,311.77,0,-0.3594051657182432,-0.2766346770756016,0
14095.0,358,1,2.95,1,-1.352717512519832,2.434974161345653,0
14097.0,117,2,422.86,0,-0.41187198483848764,0.14779222094745892,0
14099.0,11,9,2646.74,0,0.6986762998132624,-0.6755843800291438,0
14101.0,24,7,3985.14,0,0.5850079933858652,-0.5318134812673845,0
14104.0,25,3,527.3199999999999,0,-0.005185133217437182,-0.7175203542552077,0
14105.0,44,4,4722.6,0,0.31990818953243527,-0.359519207625117,0
14106.0,373,1,214.8,1,-1.3886775045529498,2.5873548355997436,0
14107.0,84,4,2174.07,0,-0.003665187761252319,-0.07125751108841155,0
14108.0,367,2,447.05,1,-1.2676375558113804,2.554470910506241,0
14110.0,71,21,7304.8,0,1.8352035598701584,0.27101560266761876,0
14112.0,87,6,2919.44,0,0.20750198384161964,0.01797308870444591,0
14113.0,11,12,5252.1900000000005,0,1.1396322880898024,-0.5286285843563495,0
14114.0,31,5,977.56,0,0.1741094788865612,-0.6106142470738362,0
14115.0,137,2,622.6700000000001,0,-0.4658631235829361,0.34783146899802203,0
14118.0,64,1,458.45,0,-0.31094729184576075,-0.3769249230842871,0
14119.0,11,2,183.37,0,-0.06579067139874148,-0.8813338600694424,0
14122.0,42,3,362.42,0,-0.07555622040704243,-0.5601828832960527,0
14123.0,369,1,436.18,1,-1.3587679665908134,2.5572591091963077,0
14126.0,80,1,466.33,0,-0.3652532561985552,-0.22265733428588527,0
14127.0,16,3,1190.37,0,0.0741733572695512,-0.7789797401539903,0
14128.0,187,1,286.71,1,-0.7454132113309757,0.8001958775946153,0
14129.0,35,4,1467.48,0,0.1127403568940275,-0.5695861031653109,0
14130.0,11,3,1377.86,0,0.10503473936943095,-0.8199838840593181,0
14131.0,284,1,168.22,1,-1.0868014958897185,1.7291371663191444,0
14133.0,369,1,305.5,1,-1.3683242798457325,2.552302706242904,0
14134.0,18,15,11123.35,0,1.795390806384828,-0.19045032763093586,0
14135.0,3,11,4953.61,0,1.0617637199390972,-0.6329830373672913,0
14136.0,36,5,1570.81,0,0.20034173017086893,-0.539998364250229,0
14137.0,331,1,332.7,1,-1.2359899612854732,2.187658637098349,0
14139.0,126,3,670.98,0,-0.3411235729088778,0.2598558827893436,0
14142.0,9,2,671.34,0,-0.023246325858016625,-0.8820723285186323,0
14144.0,122,1,30.6,0,-0.5411829408940311,0.16498427628560072,0
14145.0,95,3,3857.85,0,-0.0017411738063467757,0.08241241236821484,0
14146.0,19,7,5259.3,0,0.6953349319957162,-0.5316026389668986,0
14147.0,24,7,2106.8,0,0.44764951895025956,-0.6030547570823308,0
14148.0,50,1,309.09000000000003,0,-0.27384769492153194,-0.5173124451833839,0
14151.0,309,2,679.45,1,-1.0516946939200884,2.005148725543738,0
14152.0,23,5,1376.05,0,0.23069119647141526,-0.672484762925911,0
14153.0,119,1,233.4,0,-0.5160622516341129,0.14380689650125103,0
14154.0,17,6,5115.08,0,0.6081735097376676,-0.5723642898793873,0
14156.0,7,102,196549.74,2,22.655252733678697,8.132477039258372,-1
14157.0,25,3,553.8000000000001,0,-0.0032487146760363235,-0.7165160265064615,0
14159.0,15,9,3230.45,0,0.7276410520133764,-0.6149533731408889,0
14160.0,246,7,8421.47,1,0.1479354474526503,1.7727626496845228,0
14161.0,5,5,2182.46,0,0.35140450101863235,-0.8151142253483202,0
14163.0,98,1,148.71,0,-0.4502225268012363,-0.06148914979740291,0
14166.0,141,2,251.15,1,-0.5067520376706738,0.37223271775052325,0
14167.0,100,4,711.7,0,-0.16548698899072994,0.027246751705685926,0
14168.0,56,2,370.45,0,-0.2064661770774762,-0.44120131107907923,0
14169.0,66,2,621.51,0,-0.2224081458218514,-0.33544871270101373,0
14170.0,11,3,570.18,0,0.045971048753168785,-0.8506173975074776,0
14171.0,366,1,135.0,1,-1.3705021193435534,2.5169668842906185,0
14172.0,241,3,369.02,1,-0.75767106208356,1.3550533683699642,0
14173.0,277,2,135.16,1,-0.9817328895229052,1.6765675757020413,0
14175.0,54,5,4456.58,0,0.3496286450416774,-0.2573326923351671,0
14176.0,3,2,339.11,0,-0.02696067590320207,-0.9524113457481077,0
14177.0,17,9,1660.23,0,0.6059543739035033,-0.6552622500874876,0
14180.0,8,9,1570.73,0,0.6302806977239058,-0.7452641906433282,0
14181.0,46,2,308.35,0,-0.1767060192249779,-0.5397870751896574,0
14182.0,79,4,678.77,0,-0.09586218018115744,-0.17608615243756393,0
14183.0,47,2,278.34000000000003,0,-0.18233071626285374,-0.5313022431539616,0
14186.0,63,5,1550.63,0,0.10625228648414814,-0.2809415355777237,0
14187.0,109,1,123.5,0,-0.48979759250816146,0.043408184264159884,0
14189.0,4,2,1160.31,0,0.029661561599171285,-0.9116420037800032,0
14190.0,302,1,79.9,1,-1.155002610467354,1.8990021919249789,0
14191.0,30,2,132.9,0,-0.13465404486397106,-0.7004102229328246,0
14192.0,24,1,293.74,0,-0.18578661256077358,-0.7680938031937988,0
14193.0,32,1,356.8,0,-0.20861629170969284,-0.688717718141053,0
14194.0,28,15,7321.07,0,1.4830378583881252,-0.23843193760266587,0
14195.0,75,4,1603.6,0,-0.01451104014392978,-0.17950157843105033,0
14197.0,46,1,390.05,0,-0.25420673292553986,-0.5527339911668396,0
14198.0,36,5,868.33,0,0.1489710618565466,-0.5666418747086569,0
14199.0,59,3,906.3,0,-0.09409593547527008,-0.37596295683250675,0
14200.0,253,1,379.2,1,-0.9650387558947903,1.4388247795756564,0
14201.0,45,3,446.1,0,-0.07972731813597458,-0.5281399516438485,0
14202.0,17,3,847.76,0,0.04568897609112022,-0.7823511337322686,0
14203.0,33,1,339.34,0,-0.21332323751287913,-0.6797568924026848,0
14204.0,58,3,874.22,0,-0.09301173040248398,-0.38680272504341584,0
14205.0,30,7,1947.5,0,0.4154194654586342,-0.5513583840500299,0
14206.0,24,2,856.85,0,-0.061132498570156145,-0.7306906721233772,0
14207.0,323,1,157.8,1,-1.2213388716256126,2.1040407085629833,0
14208.0,187,1,415.31,1,-0.7360090034599732,0.8050733907550666,0
14209.0,21,9,2919.84,0,0.6843460631176966,-0.5689958532680585,0
14210.0,7,11,3955.68,0,0.9750669531882593,-0.6323401324626773,0
14211.0,47,9,2161.19,0,0.5396842273187117,-0.3475706009045277,0
14212.0,81,1,1119.66,0,-0.32090694696449595,-0.18825492959806814,0
14213.0,40,1,1192.2,0,-0.17496660921716506,-0.580048487564645,0
14215.0,4,4,1626.61,0,0.2307114314293021,-0.8618650455648598,0
14216.0,50,1,310.74,0,-0.2737270344006365,-0.5172498643380127,0
14217.0,2,7,1411.91,0,0.47229692743769547,-0.841117382698582,0
14219.0,45,2,543.89,0,-0.15605140893883487,-0.5404766095591981,0
14220.0,203,2,882.5999999999999,1,-0.6732441847414579,0.9928109993117687,0
14221.0,85,8,3084.69,0,0.3933970693961579,0.03708579749171108,0
14224.0,26,5,831.98,0,0.18061425511089815,-0.6642509983535926,0
14225.0,70,4,2031.07,0,0.03389950062533709,-0.21140381247444098,0
14226.0,77,1,770.34,0,-0.3327313237144989,-0.23999604294294663,0
14227.0,50,5,3017.75,0,0.2581310294305861,-0.35039650679546785,0
14228.0,73,3,745.5,0,-0.15387678522430556,-0.24733911655180477,0
14229.0,39,4,1046.84,0,0.06825941566302658,-0.5470478672156197,0
14230.0,71,3,979.8,0,-0.12988271503845797,-0.257698726240588,0
14231.0,86,1,309.91,0,-0.39727270223552674,-0.17085172923257266,0
14233.0,101,3,1441.55,0,-0.1990201943652559,0.04850577448964024,0
14235.0,134,4,1573.13,0,-0.2191173862146191,0.38710240903709386,0
14236.0,8,4,1253.78,0,0.18972672020073225,-0.8375134822108048,0
14237.0,9,2,471.14,0,-0.037886469059997235,-0.8896654710903458,0
14238.0,298,2,287.38,1,-1.042634308309679,1.884424885326708,0
14239.0,67,10,1882.32,0,0.5341636122232655,-0.14964100899525803,0
14240.0,59,1,357.15,0,-0.30120442600612063,-0.4288822320409891,0
14241.0,332,1,120.0,1,-1.2549743374520697,2.189214442078968,0
14243.0,1,8,4842.28,0,0.8100569887150372,-0.7045884754640859,0
14244.0,296,1,366.42,1,-1.113469265176748,1.8521309917097277,0
14247.0,40,4,616.79,0,0.033380758153021224,-0.5537356663207244,0
14248.0,95,2,730.37,0,-0.31392148171735873,-0.05225159291112217,0
14249.0,46,12,5400.461,0,1.0304201549254908,-0.186198423434418,0
14252.0,17,1,350.99,0,-0.15758909135821314,-0.8332837515586012,0
14253.0,129,2,363.4,0,-0.4573818085581957,0.261013573236006,0
14254.0,68,1,601.03,0,-0.31424131272601485,-0.33302500002550267,0
14255.0,182,1,1000.63,1,-0.6760552728583755,0.7791580575855269,0
14256.0,127,3,1491.73,0,-0.2845342428212941,0.300608157254165,0
14257.0,16,4,2854.73,0,0.2793592280093251,-0.6998086357713835,0
14258.0,31,16,19381.36,0,2.4381626050983893,0.2639029000562817,0
14260.0,107,3,824.28,0,-0.2647404895262672,0.0828323597918332,0
14263.0,59,1,322.93,0,-0.30370685208190373,-0.430180120846204,0
14264.0,15,4,1183.39,0,0.16056830248631349,-0.7728219049418681,0
14265.0,100,2,843.17,0,-0.32282338029015173,0.0001418855739250197,0
14266.0,64,1,40.56,0,-0.3415065797712136,-0.39277456518864945,0
14268.0,106,1,354.85,0,-0.4625891105988101,0.023313642743658432,0
14269.0,75,1,295.73,0,-0.3605781322365238,-0.2772430387481804,0
14271.0,45,1,101.86,0,-0.2718512345233794,-0.5732874444129212,0
14272.0,198,2,482.85,1,-0.6853262476662089,0.9295341428998825,0
14274.0,322,1,256.6,1,-1.2106837277802232,2.0981649288624937,0
14275.0,31,6,1189.38,0,0.2730746023405964,-0.5865347676218821,0
14276.0,43,4,982.94,0,0.049866010325504986,-0.5109792732188103,0
14277.0,47,6,13009.61,0,1.082577307078289,0.01574909318940435,0
14278.0,45,1,205.83,0,-0.26424815915519795,-0.56934409259883,0
14279.0,156,2,191.86,1,-0.5625398440283919,0.514329652359787,0
14281.0,44,1,245.15,0,-0.25794264426911806,-0.5774758169554917,0
14282.0,3,11,4120.32,0,1.0008272317833609,-0.664587881391183,0
14283.0,99,4,628.4399999999999,0,-0.16814545389335525,0.014465839454715438,0
14284.0,289,1,704.4,1,-1.064742636076625,1.7975885104486073,0
14285.0,149,4,1374.41,1,-0.28510137222594445,0.5239110725735604,0
14286.0,40,4,3851.01,0,0.2698914671775451,-0.4310688652803291,0
14290.0,49,3,2201.91,0,0.034950280452957914,-0.4230537878709516,0
14291.0,16,12,4020.85,0,1.0324366728161591,-0.5272153588999883,0
14292.0,46,7,4354.32,0,0.5365421980736685,-0.30610431452742076,0
14293.0,4,6,2221.37,0,0.44115527126805637,-0.8072158840791754,0
14294.0,43,1,375.34,0,-0.24499202542317813,-0.582161043482525,0
14295.0,74,4,2196.71,0,0.03229180193408235,-0.16662927469186184,0
14296.0,57,2,456.4,0,-0.2036109989619971,-0.4283183730862611,0
14298.0,11,38,39667.19,3,5.82667442315461,1.193842155407791,-1
14299.0,1,19,10533.87,0,2.144496854119424,-0.31221729702308676,0
14301.0,52,3,1352.04,0,-0.03748907744684829,-0.42641833997410755,0
14302.0,66,3,742.9000000000001,0,-0.13005595018877075,-0.3147990428532558,0
14303.0,43,2,277.94,0,-0.16863941486083342,-0.5698095937309966,0
14304.0,15,2,1341.56,0,0.0051844177977452294,-0.7989140992121667,0
14306.0,14,4,1058.0800000000002,0,0.15483482249056488,-0.7871976805551789,0
14307.0,9,5,2075.31,0,0.3298483274818817,-0.7806860080559395,0
14308.0,185,2,1147.02,1,-0.5921653018427994,0.8296250566573763,0
14309.0,49,2,1428.28,0,-0.1050986534521498,-0.4684414762550452,0
14310.0,68,1,492.1,0,-0.32220710093276683,-0.33715647365355833,0
14311.0,203,1,206.19,1,-0.8061836545002291,0.9511106501925203,0
14312.0,14,5,1478.7,0,0.2690689864070054,-0.7551988795798794,0
14314.0,66,1,109.8,0,-0.3433035017676047,-0.3709023556186579,0
14315.0,200,2,716.69,1,-0.675086368608424,0.9576492658929711,0
14316.0,58,5,1370.34,0,0.11021880411437539,-0.33589476027738097,0
14318.0,96,1,158.02,0,-0.4426814327343379,-0.0803821318498715,0
14319.0,60,1,494.85,0,-0.29456489518982987,-0.41403653117061756,0
14320.0,182,3,868.96,1,-0.5187335070766379,0.8062553381602731,0
14321.0,67,2,687.3100000000001,0,-0.22102648861306515,-0.3233300195774264,0
14322.0,65,4,474.1,0,-0.06280727017252079,-0.31857146032907574,0
14324.0,45,2,701.61,0,-0.1445177256929988,-0.5344946392974066,0
14325.0,205,1,245.48,1,-0.8101707477698437,0.9718469225995606,0
14326.0,99,2,757.13,0,-0.3256851398885888,-0.012744465919549794,0
14327.0,18,5,1583.28,0,0.26299611716673504,-0.712740212353888,0
14328.0,74,1,445.05,0,-0.34622858262408096,-0.28120270674675774,0
14329.0,11,8,4912.38,0,0.7808818515699107,-0.6056992890729198,0
14330.0,259,1,200.63,1,-0.9986779780152977,1.489790284189591,0
14332.0,17,2,1077.2,0,-0.02100786769605206,-0.7896945987426928,0
14334.0,61,4,1766.27,0,0.04540655819545389,-0.3080544937536649,0
14338.0,172,1,339.88,1,-0.690072945814397,0.6578668249407016,0
14339.0,64,1,310.75,0,-0.32174823665561353,-0.3825268569396421,0
14341.0,56,10,2285.04,0,0.601345073835184,-0.24022022491372616,0
14342.0,68,2,249.88,0,-0.25644482772562105,-0.33029772573637345,0
14343.0,57,4,1079.66,0,0.008916977146769426,-0.3725882697259822,0
14344.0,3,14,2443.77,0,1.1286508864391172,-0.6800388614030892,0
14346.0,61,3,1294.17,0,-0.07259221397292452,-0.34200581710454786,0
14347.0,372,1,82.6,1,-1.3949148336329222,2.572717737547276,0
14350.0,16,2,689.1,0,-0.045958546653081814,-0.8140374169954672,0
14353.0,46,2,285.9,0,-0.17834773358504014,-0.5406385539645574,0
14355.0,1,3,840.0500000000001,0,0.10000737213394631,-0.9366122748072079,0
14358.0,25,2,400.06,0,-0.09796658779455192,-0.7383926602013471,0
14361.0,214,1,214.71,1,-0.8432921266496977,1.0572872884446118,0
14363.0,38,2,227.47000000000003,0,-0.1551794737017294,-0.619839033372413,0
14365.0,30,2,634.68,0,-0.09796008354584011,-0.6813788189386468,0
14366.0,161,1,136.0,1,-0.6672506793389491,0.5442806145966522,0
14369.0,278,2,469.13,1,-0.9607406069271301,1.6988573629487873,0
14370.0,86,6,1175.78,0,0.08342247112396642,-0.05778311788255374,0
14372.0,79,2,860.08,0,-0.24955389247365262,-0.20130069776126192,0
14374.0,177,1,108.0,1,-0.7241804615643063,0.697187354466617,0
14375.0,86,2,871.26,0,-0.2727472928005311,-0.13351535106388035,0
14376.0,319,1,215.46,1,-1.203401782439841,2.067735445187316,0
14378.0,257,1,131.25,1,-0.9968912938812855,1.467912764729689,0
14379.0,29,2,917.06,0,-0.0738801770180349,-0.6802918158553451,0
14380.0,318,1,48.96,1,-1.2121473878026705,2.0517974241068275,0
14381.0,87,1,423.26,0,-0.39241382819729903,-0.15692956992874074,0
14382.0,26,1,578.14,0,-0.1718494026323987,-0.7380610513873944,0
14384.0,136,1,58.5,0,-0.587164614707933,0.300765089609671,0
14388.0,8,9,3488.16,0,0.770497729590907,-0.6725403177098589,0
14389.0,60,3,854.55,0,-0.10131042628542898,-0.3683026748443087,0
14390.0,8,5,1731.16,0,0.3081116060359761,-0.8033619001547339,0
14391.0,212,1,135.6,1,-0.8422169739510266,1.035040731635945,0
14392.0,68,1,266.4,0,-0.33871199763949517,-0.34571677474464585,0
14394.0,200,1,93.8,1,-0.8041120498348777,0.9179788118308561,0
14395.0,8,12,4630.7,0,1.1044746374897776,-0.5810694580989295,0
14396.0,7,6,1591.74,0,0.3848215334421973,-0.8022272207977451,0
14398.0,37,2,707.79,0,-0.11662469232177622,-0.6112446045116638,0
14399.0,30,8,2108.21,0,0.5106470378684476,-0.529217393693182,0
14400.0,44,2,1157.77,0,-0.1077297068493086,-0.5268165457240331,0
14401.0,60,9,2744.42,0,0.5377426352922583,-0.20035039556134548,0
14402.0,288,1,285.6,1,-1.0919383319981941,1.7720813091940768,0
14403.0,225,2,404.7,1,-0.7836548976537229,1.1863922978716772,0
14404.0,5,8,1404.04,0,0.5449062366633738,-0.7965011237521695,0
14405.0,22,1,195.0,0,-0.18614695442281617,-0.7910848824234585,0
14408.0,107,4,1503.2400000000002,0,-0.1316145444170211,0.12462942476301912,0
14409.0,4,5,1696.64,0,0.3193077941210554,-0.8431633467584765,0
14410.0,12,2,1531.63,0,0.02937419285705795,-0.8205742997005021,0
14412.0,60,1,656.16,0,-0.2827686839015607,-0.4079184001604123,0
14413.0,46,3,643.47,0,-0.06872426411857403,-0.5110310998381417,0
14414.0,10,1,902.35,0,-0.09325849744071449,-0.8797332020407396,0
14415.0,15,10,6124.52,0,1.0227526495109303,-0.4891420921755561,0
14417.0,23,1,524.65,0,-0.16547058300902204,-0.7689589432082298,0
14419.0,18,1,202.85,0,-0.17185235041631863,-0.8292793287736372,0
14420.0,32,3,1251.65,0,0.023772406138463868,-0.6226868076326638,0
14421.0,148,4,1656.26,1,-0.26106022332000267,0.5249779739307733,0
14422.0,10,13,6007.88,0,1.281799451167976,-0.4935443653022259,0
14423.0,73,2,651.41,0,-0.24423259769347974,-0.2669533578670564,0
14425.0,70,3,661.39,0,-0.14973713235839467,-0.27939835715159056,0
14426.0,39,7,7246.27,0,0.7720344941746027,-0.26378037054439024,0
14427.0,130,2,900.1800000000001,0,-0.42155851975466013,0.2909954945735074,0
14429.0,39,1,516.28,0,-0.22096487067366558,-0.6153076809172724,0
14430.0,147,3,1220.9,1,-0.37294214978042856,0.482797072537739,0
14431.0,15,3,2143.84,0,0.1473284571111284,-0.7524397797857175,0
14433.0,101,1,280.7,0,-0.45086083073352673,-0.027613926848298206,0
14435.0,137,1,90.42,0,-0.5882605201948665,0.3115987893749683,0
14436.0,189,1,182.64,1,-0.7598838756766937,0.8154948227335195,0
14437.0,1,5,873.34,0,0.2693922649016914,-0.9032584268067381,0
14439.0,79,4,6781.8,0,0.35043768578279677,0.05538825769952101,0
14440.0,1,9,4281.05,0,0.8524908299398462,-0.7098290702631962,0
14441.0,10,7,2898.8,0,0.5535885025109343,-0.7077385794246436,0
14442.0,50,5,3777.2,0,0.31366777645728017,-0.321592250421403,0
14443.0,4,2,966.27,0,0.015471884341867019,-0.919001511195664,0
14444.0,92,1,120.44,0,-0.43170901506982823,-0.12029963747593907,0
14445.0,91,1,221.65,0,-0.42087763373634285,-0.12608401121440216,0
14446.0,22,1,189.93,0,-0.1865177112961131,-0.7912771762937811,0
14447.0,36,1,548.5,0,-0.20831828544668377,-0.6429547822794587,0
14449.0,8,5,1555.4,0,0.2952587010950165,-0.8100280876592512,0
14450.0,15,4,645.19,0,0.12121103439787213,-0.7932346388684224,0
14451.0,25,10,2614.78,0,0.7317924462310476,-0.5260283079018863,0
14452.0,31,2,399.9,0,-0.11855911686478278,-0.6806604594524504,0
14454.0,12,5,977.3,0,0.23926308979116911,-0.7934619607472323,0
14455.0,68,4,617.72,0,-0.06259510025146933,-0.2842551372395663,0
14458.0,16,1,228.07,0,-0.16314779641763444,-0.8475688797655865,0
14459.0,287,1,3537.821,1,-0.850681115145148,1.8858078034278285,0
14460.0,32,6,659.16,0,0.23087075429841128,-0.5970217929577984,0
14461.0,18,10,4573.85,0,0.8990654776453499,-0.5190864360582167,0
14462.0,68,1,262.24,0,-0.33901620840732855,-0.34587455433055164,0
14463.0,135,1,256.95,0,-0.5692223066763428,0.29866881369175446,0
14464.0,204,2,111.0,1,-0.7330995700768201,0.9731689652148121,0
14465.0,64,8,2887.4100000000003,0,0.45100335904865996,-0.17248053812836753,0
14466.0,8,7,2374.5,0,0.522107984120246,-0.7468702068701792,0
14467.0,25,8,1606.98,0,0.49114398727068453,-0.5963431617343264,0
14468.0,369,1,204.24,1,-1.3757291794492919,2.5484621387263617,0
14469.0,52,4,2093.46,0,0.10020441683520351,-0.38225230554723116,0
14470.0,66,1,250.85,0,-0.3329888554207548,-0.3655526415340416,0
14471.0,227,2,400.95,1,-0.7907894023289979,1.2054961584091544,0
14472.0,325,1,266.05,1,-1.2202830863976817,2.127392481028692,0
14474.0,215,1,711.23,1,-0.8104129545560109,1.0857422371550545,0
14475.0,44,1,225.3,0,-0.2593942268992845,-0.5782286834892005,0
14477.0,72,3,660.0,0,-0.15669905592499497,-0.2602049870413399,0
14478.0,18,4,1276.66,0,0.1570984983303434,-0.7404152458308091,0
14479.0,1,3,982.86,0,0.11045072303641808,-0.9311958078208622,0
14480.0,38,3,1020.47,0,-0.013714058408897613,-0.5737166837914458,0
14481.0,43,3,1648.18,0,0.015038169572414356,-0.5017938094942058,0
14482.0,15,6,2283.91,0,0.4079971514451162,-0.6989903868774135,0
14483.0,372,1,120.0,1,-1.3921798618259589,2.5741362367090246,0
14484.0,37,3,749.0600000000001,0,-0.030131479073024676,-0.5936337088039941,0
14486.0,147,2,175.5,1,-0.5328649683908422,0.427101750004222,0
14487.0,4,2,225.89,0,-0.03867031957362945,-0.9470824847083773,0
14489.0,73,3,1111.55,0,-0.12710843148262227,-0.23345565082565234,0
14490.0,42,2,1273.47,0,-0.09240856865024871,-0.5416743907225328,0
14491.0,8,1,127.2,0,-0.14308307138693135,-0.9283790143719612,0
14492.0,66,7,1921.91,0,0.29006315853442804,-0.20589934090300954,0
14493.0,26,5,2704.62,0,0.31755590229250125,-0.5932259109135651,0
14494.0,37,2,261.9,0,-0.1492315527230306,-0.628156224598084,0
14495.0,295,1,51.0,1,-1.1331050310073043,1.830544764876095,0
14496.0,9,6,2129.42,0,0.41728049896596503,-0.762588119587926,0
14497.0,309,1,221.69,1,-1.1686448164705028,1.9717412866308088,0
14498.0,37,5,1943.51,0,0.22416624426620788,-0.5162396338875863,0
14499.0,10,4,1293.35,0,0.18576010265587575,-0.8167665900239438,0
14505.0,40,11,6019.65,0,1.0128055442540858,-0.2364978413347415,0
14506.0,5,3,1256.6,0,0.11674811665352551,-0.8823212764718383,0
14507.0,14,5,1848.86,0,0.296137894537101,-0.741159530657075,0
14508.0,12,3,554.87,0,0.04142132726508867,-0.8415750270312014,0
14509.0,170,1,110.95,1,-0.6999537684130324,0.6299379273723239,0
14510.0,11,3,979.85,0,0.0759292279017971,-0.8350795217964193,0
14512.0,19,5,940.69,0,0.212574922013628,-0.7274891828985128,0
14513.0,72,3,332.42,0,-0.18065419134010388,-0.272629370875715,0
14514.0,72,6,3389.84,0,0.293353273075293,-0.10853135418325384,0
14515.0,23,6,1647.17,0,0.33399278591884435,-0.6461561658190986,0
14516.0,152,1,151.17,1,-0.6352700908384701,0.4582485753044544,0
14519.0,319,2,203.14,1,-1.1208274766545967,2.083313790892897,0
14521.0,127,1,199.45,0,-0.5459860381358,0.21950360712401723,0
14522.0,231,4,773.8800000000001,1,-0.6102880078671697,1.2902239787949912,0
14524.0,45,4,1066.03,0,0.04908190542875144,-0.48858176382555085,0
14525.0,64,8,3810.64,0,0.5185169425070243,-0.13746446911496585,0
14526.0,25,1,258.65,0,-0.19178279774783058,-0.7598016443062764,0
14527.0,1,69,19257.08,3,6.956166048443425,0.8209155378921937,-1
14530.0,32,10,3226.76,0,0.7525341010277952,-0.43545594793234943,0
14531.0,115,1,376.34,0,-0.4918888417077575,0.11073611463665056,0
14532.0,47,7,2912.93,0,0.4277066852894821,-0.35114999978875255,0
14533.0,43,4,1516.65,0,0.08889493554193387,-0.4907368350472359,0
14534.0,33,8,1790.36,0,0.4771130195606379,-0.5124036055815377,0
14535.0,31,6,3118.39,0,0.4141384516815184,-0.5133716909372618,0
14537.0,259,1,285.84000000000003,1,-0.9924467762059033,1.4930221107557031,0
14538.0,166,3,982.59,1,-0.45554180945474926,0.6565963545261515,0
14540.0,15,8,2756.98,0,0.6095420950488606,-0.6489566575573227,0
14541.0,52,6,1038.03,0,0.18997384153671332,-0.3901911957119756,0
14543.0,16,23,10988.14,0,2.46016540276983,-0.08645970504073337,0
14544.0,106,1,934.23,0,-0.4202204484191721,0.045288242859539286,0
14545.0,310,1,349.25,1,-1.1627467994008058,1.9862023997605358,0
14546.0,12,6,2610.91,0,0.4422002871869824,-0.7154571357556354,0
14548.0,120,7,1888.49,0,0.10239177662463156,0.3124775352704108,0
14549.0,56,3,624.36,0,-0.10442311342678086,-0.41552545115338185,0
14550.0,24,2,587.69,0,-0.0808155202696821,-0.7408993147537588,0
14551.0,47,5,691.86,0,0.09833471712498823,-0.46748149741731065,0
14552.0,16,2,343.71,0,-0.07121608441797729,-0.8271372946820011,0
14553.0,47,4,959.33,0,0.034418915525484886,-0.47338256876138984,0
14555.0,17,4,1991.49,0,0.2128024304710182,-0.7229263720924749,0
14556.0,232,3,815.69,1,-0.6941359191792119,1.2853871683369789,0
14558.0,290,3,655.5,1,-0.9047982379105886,1.8374481186596379,0
14559.0,26,1,75.6,0,-0.20859894091773,-0.757121280498228,0
14560.0,15,22,3876.26,0,1.8600456696616143,-0.3818662220326504,0
14562.0,26,8,1631.38,0,0.4894981623188215,-0.5857946789127818,0
14563.0,145,2,640.54,1,-0.49199743845262206,0.4254935974432967,0
14564.0,70,2,2605.62,0,-0.0910355187962947,-0.22170363559583828,0
14565.0,109,1,760.1,0,-0.44324456971904636,0.06755301224194604,0
14566.0,53,3,2660.0,0,0.054728744995565425,-0.36718726934362916,0
14568.0,71,1,919.7,0,-0.301228158451783,-0.2920694181588781,0
14569.0,88,3,369.94,0,-0.23279265397208565,-0.11723760252773488,0
14570.0,79,1,395.69,0,-0.3669888509353014,-0.2349595978892283,0
14571.0,61,1,160.0,0,-0.3224818062821102,-0.4171136051367255,0
14572.0,53,4,2722.34,0,0.1427627565323576,-0.348777235204461,0
14573.0,8,5,925.3,0,0.24918100763064102,-0.8339263850340596,0
14574.0,368,1,143.70000000000002,1,-1.3767261855429809,2.536542945752261,0
14575.0,124,1,420.22,0,-0.5195512461119479,0.19900778963743826,0
14576.0,8,1,35.400000000000006,0,-0.14979618400402334,-0.931860785041708,0
14577.0,30,3,504.44,0,-0.02400898298725684,-0.670272917648932,0
14579.0,68,1,105.56,0,-0.35047383896120626,-0.3518170796958666,0
14580.0,154,1,14.85,1,-0.6520991199107808,0.4723243493747385,0
14581.0,180,1,271.05,1,-0.7225474226002254,0.7322406144201045,0
14583.0,19,3,673.33,0,0.026073054624066713,-0.7697207875511353,0
14584.0,57,4,705.1,0,-0.018473692372380703,-0.38679450090311,0
14585.0,18,4,986.22,0,0.1358593215492083,-0.7514309917275547,0
14588.0,214,1,135.39,1,-0.8490926069632896,1.0542788565325822,0
14589.0,7,1,39.75,0,-0.14604794088504267,-0.9413188440423896,0
14590.0,60,20,2993.37,0,1.4741753628503529,-0.014406497272746902,0
14593.0,33,9,3048.38,0,0.6525842260212271,-0.4486440773856945,0
14594.0,9,1,255.0,0,-0.13716750369601322,-0.9139087985738172,0
14595.0,89,2,423.85,0,-0.31575572146422787,-0.12161548678635799,0
14596.0,262,1,222.22000000000003,1,-1.0073895677093196,1.519478279666582,0
14597.0,15,4,1318.39,0,0.1704405269232135,-0.7677016539569463,0
14598.0,205,1,162.07,1,-0.8162703199200794,0.9686833660465805,0
14599.0,26,2,457.89,0,-0.09716775746548487,-0.7265762515247955,0
14600.0,29,1,471.84,0,-0.18991327960964388,-0.7132236403434525,0
14602.0,292,1,205.36,1,-1.1115266421305228,1.8075301631827854,0
14604.0,269,1,143.86,1,-1.0371308123034575,1.5838675724884828,0
14605.0,10,4,921.56,0,0.15857199655665316,-0.830867761236418,0
14606.0,2,102,18482.1,3,9.650746335120898,1.3306506364653456,-1
14607.0,103,8,7553.63,0,0.6584573884282032,0.37979760090157605,0
14608.0,15,7,1567.79,0,0.4391042604993219,-0.7101056163065574,0
14609.0,26,6,884.64,0,0.2679403915917703,-0.6462081051739358,0
14610.0,31,2,24.35,0,-0.14602218269647013,-0.694904239136801,0
14611.0,79,2,604.3299999999999,0,-0.26825627321244655,-0.21100072879380796,0
14612.0,51,1,877.7,0,-0.23569675497854053,-0.4861232824469932,0
14613.0,316,1,76.32000000000001,1,-1.2032863407647643,2.0335890385749353,0
14614.0,22,1,295.13,0,-0.17882468899417323,-0.7872871733040496,0
14615.0,30,5,951.76,0,0.17565292521463424,-0.6212158287944837,0
14616.0,21,2,121.7,0,-0.10460183087016656,-0.7874424179174105,0
14617.0,38,2,190.47000000000003,0,-0.15788519447332422,-0.6212423614201322,0
14618.0,12,4,788.88,0,0.14200915190619656,-0.8166539300284664,0
14619.0,177,1,896.8000000000001,1,-0.6664974198174417,0.7271047913325889,0
14621.0,147,4,1212.21,1,-0.29010239084921424,0.498513096103137,0
14623.0,16,5,1130.28,0,0.23672959583049838,-0.7491675887236834,0
14624.0,51,4,588.22,0,-0.006440016251000033,-0.44896576961700846,0
14625.0,10,9,3598.25,0,0.7716880695815335,-0.6491187581196151,0
14626.0,31,7,2619.65,0,0.4611420359067857,-0.5162421784471296,0
14627.0,15,1,462.75,0,-0.14255607585753394,-0.8482910320302903,0
14628.0,78,3,1326.04,0,-0.12857398558883487,-0.17720529587648157,0
14630.0,120,1,338.65,0,-0.5117957110620992,0.1574218407459877,0
14631.0,22,3,1018.71,0,0.04103944678503632,-0.7277521545451978,0
14634.0,73,4,2124.46,0,0.03043847177997754,-0.17899260202917316,0
14635.0,89,1,215.22,0,-0.4144875679111985,-0.14557397660392757,0
14637.0,313,1,106.68,1,-1.1907757728522461,2.0058713915325126,0
14639.0,44,3,1994.47,0,0.036931384057541955,-0.4790367519353543,0
14640.0,45,4,1541.98,0,0.08388698113795555,-0.47053003451982145,0
14643.0,253,3,986.08,1,-0.7537086096843675,1.4939336258164313,0
14644.0,50,5,1416.96,0,0.14106911716136275,-0.41111092586326603,0
14645.0,270,1,279.8,1,-1.0306199860427885,1.5986465204571252,0
14646.0,10,78,248396.5,2,24.43298514142766,9.742684159468167,-1
14647.0,159,1,270.0,1,-0.650591306271776,0.5301168480649975,0
14648.0,52,15,4466.65,0,1.1919776928217463,-0.11574068909411411,0
14649.0,18,5,2248.6,0,0.3116493642953151,-0.6875060983887911,0
14650.0,224,1,62.5,1,-0.8887242579768037,1.1477447489360897,0
14651.0,30,7,1371.77,0,0.3733177189767346,-0.5731945477503925,0
14653.0,149,5,1666.41,1,-0.18027287873227482,0.551031601832707,0
14654.0,374,1,246.86,1,-1.3897631721775043,2.598193845254951,0
14655.0,24,3,1946.28,0,0.10201012775845543,-0.6733253892130743,0
14656.0,51,3,498.95,0,-0.09644335374398269,-0.4683971990082058,0
14657.0,65,2,601.97,0,-0.22040692079025992,-0.3458128664871012,0
14662.0,63,3,635.06,0,-0.12765161499610164,-0.34775830979283556,0
14663.0,66,2,490.6,0,-0.23198127842210753,-0.34041383904498485,0
14665.0,63,2,913.95,0,-0.19073229953583165,-0.3532262458313754,0
14667.0,1,31,12418.01,3,3.283982320663038,-0.048208647842475284,0
14668.0,81,1,111.63,0,-0.3946217499210019,-0.2264872747857021,0
14669.0,269,4,1957.54,1,-0.6540750547113939,1.7007932857736368,0
14670.0,368,1,190.47,1,-1.3733060082325081,2.538316828260148,0
14671.0,185,2,1127.45,1,-0.5935964087482077,0.8288828099034881,0
14672.0,151,2,347.59,1,-0.5340009941367784,0.4721209220005252,0
14673.0,3,3,1674.41,0,0.15416183059059915,-0.8857207583217848,0
14674.0,145,1,173.66,1,-0.6096144846094403,0.3917402571304973,0
14675.0,24,1,419.22,0,-0.17661056276564607,-0.7633346247227769,0
14676.0,30,6,5808.55,0,0.6142935030587984,-0.420962925509703,0
14677.0,228,1,184.91,1,-0.8934932623155191,1.1908796685699419,0
14678.0,215,1,403.39,1,-0.8329245513756798,1.0740665477980302,0
14679.0,17,3,1289.44,0,0.07798796934512016,-0.7655991896210078,0
14680.0,7,43,28615.27,3,5.4495709069378435,0.8164032096237704,-1
14681.0,23,3,376.2000000000001,0,-0.009375898160996966,-0.7424980908670168,0
14682.0,64,4,1462.81,0,0.012924845885029412,-0.2906949248148131,0
14683.0,224,1,146.56,1,-0.882577152894094,1.1509329585493675,0
14684.0,26,1,228.52,0,-0.19741627009631707,-0.7513213636047894,0
14685.0,212,8,4536.64,1,0.0639471315176293,1.3142817429796,0
14686.0,50,5,852.53,0,0.09979371242862595,-0.43251850559229815,0
14687.0,36,2,773.6800000000001,0,-0.10837617741133758,-0.6183685876189228,0
14688.0,9,8,2056.3,0,0.5788838850497804,-0.7332701671971268,0
14690.0,28,2,422.63,0,-0.10660651245192077,-0.7086674954949841,0
14692.0,16,8,1123.59,0,0.48666608528774963,-0.7012844775527654,0
14693.0,61,6,992.46,0,0.1557701743482213,-0.30531216108601195,0
14694.0,253,1,244.31,1,-0.9749029362969639,1.4337087006470928,0
14695.0,155,3,1534.22,1,-0.3774709186509878,0.5716649650829774,0
14696.0,9,2,688.95,0,-0.02195854902591434,-0.8814044202234881,0
14699.0,71,3,593.47,0,-0.15813409627332892,-0.27235136744803085,0
14700.0,51,2,880.96,0,-0.1519831213656895,-0.469954021849967,0
14701.0,78,6,1961.02,0,0.16828628353082842,-0.10498506285745476,0
14702.0,1,13,3427.44,0,1.1239693398857733,-0.6780221428090349,0
14704.0,60,2,258.96,0,-0.22833972434797611,-0.4069377003739174,0
14706.0,254,1,367.54,1,-0.9693215616851321,1.4480055864674508,0
14707.0,71,2,139.2,0,-0.27482900354015233,-0.30562643839105347,0
14708.0,4,3,1085.91,0,0.10769610669521007,-0.8984182149717845,0
14709.0,15,12,3965.29,0,1.0318038421128088,-0.538945671504423,0
14710.0,15,9,1300.31,0,0.5864945684975381,-0.6881593082226423,0
14712.0,54,1,411.0,0,-0.28011581482288767,-0.4749550451435385,0
14713.0,1,11,2752.51,0,0.9076628612832688,-0.7357119748240613,0
14714.0,43,3,746.05,0,-0.050932421770256746,-0.5360096022425569,0
14715.0,78,4,958.07,0,-0.07200750662569042,-0.17511596693228854,0
14716.0,80,1,235.77,0,-0.382113552985012,-0.23140196441243,0
14717.0,369,1,81.3,1,-1.3847194851698288,2.5437992968294263,0
14718.0,46,1,226.42,0,-0.2661726002189469,-0.5589401146384154,0
14721.0,15,1,109.07,0,-0.1684198413304435,-0.8617053310550836,0
14722.0,113,2,309.1,0,-0.40647042685992646,0.10498537665449256,0
14723.0,7,7,927.89,0,0.4197510215431938,-0.8113599649010975,0
14724.0,226,1,341.9,1,-0.8751526859905362,1.177587861817127,0
14725.0,30,3,597.16,0,-0.01722859298881709,-0.6667562534169177,0
14726.0,290,1,116.5,1,-1.1111644834189611,1.7849138104696518,0
14727.0,182,2,195.15,1,-0.6514828451055134,0.7646536012822156,0
14728.0,49,1,190.58,0,-0.27908390731601446,-0.5314303118581951,0
14729.0,9,3,586.24,0,0.05400575404191229,-0.8692543670107,0
14732.0,28,11,2814.58,0,0.8195881617442149,-0.4735355858292613,0
14733.0,3,4,6579.26,0,0.5963169203342997,-0.6836450456863721,0
14734.0,61,4,1056.42,0,-0.0065030604455347425,-0.3349775319880845,0
14735.0,24,24,6174.47,0,2.1641874570128166,-0.17600157127176033,0
14736.0,121,2,374.05,0,-0.42916189486672907,0.1844331452210273,0
14737.0,36,1,2389.62,0,-0.07368161985212578,-0.5731251786249477,0
14738.0,196,2,507.45,1,-0.676667032772346,0.9112210766811875,0
14739.0,3,19,8385.22,0,1.9805109850389133,-0.37446474268974655,0
14740.0,45,8,2712.85,0,0.5034108312914036,-0.3619390647400735,0
14741.0,8,2,497.25,0,-0.03254696961696513,-0.8982982214878283,0
14742.0,71,1,579.85,0,-0.32608056937682356,-0.304959175916105,0
14743.0,228,1,50.48,1,-0.9033238040270188,1.185781036422512,0
14744.0,2,8,2785.1,0,0.6561902382567867,-0.7729897114958245,0
14745.0,137,7,1331.15,0,0.003322498634900092,0.45493062625532377,0
14746.0,42,4,593.5,0,0.024817340399990485,-0.5353729147035832,0
14748.0,4,7,1736.57,0,0.4891782540759192,-0.8095576582651188,0
14749.0,115,1,310.15,0,-0.4967291567853753,0.108225674542636,0
14750.0,372,1,112.03,1,-1.392762688705678,2.573833952261989,0
14751.0,320,2,126.45,1,-1.1298657695199872,2.090028153921362,0
14753.0,96,1,306.36,0,-0.4318336862678953,-0.07475592421206943,0
14754.0,61,4,909.88,0,-0.017219177252818643,-0.34053546961275427,0
14755.0,17,14,4962.27,0,1.264800784347757,-0.4497951065749752,0
14756.0,18,2,1914.8,0,0.03681366225643361,-0.748303241099383,0
14758.0,32,3,1380.91,0,0.03322487821782457,-0.617784262134064,0
14761.0,80,1,192.02,0,-0.3853128849784518,-0.23306130500939534,0
14762.0,262,1,117.05,1,-1.0150803961836068,1.5154894145104028,0
14766.0,2,6,4082.76,0,0.5841345092986123,-0.7558635739527276,0
14767.0,110,1,382.81,0,-0.4742650156639343,0.062866283077319,0
14769.0,26,9,5097.13,0,0.826415339565168,-0.438300841776634,0
14770.0,103,6,2761.2200000000003,0,0.1410495270520171,0.1659408724021404,0
14771.0,257,2,594.62,1,-0.8795309255598266,1.5015329785168803,0
14773.0,228,1,140.55,1,-0.896737202137896,1.1891971920240816,0
14774.0,164,1,241.45,1,-0.6698297894679456,0.5771492341299064,0
14775.0,8,1,406.56,0,-0.12265414828550629,-0.91778350833383,0
14776.0,23,4,1170.0,0,0.132148019202572,-0.6963453990579909,0
14777.0,39,1,307.56,0,-0.2362280609289972,-0.623223968217812,0
14783.0,295,1,307.3,1,-1.1143624300948787,1.8402656561904316,0
14784.0,25,1,159.94,0,-0.19900122200091502,-0.763545495970881,0
14786.0,186,1,90.96,1,-0.7562977986551335,0.7831484688007274,0
14787.0,107,1,110.65,0,-0.48387700580068305,0.02367472249446267,0
14788.0,232,1,476.88,1,-0.885862752761488,1.2404456234408554,0
14790.0,10,6,1781.56,0,0.3884121979483212,-0.7661586340378402,0
14791.0,242,1,303.63,1,-0.9328334885489821,1.3301050833343866,0
14793.0,171,1,396.91,1,-0.6824723413373727,0.6504068016576916,0
14794.0,38,3,633.99,0,-0.041976408782031786,-0.5883750141666496,0
14796.0,2,11,2865.05,0,0.9124625019748751,-0.7218205370261389,0
14797.0,143,1,300.31,1,-0.5934925993171652,0.3772977213785524,0
14798.0,17,5,550.5699999999999,0,0.19090666343733412,-0.7615316601428871,0
14799.0,373,1,180.45,1,-1.3911894372152278,2.5860520161824687,0
14800.0,5,6,3415.38,0,0.5250402050098424,-0.7523066845578217,0
14802.0,74,2,1502.98,0,-0.18538947533074596,-0.22503214906626984,0
14805.0,40,3,536.15,0,-0.055991488251884006,-0.5728397789267375,0
14806.0,75,1,110.04,0,-0.3741571941305087,-0.2842858491584775,0
14807.0,26,2,504.14,0,-0.09378560650099134,-0.7248220914651465,0
14809.0,257,2,686.76,1,-0.8727929495626713,1.505027644633552,0
14810.0,5,3,446.59,0,0.057514038756241295,-0.9130431616592191,0
14811.0,23,1,170.5,0,-0.1913687184484897,-0.7823910682920077,0
14812.0,234,1,178.85,1,-0.9145172441574367,1.2483880953869049,0
14813.0,5,4,888.91,0,0.17333507134142795,-0.8802213277478247,0
14814.0,217,1,154.21,1,-0.858006760077239,1.08386179204492,0
14817.0,31,5,2849.52,0,0.31100139930803766,-0.5396149505276587,0
14818.0,94,3,495.76,0,-0.24417256945297827,-0.054727259415279395,0
14819.0,130,2,184.34,0,-0.47390617265029344,0.26384526890649757,0
14820.0,16,5,767.47,0,0.21019817547530067,-0.7629281684261977,0
14821.0,2,7,1230.15,0,0.459005256966207,-0.8480111369135402,0
14822.0,121,1,157.70000000000002,0,-0.5284582862963135,0.16018185290269035,0
14824.0,15,6,2895.2000000000003,0,0.4526993149712837,-0.6758055111398374,0
14825.0,4,13,2698.17,0,1.0603491691495979,-0.6768126040323277,0
14826.0,217,2,385.2,1,-0.757639780753164,1.108668347136733,0
14828.0,24,10,7699.7,0,1.1070705212565544,-0.34279159989172747,0
14829.0,8,4,995.29,0,0.1708239698696635,-0.8473174353744523,0
14831.0,316,3,1676.57,1,-0.9193134420440945,2.126374208674167,0
14832.0,266,1,322.69,1,-1.0137629913380022,1.5617810636959215,0
14833.0,134,1,94.8,0,-0.5776498070295387,0.282895778476336,0
14834.0,43,1,485.86,0,-0.236909964350836,-0.5779692646762024,0
14835.0,164,2,297.0,1,-0.5822923142565353,0.5953017386084255,0
14837.0,78,5,1810.82,0,0.0738272820753249,-0.12672743219318008,0
14838.0,59,2,769.9200000000001,0,-0.1875443136587887,-0.3971811641785164,0
14839.0,54,3,915.28,0,-0.076288559184509,-0.42373758965130387,0
14840.0,175,1,299.86,1,-0.7032899262310663,0.6852180895793146,0
14841.0,10,8,3867.24,0,0.7078834219164308,-0.6549621792303826,0
14843.0,72,1,211.8,0,-0.356425316404697,-0.30929545234665295,0
14844.0,66,6,3512.62,0,0.3229127070377659,-0.1616128499264388,0
14845.0,235,1,150.0,1,-0.9200571131927436,1.2569169236532862,0
14846.0,63,1,437.4,0,-0.30905648947268566,-0.38734634782583555,0
14847.0,43,2,1039.55,0,-0.11294471224314892,-0.540923413341173,0
14848.0,40,1,310.56,0,-0.23943881627308,-0.6134871399968401,0
14849.0,9,21,7832.91,0,2.0864915333709555,-0.30558313643380625,0
14850.0,53,6,1445.21,0,0.21631979488082492,-0.365124715319999,0
14851.0,266,1,318.06,1,-1.0141015720723936,1.5616054580510312,0
14852.0,60,12,3295.74,0,0.8284850503645804,-0.13130320104156715,0
14853.0,59,3,901.07,0,-0.09447839276271443,-0.37616131914844114,0
14854.0,26,4,1563.03,0,0.1505989409518252,-0.6525695070933014,0
14855.0,110,5,5874.65,0,0.26124095023108257,0.3353420743260816,0
14857.0,78,5,2478.731,0,0.12267000278550505,-0.10139504733695777,0
14858.0,141,1,180.75,1,-0.5953754575701431,0.3535169856636627,0
14859.0,190,1,351.9,1,-0.7509364381698209,0.8315375245008106,0
14861.0,16,9,1254.94,0,0.5797466317015082,-0.6802570469656753,0
14865.0,8,3,77.52000000000001,0,0.020234425369483448,-0.8981720346990393,0
14866.0,2,8,6460.32,0,0.9249502137751838,-0.6335967572380186,0
14867.0,31,13,2241.78,0,0.9343607401175426,-0.4343002544867311,0
14868.0,16,4,1230.42,0,0.16057735486042854,-0.7614151163441102,0
14869.0,24,4,2056.69,0,0.19355938247066817,-0.6530921664454232,0
14870.0,49,5,1511.7,0,0.15142736299776116,-0.41714069237115464,0
14871.0,129,5,726.89,0,-0.18037494841908042,0.3229367918854299,0
14872.0,119,3,816.6,0,-0.306463766717511,0.19801761279148575,0
14873.0,269,1,334.45,1,-1.0231934252262074,1.59109622904564,0
14874.0,171,1,116.18,1,-0.7030014492349352,0.6397593345540097,0
14875.0,77,1,1397.08,0,-0.28689933894721964,-0.21622518292598514,0
14876.0,157,2,256.7,1,-0.5612283893044903,0.5264119348097037,0
14877.0,54,2,425.85,0,-0.19555463246023166,-0.4583462015175105,0
14878.0,12,16,2600.41,0,1.2761848242545268,-0.5553992173220414,0
14879.0,320,1,185.06,1,-1.2090549992372013,2.076205485386833,0
14882.0,26,12,2956.9500000000003,0,0.9203348504010727,-0.4713362807821643,0
14884.0,305,1,120.6,1,-1.1623167319466414,1.929414987374724,0
14885.0,63,2,832.8,0,-0.19666660333623487,-0.35630408559008947,0
14890.0,254,2,691.6,1,-0.8621485977066697,1.4763420805160539,0
14891.0,52,2,552.35,0,-0.1794437163062198,-0.47279442643721636,0
14892.0,326,1,202.35,1,-1.2283714518894773,2.134599525985262,0
14893.0,253,1,571.76,1,-0.9509573074683497,1.4461281538694082,0
14894.0,79,2,837.0600000000001,0,-0.2512372895591151,-0.20217379537365376,0
14895.0,19,18,13980.83,0,2.2513470026618867,-0.024312547420317653,0
14896.0,1,7,1614.45,0,0.49053832730592956,-0.843058533975548,0
14897.0,45,4,1774.16,0,0.10086574461765513,-0.46172396138145766,0
14898.0,7,9,2195.14,0,0.6793724333195102,-0.7312047472313392,0
14899.0,31,1,1331.38,0,-0.13391746847653818,-0.6613771022298788,0
14900.0,158,1,13.919999999999998,1,-0.6658876810054017,0.5107812559976257,0
14901.0,2,5,860.11,0,0.264994648797528,-0.8941371665375091,0
14902.0,31,2,702.96,0,-0.09639706991776859,-0.6691660649080773,0
14904.0,44,2,605.05,0,-0.14814878752162985,-0.5477799910898546,0
14905.0,10,6,1355.24,0,0.3572364444524752,-0.7823280073703721,0
14906.0,81,1,68.44,0,-0.3977801304649257,-0.2281253758230263,0
14907.0,3,10,2664.69,0,0.8109052825748028,-0.7358423191953993,0
14908.0,99,1,104.1,0,-0.4569148866300659,-0.05355806342378004,0
14909.0,73,3,1404.68,0,-0.1056725414886334,-0.2223378791870591,0
14911.0,1,205,152121.22,2,28.02483251808271,8.04236186219216,-1
14912.0,37,4,1021.4,0,0.07325932603227855,-0.5672588397993922,0
14913.0,24,4,2845.7,0,0.25125778101110124,-0.6231667647445859,0
14915.0,11,9,1503.77,0,0.6150936600751618,-0.718934700534595,0
14916.0,67,4,1773.97,0,0.025388811970215898,-0.25002418061409054,0
14917.0,232,2,1123.75,1,-0.7550834719646873,1.2810255857890327,0
14918.0,40,7,4345.66,0,0.556489741814022,-0.36417103834066566,0
14919.0,175,1,359.35,1,-0.6989395659958725,0.6874744135133368,0
14920.0,201,1,629.4,1,-0.7683750515856794,0.9479159783819706,0
14922.0,29,2,843.74,0,-0.07924189180109793,-0.6830726810569338,0
14924.0,246,2,620.96,1,-0.8398732256779852,1.3966785028524507,0
14926.0,17,2,359.4,0,-0.07349885066499147,-0.8169191628684467,0
14927.0,32,1,308.2,0,-0.21217029250697683,-0.6905610084956247,0
14928.0,263,1,223.91000000000005,1,-1.0106961201942344,1.5291654224891076,0
14929.0,57,1,612.8100000000001,0,-0.2756483505315902,-0.4384317042406025,0
14930.0,106,3,2873.77,0,-0.11143609022297787,0.15094193115635665,0
14932.0,1,2,666.13,0,0.00381378428108525,-0.9592542912048765,0
14933.0,79,4,1770.0,0,-0.016063161867984194,-0.1346982155318153,0
14934.0,14,3,1612.56,0,0.11190737004391092,-0.7822130983053147,0
14935.0,255,1,1065.12,1,-0.9217393566634221,1.48408629564477,0
14936.0,26,4,4273.79,0,0.3488302825412403,-0.5497563844274773,0
14938.0,198,2,2322.43,1,-0.5508021985578199,0.9993053377653802,0
14940.0,53,2,531.49,0,-0.18439929591003912,-0.46396255516809803,0
14941.0,214,1,182.1,1,-0.8456768173081222,1.0560504633733652,0
14942.0,37,4,746.56,0,0.05316093963051859,-0.5776829122489913,0
14943.0,299,1,107.62,1,-1.142685099388269,1.8711844155299622,0
14944.0,25,7,3884.42,0,0.5742124445707063,-0.5260105229142353,0
14945.0,49,1,179.4,0,-0.27990147375456664,-0.5318543444953168,0
14947.0,24,4,758.97,0,0.0986602484243432,-0.7023118116909977,0
14949.0,105,4,515.0,0,-0.19702187617997152,0.06790158071048677,0
14952.0,32,21,9529.86,0,2.131692218027802,-0.019891549641058246,0
14953.0,54,3,685.65,0,-0.09308084731373378,-0.4324469469377302,0
14954.0,339,1,167.27,1,-1.2755285631128168,2.258368602539652,0
14955.0,368,1,163.77,1,-1.3752585148433618,2.537304156398686,0
14956.0,57,1,1325.0,0,-0.22356761333369526,-0.41141991498911096,0
14957.0,280,1,203.2,1,-1.0705229404093464,1.6919717007780095,0
14958.0,231,3,458.26,1,-0.7168437749993548,1.2622075952524083,0
14961.0,15,13,9365.47,0,1.5101812202293217,-0.31808318908855665,0
14962.0,175,3,240.21000000000004,1,-0.5407015115312137,0.7150469292350539,0
14963.0,15,7,1651.23,0,0.4452060264772103,-0.7069409219200251,0
14966.0,23,5,881.24,0,0.194506934444582,-0.6912518102581264,0
14967.0,77,5,1518.81,0,0.055903433089715335,-0.14742576957824244,0
14968.0,94,1,353.65,0,-0.421515206392749,-0.09220840898744674,0
14969.0,339,1,906.23,1,-1.2214902003728787,2.286395718597561,0
14970.0,45,8,3327.29,0,0.5483433467210987,-0.33863471647951593,0
14972.0,17,1,30.300000000000004,0,-0.18104037768909803,-0.84544681295382,0
14975.0,57,1,192.45,0,-0.30638826360044413,-0.45437502797409635,0
14977.0,361,1,31.93,1,-1.3608886893354193,2.4649424431543365,0
14978.0,66,5,1190.82,0,0.0696498345661732,-0.2657191973277633,0
14979.0,371,1,429.66,1,-1.3661050346860157,2.5762579097691316,0
14980.0,373,1,150.68,1,-1.3933664455225352,2.584922906020831,0
14981.0,59,1,270.8,0,-0.30751899326631554,-0.43215729628208527,0
14982.0,208,1,237.78,1,-0.8210242445287306,1.000424013251749,0
14983.0,325,1,183.2,1,-1.2263417070984013,2.1242501640353533,0
14984.0,24,4,1058.14,0,0.12053782905239784,-0.6909649562305604,0
14986.0,12,2,563.1,0,-0.04145207035679953,-0.8573084973777332,0
14987.0,1,7,1387.4499999999998,0,0.4739383647342532,-0.8516681411872311,0
14988.0,16,6,1704.11,0,0.36216763756899406,-0.7113578717972738,0
14989.0,297,1,342.4,1,-1.118655927959979,1.8608430111780139,0
14990.0,248,2,304.17,1,-0.8698995906327208,1.4039094495505213,0
14991.0,66,1,314.67,0,-0.3283218527276958,-0.3631320902906512,0
14992.0,78,1,210.5,0,-0.37710121092572835,-0.25160648927274,0
14993.0,199,1,36.13,1,-0.8048991797497973,0.9061684715999161,0
14994.0,18,5,946.72,0,0.2164460194811568,-0.7368835232202712,0
14996.0,117,2,442.29,0,-0.41045111579545823,0.1485291578114369,0
14997.0,291,1,230.4,1,-1.1062653892071017,1.7988568300552743,0
14998.0,64,2,338.31,0,-0.2362576026441205,-0.36543595116533,0
14999.0,228,1,129.48000000000002,1,-0.8975467245417218,1.188777331443318,0
15001.0,30,2,199.11,0,-0.12981226723458478,-0.6978990242831086,0
15002.0,3,6,3127.9700000000003,0,0.5108828810403188,-0.7824535989972974,0
15003.0,109,6,1027.03,0,-0.00634843416871531,0.15790515600004662,0
15005.0,2,29,7681.71,0,2.767247510163834,-0.2503142034556858,0
15006.0,89,1,277.4,0,-0.4099404944631508,-0.1432156269280577,0
15008.0,116,2,360.0,0,-0.41303864693731474,0.13578503551198767,0
15011.0,31,2,416.6,0,-0.11733788613814404,-0.680027065441723,0
15012.0,9,2,429.78,0,-0.040911026117109714,-0.8912341642809855,0
15013.0,123,10,1610.82,0,0.32222173784338803,0.37895210983936767,0
15015.0,137,13,2354.97,0,0.5790434122601633,0.5900355472753877,0
15016.0,29,4,450.85,0,0.05897748533318018,-0.6658828964990855,0
15018.0,3,1,111.25,0,-0.12709876587551786,-0.9770991868726405,0
15020.0,15,1,198.47,0,-0.16188223492556306,-0.8583145870695134,0
15021.0,2,4,826.91,0,0.1790915751873378,-0.9114419850196356,0
15022.0,313,1,281.05,1,-1.1780245152591926,2.0124848594157774,0
15023.0,5,10,5287.64,0,0.9958550144062333,-0.6171135456053759,0
15024.0,3,8,2414.18,0,0.6256356150501435,-0.7774348406695334,0
15025.0,204,1,617.83,1,-0.7795115521117577,0.9763462885059245,0
15026.0,11,2,579.89,0,-0.03679412003785563,-0.8662947347321005,0
15027.0,31,6,2129.45,0,0.3418196543879785,-0.5508799947078428,0
15028.0,4,3,521.78,0,0.0664426402389997,-0.9198144163652946,0
15029.0,255,1,365.1,1,-0.9729301311102276,1.4575360875376229,0
15030.0,16,6,1461.63,0,0.34443565992855324,-0.7205546011218946,0
15031.0,30,10,2449.75,0,0.7025735097671143,-0.4841723059438077,0
15032.0,2,7,8821.55,0,1.0141460317090416,-0.5600861493066194,0
15034.0,22,6,3957.04,0,0.5063381466953191,-0.568170957777139,0
15037.0,12,2,397.76,0,-0.05354298582640726,-0.8635794773617846,0
15038.0,5,4,579.67,0,0.15072109589796903,-0.8919501160039519,0
15039.0,4,47,19960.3,3,5.160845188004004,0.5234526971197255,-1
15040.0,177,1,7.49,1,-0.7315305154765493,0.6933752327888801,0
15041.0,80,1,109.47,0,-0.3913495674026451,-0.23619224366721225,0
15042.0,231,1,179.52,1,-0.9041778343451525,1.2195443724056496,0
15043.0,99,5,2333.32,0,0.0400035467292571,0.09517377768850015,0
15044.0,15,18,8389.42,0,1.8561812259235198,-0.2748745236211074,0
15046.0,61,10,2533.37,0,0.6023541573211543,-0.18268639371766834,0
15048.0,4,1,98.7,0,-0.13144665521955468,-0.9679521357095614,0
15050.0,57,2,2349.5,0,-0.0651731613212905,-0.3565172831636299,0
15051.0,15,6,2543.55,0,0.4269839985028697,-0.6891428167609316,0
15055.0,110,3,549.12,0,-0.29515269108436376,0.1012652850482649,0
15056.0,156,1,113.65,1,-0.651734390393433,0.49531770427150257,0
15057.0,79,3,1766.46,0,-0.09979727120559322,-0.15087809590866202,0
15058.0,12,5,1285.04,0,0.2617673738519958,-0.7817900641687153,0
15059.0,12,10,2153.48,0,0.7426504851137322,-0.6686239784110575,0
15061.0,3,86,83284.38,3,13.050546854831602,3.5413507731604787,-1
15062.0,59,4,1597.76,0,0.03994410448924451,-0.33369179454790215,0
15064.0,46,4,1254.41,0,0.059427542426242874,-0.4718138828076547,0
15065.0,46,1,168.73,0,-0.2703913307949821,-0.5611281685593053,0
15067.0,49,2,2118.12,0,-0.054652317855475,-0.44227737299994624,0
15068.0,54,2,621.54,0,-0.18124429468203196,-0.4509241132564785,0
15070.0,8,3,737.0500000000001,0,0.06846426376110314,-0.873157522609518,0
15071.0,22,2,473.49,0,-0.08230641464872082,-0.7644767575406547,0
15072.0,115,1,187.52,0,-0.5056967929535016,0.10357459025907345,0
15073.0,36,5,1744.61,0,0.2130513050385224,-0.5334065152044557,0
15074.0,65,2,817.46,0,-0.20464865676131486,-0.33763980808161403,0
15076.0,128,2,566.89,0,-0.4390709374809612,0.25910845335485977,0
15077.0,130,2,2428.08,0,-0.3098268774054786,0.3489453573872986,0
15078.0,4,23,8018.77,0,2.284184192850902,-0.3145578705934307,0
15079.0,1,8,2871.74,0,0.665956150626971,-0.7793266930628083,0
15080.0,63,2,546.25,0,-0.2176213137984104,-0.3671722924028991,0
15081.0,3,8,1460.92,0,0.555926010111482,-0.8135898810686921,0
15082.0,304,1,93.35,1,-1.1608793206217796,1.9187584103657203,0
15084.0,15,2,965.2,0,-0.022337881380563543,-0.8131886004024269,0
15085.0,365,1,347.54,1,-1.3515294435911045,2.515405010864388,0
15086.0,200,2,218.53,1,-0.7115156080564693,0.9387551604807594,0
15091.0,310,2,565.9,1,-1.063428469694695,2.0104650704143947,0
15092.0,98,1,318.65,0,-0.4377952244248898,-0.05504370200201336,0
15093.0,8,18,9729.09,0,1.9781590290695565,-0.29142512185196,0
15094.0,99,2,83.0,0,-0.37498264107116214,-0.03831272367114418,0
15095.0,56,6,1771.04,0,0.22985654268815453,-0.32389757051224827,0
15097.0,219,2,660.27,1,-0.7443848512247615,1.1383472327084014,0
15100.0,2,6,2018.7,0,0.43319477914136917,-0.8341487980115232,0
15101.0,151,4,1160.41,1,-0.30761095236683594,0.5350406162993356,0
15102.0,166,2,554.67,1,-0.5703098047666665,0.6243206807198154,0
15105.0,66,2,795.98,0,-0.2096495754699555,-0.3288314520392413,0
15107.0,8,4,620.85,0,0.14344207566112396,-0.8615191152173712,0
15109.0,215,2,498.15,1,-0.7425197434222632,1.093706200729281,0
15110.0,39,2,509.75,0,-0.13796715615146085,-0.5995097333361158,0
15111.0,8,3,1163.39,0,0.09964147980871756,-0.8569873907212846,0
15112.0,247,1,209.4,1,-0.9568749917526744,1.3746463724756686,0
15114.0,19,2,639.56,0,-0.05987170171152371,-0.7870472248707537,0
15115.0,368,1,191.74,1,-1.373213136195213,2.5383649965471915,0
15117.0,84,3,934.19,0,-0.17780985976787578,-0.13432902926302162,0
15122.0,58,8,2853.49,0,0.46910369990548667,-0.23150531779256886,0
15123.0,57,3,2456.86,0,0.02615305424623675,-0.33639974014045304,0
15124.0,112,2,266.63,0,-0.4061460174308395,0.09375153875666989,0
15125.0,115,9,5496.39,0,0.5503299687864248,0.43329319874368516,0
15126.0,172,2,449.49,1,-0.5985821931729214,0.6780697054802938,0
15127.0,155,1,304.97,1,-0.6343134820672879,0.492951003246012,0
15128.0,66,1,312.68,0,-0.32846737662865455,-0.36320756658294745,0
15129.0,21,12,3412.78,0,0.9708192895779728,-0.5021628828408706,0
15131.0,30,1,80.28,0,-0.22197725624130643,-0.7184515990010784,0
15133.0,18,2,824.48,0,-0.04291880995127609,-0.7896566637207147,0
15134.0,17,2,208.3,0,-0.08454842927547734,-0.8226500511930516,0
15135.0,192,1,166.63,1,-0.7713450626953633,0.8437567334917473,0
15137.0,156,2,823.4,1,-0.5163568468366895,0.5382825657451012,0
15138.0,29,1,502.52,0,-0.18766972519687283,-0.7120600158973978,0
15140.0,78,1,889.44,0,-0.3274519660428477,-0.22585579887494212,0
15141.0,93,7,1388.47,0,0.1584402488144977,0.03369067280267415,0
15142.0,46,5,2121.18,0,0.20628757991692737,-0.4228936005218159,0
15143.0,68,1,304.18,0,-0.3359492373489316,-0.34428386302456926,0
15144.0,15,12,5579.87,0,1.1498741838263644,-0.47770822828046133,0
15149.0,212,4,1033.81,1,-0.5261073297311767,1.1172446955198676,0
15150.0,92,3,3686.61,0,-0.003973127719599553,0.04704852385497552,0
15151.0,59,2,2085.61,0,-0.09133107684852973,-0.3472799566351713,0
15152.0,337,1,518.14,1,-1.2430100099446773,2.2524302347568863,0
15154.0,114,2,1089.44,0,-0.3528361826204548,0.14420498932449416,0
15155.0,19,1,383.97,0,-0.16203761971076716,-0.8127868034753746,0
15157.0,205,2,718.04,1,-0.6921383369107913,1.0058156927315773,0
15158.0,37,1,204.62,0,-0.23689553866241006,-0.6463743441447802,0
15159.0,31,4,3475.7200000000003,0,0.2733186575029724,-0.5319101875323233,0
15160.0,10,3,431.11,0,0.039231333140740586,-0.8655150594433997,0
15161.0,24,1,119.92,0,-0.19849764998019548,-0.7746864107952736,0
15162.0,367,1,312.9,1,-1.3609228594727192,2.533337282120945,0
15164.0,25,6,1203.53,0,0.2946901863728438,-0.6437363586576007,0
15165.0,9,1,487.75,0,-0.12014705749091342,-0.9050811065979615,0
15166.0,103,1,167.16,0,-0.46602401334159615,-0.01267415783403985,0
15167.0,43,4,1468.82,0,0.08539724298773439,-0.49255092100730113,0
15169.0,18,2,569.22,0,-0.06158535817174345,-0.7993381101385748,0
15170.0,42,1,81.15,0,-0.26307529255154655,-0.6029420634390474,0
15173.0,16,7,1494.6,0,0.43032191419340643,-0.703258506030335,0
15174.0,46,1,345.71,0,-0.25744921019614836,-0.5544157091569983,0
15176.0,303,1,988.04,1,-1.092022660427617,1.9430689755273731,0
15177.0,61,1,948.93,0,-0.2647892579487508,-0.38719123765869407,0
15179.0,28,8,5284.97,0,0.7498161118809675,-0.4279760129146126,0
15180.0,3,3,816.9300000000001,0,0.0914563860709472,-0.9182430754666042,0
15181.0,56,2,510.72,0,-0.19620857024959498,-0.43588118066682024,0
15182.0,21,9,2376.1020000000003,0,0.6445838144445771,-0.5896186312683498,0
15183.0,183,3,639.93,1,-0.538912056762157,0.8071917824106422,0
15184.0,23,2,283.19,0,-0.09965273283467596,-0.7620713701743891,0
15186.0,110,3,991.79,0,-0.2627813015178266,0.1180547776667484,0
15188.0,361,1,310.43,1,-1.3405226559600365,2.4755053312973043,0
15189.0,17,5,1298.99,0,0.2456368131637393,-0.7331457472381829,0
15190.0,70,1,834.4399999999999,0,-0.3040328785312513,-0.30492618597999566,0
15191.0,99,3,588.05,0,-0.2545743148642959,-0.003111679802089556,0
15192.0,1,3,937.07,0,0.10710221076259845,-0.9329325210993775,0
15194.0,4,14,4811.16,0,1.2983422698829008,-0.5806259574321994,0
15196.0,68,2,313.7,0,-0.25177782503256213,-0.3278771744929831,0
15197.0,30,3,797.9,0,-0.0025489608890888796,-0.6591426298412646,0
15198.0,44,3,377.71,0,-0.08129837579877246,-0.5403568777307761,0
15199.0,10,6,1853.7,0,0.3936876221770469,-0.7634225236226384,0
15200.0,130,1,549.05,0,-0.5307110475516919,0.2616322953829649,0
15201.0,75,2,606.4100000000001,0,-0.2543836153911409,-0.24941401846386077,0
15202.0,56,3,6001.49,0,0.2887934361020199,-0.21158282020114608,0
15203.0,26,9,2572.38,0,0.6417864606980326,-0.5340590171409375,0
15207.0,52,3,683.9200000000001,0,-0.0863470818230085,-0.4517586517374102,0
15208.0,59,1,100.4,0,-0.319979934333336,-0.4386201908586086,0
15209.0,366,1,178.98000000000002,1,-1.3672859680047766,2.5186349482781507,0
15210.0,14,2,845.01,0,-0.027696948123594183,-0.8273701857561615,0
15211.0,1,1,383.07,0,-0.10036094857209632,-0.9860357460654662,0
15212.0,12,1,106.48,0,-0.1583188274564134,-0.8906726986156783,0
15215.0,29,4,1687.49,0,0.14940998627872107,-0.6189798803658001,0
15216.0,254,1,389.49,1,-0.9677164111192805,1.448838101349814,0
15217.0,199,1,426.24,1,-0.7763713762306932,0.9209644798349368,0
15218.0,25,11,5711.9400000000005,0,1.0417555256611202,-0.3925142730659775,0
15219.0,284,1,379.7,1,-1.0713364734903437,1.7371581343064868,0
15221.0,2,4,2062.2000000000003,0,0.26942535388850963,-0.8645901713961994,0
15222.0,108,10,2965.91,0,0.4727682732776619,0.2860019991283372,0
15223.0,245,3,662.2,1,-0.7499520681475391,1.4046652158608168,0
15224.0,148,3,549.28,1,-0.42548623882541126,0.4669470583924305,0
15227.0,32,4,1269.09,0,0.10852298895513146,-0.6059797310432955,0
15228.0,64,2,2193.56,0,-0.10058764422516696,-0.29507042790773064,0
15229.0,222,1,160.5,1,-0.8746974780928041,1.1322155821417892,0
15231.0,257,1,250.26,1,-0.988188379583245,1.4724265504312855,0
15233.0,37,1,59.400000000000006,0,-0.24751512705297757,-0.651882217093153,0
15235.0,5,6,690.3000000000001,0,0.32576167635423153,-0.8556629331058981,0
15240.0,10,7,2753.41,0,0.542956482430335,-0.7132529000964788,0
15241.0,66,3,1293.72,0,-0.08977581193445033,-0.29390766027907395,0
15242.0,58,1,302.04,0,-0.30180434929468125,-0.4405954771421407,0
15243.0,71,1,610.6,0,-0.323831896032863,-0.30379289652509506,0
15244.0,302,1,280.51,1,-1.1403324849541208,1.9066108848885726,0
15245.0,38,5,2095.0,0,0.23181420452683088,-0.5008709088610513,0
15246.0,191,1,266.25,1,-0.760629954227468,0.8379120545750173,0
15247.0,113,2,620.06,0,-0.38373067196438254,0.11677940070094621,0
15248.0,47,3,1893.93,0,0.019288721989604504,-0.45398087684938904,0
15249.0,66,5,2577.54,0,0.17105732398201004,-0.21312397921064793,0
15250.0,276,1,60.0,1,-1.0672742586339135,1.6480482624924795,0
15251.0,50,10,9839.55,0,1.1743690004972336,-0.011432662492674873,0
15252.0,57,3,1362.63,0,-0.053865346832200935,-0.3779014604014222,0
15253.0,39,3,1136.89,0,-0.008630682674215961,-0.5596780861874382,0
15254.0,182,2,787.99,1,-0.6081298855857222,0.7871387093851857,0
15255.0,32,8,2815.17,0,0.5554850415602036,-0.4831578770261219,0
15256.0,197,1,71.95,1,-0.7954194733138453,0.8882809551297457,0
15257.0,50,1,368.75,0,-0.26948490299630634,-0.5150496735258994,0
15259.0,148,4,1182.38,1,-0.2957139249211743,0.507004755140146,0
15260.0,8,20,7377.46,0,1.973140473659142,-0.348526007028967,0
15261.0,17,3,1253.18,0,0.07533636298895724,-0.7669744511077727,0
15262.0,16,2,239.87,0,-0.07880965319966396,-0.8310757158840327,0
15264.0,166,1,454.66,1,-0.661098532559296,0.6044819069169288,0
15265.0,240,2,1839.52,1,-0.7301820428750213,1.3851575154370988,0
15266.0,15,4,732.91,0,0.12762578645420447,-0.7899076135617755,0
15268.0,114,3,961.9,0,-0.27868763757313353,0.15541329563390735,0
15269.0,16,2,816.56,0,-0.03663770423287977,-0.8092031415099996,0
15270.0,36,14,6145.37,0,1.286145410131614,-0.22208489160524783,0
15271.0,1,10,2146.95,0,0.7799044811641593,-0.7747251403708528,0
15272.0,86,4,1309.01,0,-0.07378521561983359,-0.0848212311125853,0
15273.0,235,1,228.96,1,-0.9142829588109834,1.2599117015626893,0
15276.0,30,3,491.17,0,-0.02497938608560991,-0.6707762193568574,0
15277.0,61,1,220.44,0,-0.3180619748379159,-0.41482124980688356,0
15278.0,197,4,496.16,1,-0.5139723060057777,0.9525071488888323,0
15279.0,16,4,1290.03,0,0.16493649040623304,-0.7591542410758793,0
15280.0,124,2,284.4,0,-0.44600819749675663,0.20990205388644292,0
15281.0,14,7,6211.42,0,0.7821118620303132,-0.5436060605714808,0
15282.0,206,1,348.59,1,-0.8060607002370518,0.9853807013842398,0
15283.0,26,3,148.33,0,-0.03632989606264167,-0.7222715606544597,0
15284.0,136,1,24.75,0,-0.5896326708171581,0.2994850268634406,0
15285.0,43,1,94.92,0,-0.26549846376833,-0.5927967529728341,0
15287.0,15,3,369.34,0,0.017563551457209486,-0.8197426343986323,0
15288.0,1,6,1574.51,0,0.4041423737497785,-0.8606189857290698,0
15289.0,94,2,653.3100000000001,0,-0.31612655557177083,-0.064797352894637,0
15290.0,29,8,2553.06,0,0.5466079836870907,-0.5219682633689898,0
15291.0,9,26,9178.26,0,2.602249922826781,-0.17432891069674844,0
15293.0,301,1,247.5,1,-1.1393162885385666,1.895735843837545,0
15294.0,46,1,233.35,0,-0.26566582603118605,-0.5586772750878561,0
15295.0,290,1,207.04,1,-1.1045435115632802,1.7883477921302058,0
15296.0,56,6,6650.17,0,0.5866555531830575,-0.13884297652661237,0
15298.0,2,12,4659.47,0,1.127159346864747,-0.6377165449168735,0
15299.0,8,6,3484.53,0,0.5198065634211462,-0.7208148436227354,0
15301.0,4,6,2533.09,0,0.4639506031308006,-0.7953930349160659,0
15302.0,366,1,308.0,1,-1.3578510465466371,2.523528391108333,0
15303.0,201,2,650.16,1,-0.6833816851754524,0.9647489752177828,0
15304.0,4,2,225.15,0,-0.038724433989061335,-0.9471105512693316,0
15305.0,191,1,93.6,1,-0.7732554323684369,0.8313638224820785,0
15306.0,136,6,2310.38,0,-0.005113872520382346,0.46640199034940316,0
15309.0,246,4,797.96,1,-0.6599791671781889,1.4354829528458324,0
15310.0,114,1,1634.64,0,-0.39644225908766006,0.14883760172887645,0
15311.0,1,121,55942.74,3,13.979612252972876,3.0466933985711644,-1
15312.0,19,8,2005.34,0,0.5408559220503493,-0.6389725184669579,0
15314.0,49,2,492.48,0,-0.17353145069697215,-0.5039342975268207,0
15317.0,313,1,129.75,1,-1.1890887193873627,2.006746385534158,0
15321.0,73,9,3961.42,0,0.5821471149796872,-0.029092697872135104,0
15322.0,112,1,711.18,0,-0.457112385672667,0.09456671959340499,0
15323.0,198,3,434.6,1,-0.6053794161329483,0.943749743287773,0
15324.0,337,1,140.22000000000003,1,-1.2706463881609236,2.2380965662219117,0
15325.0,31,7,1439.72,0,0.3748566005006271,-0.5609943098888972,0
15326.0,245,4,1388.81,1,-0.6133415934500095,1.4482695397907548,0
15328.0,43,1,107.24,0,-0.26459753187897733,-0.5923294826607286,0
15329.0,10,8,1909.13,0,0.5646915597524437,-0.7292289544606415,0
15331.0,135,3,767.91,0,-0.36490655874730865,0.35013962678828003,0
15332.0,2,6,4892.68,0,0.6433620057129387,-0.7251451022660035,0
15336.0,37,1,240.5,0,-0.2342717207898473,-0.6450134952163432,0
15337.0,47,1,373.02,0,-0.2588822338657049,-0.5437568564808898,0
15338.0,313,1,277.93,1,-1.1782526733350676,2.0123665247263482,0
15339.0,57,5,1246.95,0,0.10462572908839604,-0.35019771454335086,0
15340.0,197,1,105.5,1,-0.7929660427223046,0.8895534323189614,0
15341.0,85,1,382.2,0,-0.3885561707591906,-0.17773297451536121,0
15346.0,61,2,343.7,0,-0.225573030614487,-0.3941006550010381,0
15347.0,2,4,1162.0,0,0.203595898791492,-0.8987327635193585,0
15350.0,9,2,547.6,0,-0.032295133649290764,-0.8867655126436265,0
15351.0,5,4,1770.23,0,0.23778387756904804,-0.8467948122068532,0
15352.0,184,1,111.15,1,-0.7479610764262092,0.7646681410498585,0
15353.0,3,6,2336.0,0,0.452968024838158,-0.8124912669419523,0
15354.0,239,3,284.4,1,-0.7569988423970914,1.3325978294655423,0
15356.0,4,4,664.66,0,0.16036634774725797,-0.8983496784163072,0
15358.0,1,22,8703.210000000001,0,2.2610508161235456,-0.3335133279926692,0
15359.0,298,8,181.35,1,-0.5495366004624268,1.9766770983814852,0
15361.0,162,3,270.15000000000003,1,-0.4939202761123606,0.591082903865386,0
15362.0,84,2,613.08,0,-0.2847670973604947,-0.1625536363456578,0
15363.0,8,2,678.11,0,-0.019321113975055978,-0.8914386022794363,0
15365.0,39,6,2242.81,0,0.3226682929366598,-0.46959614206590017,0
15366.0,45,5,1786.57,0,0.1852484956645627,-0.44520766155100905,0
15367.0,54,7,3203.74,0,0.4249619525129025,-0.27275890655126994,0
15368.0,30,1,275.8,0,-0.20767935015313835,-0.7110359584635089,0
15369.0,128,11,6251.26,0,0.7278904713858285,0.6191145611522549,0
15370.0,46,1,1352.96,0,-0.1837914467586111,-0.5162129476417217,0
15371.0,298,1,59.400000000000006,1,-1.1427811735926054,1.8597324928679666,0
15372.0,86,7,4009.66,0,0.37413251907443135,0.06574528969920548,0
15373.0,7,6,1002.93,0,0.3417632781037448,-0.8245594799268691,0
15374.0,260,1,139.32,1,-1.0065915685707658,1.4970879765524865,0
15375.0,326,1,60.96,1,-1.2387109616163907,2.1292369164537206,0
15377.0,18,4,1211.75,0,0.152351786565905,-0.7428771383599296,0
15378.0,98,2,246.5,0,-0.35959614225490266,-0.041734575677379364,0
15379.0,36,1,1174.55,0,-0.16253675871541529,-0.6192100924341978,0
15380.0,1,7,1788.8,0,0.5032881223472149,-0.8364458246479843,0
15381.0,59,3,1293.72,0,-0.06576484516901972,-0.3612689743393338,0
15382.0,10,6,7777.84,0,0.8269056938482824,-0.5387330149573507,0
15384.0,17,2,1385.38,0,0.0015285925036801066,-0.7780060139387435,0
15385.0,28,2,625.2,0,-0.09179305686538126,-0.7009844640726465,0
15387.0,128,1,468.65,0,-0.5297302294420845,0.23933681173155316,0
15389.0,36,4,2233.8,0,0.16534935234382997,-0.5308982380420397,0
15390.0,32,2,1216.66,0,-0.06226156585500076,-0.640059516850072,0
15391.0,220,1,289.87,1,-0.8583766857600226,1.1178762099652444,0
15392.0,10,3,1376.09,0,0.10833544164727214,-0.8296740611046496,0
15393.0,203,3,659.48,1,-0.6060851745954617,1.0003941679238573,0
15394.0,31,7,3103.26,0,0.4965072689432984,-0.49789992230773716,0
15396.0,219,1,508.2000000000001,1,-0.8389806012706131,1.116533938414589,0
15400.0,56,3,586.1,0,-0.10722097495978675,-0.4169765682102937,0
15401.0,88,2,216.95,0,-0.3274556813992851,-0.13908579038381524,0
15402.0,23,4,1203.77,0,0.13461753786356542,-0.6950645777560589,0
15403.0,127,2,170.88,0,-0.46460005566240486,0.23446562632215412,0
15404.0,11,1,257.06,0,-0.1438771370825595,-0.894584577605063,0
15405.0,212,1,310.74,1,-0.8294094081148883,1.0416834039137166,0
15406.0,89,2,465.16,0,-0.3127348207865364,-0.12004868998497195,0
15409.0,357,1,131.25,1,-1.3399051048160087,2.4302172513048306,0
15410.0,204,2,1234.88,1,-0.6509129360016855,1.0157952443032106,0
15413.0,327,5,6798.72,1,-0.41552400886462876,2.458590738547002,0
15416.0,114,3,588.5,0,-0.30599347908971475,0.14125106068746476,0
15418.0,61,2,449.42,0,-0.21784198196656798,-0.39009092956306834,0
15420.0,70,6,743.0,0,0.10665652315647339,-0.22816622255868302,0
15421.0,21,6,2854.98,0,0.4291772947088883,-0.619592697460985,0
15422.0,15,5,1522.27,0,0.2688250173251821,-0.7439233211184759,0
15423.0,217,2,223.39,1,-0.7694725558356439,1.1025312522339907,0
15424.0,99,1,214.44,0,-0.4488459885236396,-0.049373111618770726,0
15425.0,36,4,1941.12,0,0.14394636976463074,-0.5419989421773499,0
15426.0,5,5,1134.85,0,0.2747953081124041,-0.8548477522691631,0
15428.0,23,3,668.97,0,0.012033665901160163,-0.73139397323105,0
15430.0,103,2,954.75,0,-0.32495421830212456,0.033243002429679716,0
15431.0,138,1,153.24,0,-0.5870967831995764,0.3236044576990366,0
15432.0,177,1,149.57,1,-0.7211405477136253,0.6987640124921222,0
15434.0,10,6,1525.5800000000002,0,0.3696929978641904,-0.7758673884609533,0
15437.0,276,1,193.29,1,-1.0575270823732144,1.6531036569649256,0
15439.0,40,4,1269.05,0,0.08107895897681675,-0.5289968892286873,0
15441.0,32,3,1254.21,0,0.023959612764822856,-0.6225897125028758,0
15443.0,110,7,1900.64,0,0.13758165791742488,0.21670790920153957,0
15445.0,226,1,171.0,1,-0.8876501908517674,1.1711060033480667,0
15446.0,12,3,399.75,0,0.030077775749148473,-0.8474583850518017,0
15447.0,163,4,337.71000000000004,1,-0.40893467667335553,0.6193139659083892,0
15448.0,310,1,294.17,1,-1.166774666971061,1.9841133373586877,0
15451.0,70,2,226.86,0,-0.264988501029778,-0.3119247336172624,0
15452.0,26,3,1256.63,0,0.04471741018488628,-0.6802361964575065,0
15454.0,254,1,126.89,1,-0.9869197158387616,1.4388782649895147,0
15455.0,233,1,38.25,1,-0.9213688449801497,1.23343240393982,0
15456.0,39,7,1656.93,0,0.3632995391068792,-0.47577165676707217,0
15458.0,38,1,208.8,0,-0.2400200034521555,-0.6365927611374216,0
15459.0,53,2,202.83,0,-0.20843340912064326,-0.47642790101035254,0
15461.0,96,2,429.7,0,-0.3393388918373928,-0.05403229518341812,0
15462.0,81,1,502.45,0,-0.36604202581411854,-0.21166433782327926,0
15465.0,5,15,5281.53,0,1.412784393213963,-0.537117204283742,0
15466.0,25,3,1225.93,0,0.045902531329694025,-0.6910236243250142,0
15468.0,28,1,962.97,0,-0.15056798899885443,-0.704219212126059,0
15469.0,74,1,335.7,0,-0.3542250844179699,-0.28535011004454425,0
15470.0,211,1,63.42,1,-0.8440651851739419,1.022680059243589,0
15471.0,16,2,837.53,0,-0.0351042187036813,-0.8084077958570085,0
15473.0,80,1,274.8,0,-0.37925938320892155,-0.22992164296101153,0
15474.0,231,1,150.35,1,-0.9063109660994071,1.2184380189150559,0
15476.0,16,4,2209.98,0,0.23221021537457492,-0.7242625751975187,0
15477.0,285,1,368.4,1,-1.0755929533488537,1.7463525952009078,0
15478.0,211,1,583.56,1,-0.8060286013323925,1.042407817371716,0
15479.0,369,1,147.4,1,-1.3798857515751688,2.5463063234227845,0
15480.0,101,4,5373.5,0,0.17198906460318522,0.21368154502705083,0
15481.0,37,1,1993.34,0,-0.10609075870113768,-0.5785321564281204,0
15482.0,22,7,3537.6,0,0.5591407486824098,-0.5680337719306787,0
15483.0,21,6,592.56,0,0.2637319761123602,-0.7054012769669589,0
15484.0,176,2,1061.69,1,-0.5675340359786792,0.7397812749652923,0
15485.0,9,5,3186.01,0,0.4110711399416212,-0.7385596171748099,0
15486.0,163,1,102.0,1,-0.6765972935639739,0.5622371596356562,0
15487.0,315,1,231.32,1,-1.1885214264500874,2.029844800395576,0
15488.0,92,4,340.6,0,-0.16518353217916387,-0.06381260826109895,0
15489.0,36,5,1285.3300000000002,0,0.17946526622830442,-0.55082598833301,0
15490.0,66,1,210.85,0,-0.33591395895761406,-0.36706975293698135,0
15493.0,25,4,2168.27,0,0.19828882067738987,-0.6392371393211714,0
15494.0,114,3,2422.02,0,-0.17191258316716,0.21079241317541714,0
15495.0,15,1,246.5,0,-0.1583699168536793,-0.8564929155524333,0
15496.0,267,1,146.14,1,-1.030103805183162,1.5647079581069474,0
15497.0,18,7,7395.19,0,0.8549575549386215,-0.46021610697202536,0
15498.0,2,19,12633.18,0,2.294584193659177,-0.22297207367469912,0
15499.0,359,1,158.65,1,-1.3447616851119548,2.450502562347347,0
15501.0,40,2,399.95,0,-0.14942670346948678,-0.5940511592714339,0
15502.0,4,5,3548.34,0,0.45471814960111273,-0.772932467137888,0
15503.0,362,1,116.26,1,-1.358151977913183,2.4777639381353356,0
15504.0,156,3,349.87,1,-0.46750971610731673,0.5363682376969363,0
15506.0,17,3,1058.25,0,0.061081602177957856,-0.7743677142521489,0
15509.0,16,1,152.41,0,-0.1686806297576037,-0.850438495984247,0
15512.0,26,2,210.58,0,-0.11525294135800145,-0.7359561720513214,0
15513.0,1,18,12992.33,0,2.2408028674755025,-0.23501897054899182,0
15514.0,15,7,2368.34,0,0.4976465514101389,-0.6797425279659719,0
15515.0,23,1,171.81,0,-0.19127292130765755,-0.7823413828935614,0
15518.0,15,7,2268.44,0,0.4903411053268329,-0.6835315136948139,0
15519.0,19,2,344.61,0,-0.08144068391643966,-0.7982340250781808,0
15521.0,36,8,4098.04,0,0.6355776784810806,-0.39600927992588336,0
15523.0,24,15,16847.18,0,2.193379862163273,0.08438013560078861,0
15524.0,242,1,151.4,1,-0.9439657013343842,1.3243313366126486,0
15525.0,9,2,430.78,0,-0.040837898528688216,-0.891196236495912,0
15527.0,30,15,3126.36,0,1.1694285557419577,-0.3782819071967982,0
15529.0,2,2,1116.72,0,0.03333420623857336,-0.9325413656628595,0
15530.0,148,1,311.37,1,-0.6098344987359599,0.4258324270102224,0
15532.0,12,6,2174.12,0,0.4102588878403635,-0.7320236129978868,0
15534.0,361,1,162.25,1,-1.3513587020123317,2.469885192105114,0
15535.0,40,2,541.47,0,-0.1390776871560787,-0.5886836191278331,0
15536.0,45,1,259.09,0,-0.26035338379586986,-0.5673240587658157,0
15538.0,173,6,3358.4,1,-0.055389807348748946,0.8622037276949285,0
15540.0,11,1,247.38,0,-0.1445850121384794,-0.8949517185645744,0
15542.0,148,3,855.71,1,-0.40307775190541667,0.4785692695725012,0
15543.0,95,1,114.4,0,-0.4424411200319357,-0.09165958670052872,0
15544.0,8,12,4615.72,0,1.1033791862152238,-0.5816376163193304,0
15545.0,7,1,135.32999999999998,0,-0.1390584059837175,-0.9376937063450651,0
15546.0,242,2,1079.1,1,-0.7926499998811787,1.3755625588430154,0
15547.0,12,12,5146.45,0,1.1284696387807676,-0.5230160234842695,0
15548.0,231,1,158.09,1,-0.9057449585650249,1.2187315799715248,0
15549.0,57,5,652.7,0,0.06116965966893067,-0.3727363008232745,0
15550.0,14,8,1635.42,0,0.530955255088211,-0.7011179890501018,0
15551.0,30,6,1243.75,0,0.2804806874324196,-0.5940956788131876,0
15552.0,259,1,162.4,1,-1.0014736457206508,1.4883403049662312,0
15555.0,1,22,7267.83,0,2.1560849382551197,-0.3879541121314608,0
15558.0,275,1,202.68,1,-1.0534102762085893,1.6438367540010144,0
15559.0,204,1,1109.4,1,-0.74356422347141,0.9949904498145019,0
15560.0,33,2,153.52,0,-0.1434365683187618,-0.6707590174073549,0
15561.0,19,4,1133.8,0,0.14322135293910326,-0.7362105643406569,0
15562.0,60,2,536.88,0,-0.20801610497387796,-0.396396810346292,0
15563.0,150,3,1459.02,1,-0.3658194227535471,0.5206975713166936,0
15564.0,99,2,70.74000000000001,0,-0.3758791853052095,-0.03877771831614522,0
15566.0,28,2,227.87,0,-0.12084884157288851,-0.7160543109158978,0
15569.0,26,5,2207.74,0,0.2812202661576355,-0.6120714687608827,0
15570.0,5,14,5105.32,0,1.3164233431836168,-0.5598460753092289,0
15571.0,22,10,3241.92,0,0.7879440963617371,-0.5311114113681497,0
15572.0,16,3,1431.78,0,0.09182708839038105,-0.7698235935593981,0
15573.0,254,3,597.23,1,-0.785574410551408,1.4888084514563547,0
15574.0,8,3,774.84,0,0.07122775532755092,-0.8717242316115906,0
15575.0,255,1,30.1,1,-0.9974278732314239,1.4448302795380024,0
15577.0,359,2,137.15,1,-1.2628586905884196,2.4657327309859536,0
15579.0,19,3,923.03,0,0.044333013452910644,-0.7602502196182839,0
15580.0,12,8,1375.39,0,0.5188001644896677,-0.7302264407342653,0
15581.0,2,26,4076.97,0,2.253215854053592,-0.43517085547457157,0
15583.0,12,1,95.96,0,-0.15908812968660738,-0.8910716989146515,0
15584.0,35,2,547.34,0,-0.12149773766530843,-0.6365762073582087,0
15586.0,228,3,1139.1,1,-0.6567651733704317,1.2591612138445918,0
15587.0,28,3,608.4000000000001,0,-0.009546362676265147,-0.6855760348441945,0
15588.0,313,1,579.6,1,-1.1561922737359591,2.0238081996494692,0
15590.0,18,5,1496.6,0,0.256657417802361,-0.7160277927640584,0
15591.0,218,3,217.9,1,-0.689828926730828,1.1279916895773752,0
15595.0,123,1,357.6,0,-0.5207003575895538,0.18700970687038457,0
15596.0,1,5,1723.45,0,0.331558759094677,-0.8710156374379103,0
15597.0,211,1,238.8,1,-0.8312400687165825,1.0293318341897784,0
15598.0,63,1,307.34,0,-0.3185674636227836,-0.3922792355524941,0
15599.0,81,1,488.32,0,-0.36707531863851406,-0.21220025742636772,0
15600.0,64,4,1199.31,0,-0.006344273664030958,-0.3006888961816787,0
15601.0,8,17,8183.56,0,1.7816629096619072,-0.3660892675342834,0
15602.0,4,8,1932.64,0,0.5869916180123161,-0.7860755414280722,0
15603.0,284,1,40.0,1,-1.096177915277121,1.7242740657170208,0
15605.0,9,5,738.57,0,0.23209575493535056,-0.8313855954750816,0
15606.0,26,8,2310.83,0,0.5391847022717972,-0.5600246453445965,0
15607.0,179,8,1604.21,1,-0.03729984498871698,0.8855006876267381,0
15608.0,51,1,692.3,0,-0.24925460987188322,-0.49315509379961897,0
15611.0,19,13,1405.83,0,0.9143913898887719,-0.5814825248079354,0
15613.0,246,1,433.72,1,-0.9370408730086204,1.3735312883576032,0
15614.0,73,4,3147.36,0,0.10524068197631095,-0.14019627067749635,0
15615.0,26,24,10974.23,0,2.508322054596012,0.025288784144095022,0
15616.0,74,1,317.11,0,-0.35558452628672527,-0.2860551875690605,0
15617.0,32,3,828.5500000000001,0,-0.007167876522664947,-0.6387340534972591,0
15620.0,45,1,389.18,0,-0.25084021581811927,-0.5623900332056049,0
15622.0,63,8,4143.05,0,0.5462554222835563,-0.13447993894443713,0
15623.0,29,7,2136.02,0,0.4326356165371991,-0.5538312828737263,0
15625.0,12,5,1702.14,0,0.29226889098259573,-0.7659703850145609,0
15626.0,57,1,391.72,0,-0.29181612905569554,-0.44681715824250123,0
15627.0,93,2,566.9,0,-0.3190153723779238,-0.07769773766858902,0
15628.0,2,9,2782.02,0,0.7394402429590454,-0.7570609130561642,0
15629.0,86,4,2240.9,0,-0.005638347245739184,-0.04947670748044715,0
15630.0,280,1,295.05,1,-1.0638061714128333,1.69545536783701,0
15631.0,278,1,596.67,1,-1.0348891519744514,1.6876490566393743,0
15633.0,145,13,4335.96,0,0.696467328772456,0.7421544691541394,0
15634.0,19,1,311.1,0,-0.1673664270790405,-0.8155506011736801,0
15635.0,31,1,100.35,0,-0.22393972365103457,-0.7080673434889019,0
15636.0,73,2,719.82,0,-0.23922993936956616,-0.26435871809017863,0
15637.0,49,4,574.23,0,-0.0006027949943220876,-0.4687424690616895,0
15638.0,14,6,2265.2,0,0.41005907237509753,-0.70932306060189,0
15639.0,87,2,639.76,0,-0.2931064676294513,-0.13267258844264276,0
15640.0,8,15,11411.92,0,1.8507946156690873,-0.27573595534979195,0
15641.0,32,8,3458.35,0,0.6025192438811321,-0.4587634842225522,0
15642.0,365,1,105.78000000000002,1,-1.3692087693678818,2.50623558954502,0
15645.0,50,2,443.16,0,-0.18056824146726688,-0.49618185102089396,0
15646.0,8,3,526.97,0,0.0531016199855183,-0.8811253916977575,0
15647.0,51,1,169.0,0,-0.2875222768928445,-0.5130027037285784,0
15649.0,3,3,1354.35,0,0.1307566146404198,-0.8978599252124072,0
15650.0,157,2,553.88,1,-0.5394963325773944,0.5376833139778445,0
15651.0,56,2,612.76,0,-0.18874663112706702,-0.43201102947792097,0
15652.0,23,4,1068.2,0,0.12470363070126518,-0.7002064475784725,0
15658.0,8,4,1399.37,0,0.2003733657990157,-0.8319915759819548,0
15659.0,22,2,226.04,0,-0.1004018364036164,-0.7738619879570908,0
15660.0,1,7,1212.13,0,0.4611176359321991,-0.858317640466316,0
15661.0,15,6,906.15,0,0.3072448852215359,-0.7512457720402703,0
15662.0,297,2,283.73,1,-1.0394710858980702,1.8746634040454386,0
15664.0,85,3,867.6,0,-0.18610956399020948,-0.12723159560531416,0
15665.0,47,3,1764.86,0,0.009850144152043876,-0.4588762160688249,0
15666.0,108,2,632.9399999999999,0,-0.3656380980787777,0.06915268624393574,0
15670.0,192,1,152.15,1,-0.7724039501757064,0.843207539163883,0
15672.0,361,1,45.3,1,-1.359910973478224,2.4654495376407692,0
15673.0,87,5,3478.09,0,0.16487947343868328,0.023115829818066657,0
15674.0,53,8,4501.63,0,0.6067788940332034,-0.21711024243029792,0
15675.0,40,1,218.35,0,-0.24618191120142482,-0.6169844610584669,0
15677.0,57,2,648.4,0,-0.18957050198507266,-0.42103623835215026,0
15678.0,31,2,1473.24,0,-0.040068351108469825,-0.6399510506216665,0
15680.0,2,8,3173.9,0,0.6846222446350586,-0.7582433886592501,0
15681.0,15,9,1563.54,0,0.6057439435977247,-0.6781755773577465,0
15682.0,235,2,318.24,1,-0.8242788900421165,1.2793435102317372,0
15683.0,109,1,330.79,0,-0.4746389747042726,0.05127023483204441,0
15684.0,183,3,173.95,1,-0.5729880504147989,0.7895181931220956,0
15685.0,86,1,55.98,0,-0.41584199076339357,-0.18048273169628495,0
15686.0,56,1,90.0,0,-0.3104500469248777,-0.4678837744206272,0
15688.0,54,1,190.57,0,-0.2962353291386349,-0.48331546680728876,0
15689.0,253,1,266.93,1,-0.9732487902468699,1.4345666271454551,0
15691.0,30,3,434.5,0,-0.029123526521455258,-0.6729255869369722,0
15693.0,295,1,37.5,1,-1.1340922534509943,1.8300327397776028,0
15694.0,1,12,4331.41,0,1.106599248316543,-0.6597821789538353,0
15695.0,233,2,721.06,1,-0.7879613586554809,1.2753754908835389,0
15696.0,59,5,1170.11,0,0.09214632897539492,-0.33386599581689524,0
15697.0,325,1,246.75,1,-1.2216944488542163,2.1266604747767737,0
15698.0,260,1,46.2,1,-1.0134012096045744,1.4935561412064426,0
15702.0,112,2,140.39,0,-0.41537764419316736,0.08896353516899201,0
15704.0,138,2,1441.04,0,-0.4094478371557955,0.38849347533436857,0
15708.0,5,3,969.19,0,0.09573051646530752,-0.8932221011798112,0
15709.0,225,1,194.6,1,-0.8824942416556733,1.1623780542100497,0
15710.0,53,1,898.87,0,-0.24100892015035227,-0.46607426150548453,0
15711.0,192,2,420.25,1,-0.6693232060453101,0.8694215943597733,0
15712.0,15,7,2400.05,0,0.4999654272389841,-0.6785398379012915,0
15713.0,2,3,654.09,0,0.08297842768174038,-0.9340422808537233,0
15714.0,89,3,453.93,0,-0.23008080592991265,-0.1044290029936607,0
15715.0,191,5,658.02,1,-0.39807980821319633,0.9169534870040061,0
15716.0,5,8,1913.55,0,0.5821654742400028,-0.7771765379793737,0
15717.0,57,4,456.7000000000001,0,-0.03663858533627669,-0.3962157627153659,0
15718.0,176,1,293.79,1,-0.707163948802132,0.6946109127896699,0
15719.0,17,18,5165.9,0,1.6135927058764112,-0.3778894076297134,0
15720.0,186,1,140.49,1,-0.7526757892006175,0.7850270319954176,0
15722.0,81,6,3022.79,0,0.23564054876106316,-0.035845343902717,0
15723.0,47,3,740.0,0,-0.06509539611759564,-0.49774688587924576,0
15724.0,36,1,92.6,0,-0.2416571530080372,-0.6602460594944645,0
15726.0,26,1,321.91,0,-0.19058688461363488,-0.7477792877567758,0
15727.0,23,8,4212.65,0,0.6885506268115806,-0.5167619597333787,0
15728.0,15,2,544.6,0,-0.05309534507063865,-0.8291410268043384,0
15729.0,36,2,107.55,0,-0.15708865788653903,-0.6436334230899292,0
15730.0,17,2,605.7,0,-0.055487525636780576,-0.8075775494048452,0
15731.0,189,1,125.3,1,-0.7640770115967814,0.8133200435374054,0
15732.0,8,9,1387.95,0,0.6169144371122274,-0.7521966311990613,0
15734.0,72,2,923.85,0,-0.22087957939458408,-0.26624335696738516,0
15735.0,57,1,327.68,0,-0.2964992198182072,-0.4492460535986078,0
15736.0,71,2,1767.12,0,-0.15578313979705416,-0.24388303851421142,0
15738.0,8,26,8560.550000000001,0,2.5605084182922946,-0.20738032768024775,0
15741.0,94,2,208.62,0,-0.34864566286691945,-0.08166345963896898,0
15742.0,255,1,156.87,1,-0.9881574888472326,1.449638384851769,0
15747.0,11,6,1553.17,0,0.36828044991939185,-0.7651979160050242,0
15748.0,85,2,465.4500000000001,0,-0.2989930613485053,-0.15852987039030628,0
15750.0,2,12,4330.461,0,1.1030997121257837,-0.6501951275561186,0
15751.0,96,11,1380.44,0,0.4814635706498195,0.12643771135653456,0
15752.0,8,3,1557.96,0,0.12849543237218153,-0.8420222245648361,0
15754.0,129,6,2579.04,0,0.03854355215036352,0.4092303550269881,0
15755.0,15,11,3628.87,0,0.9237270211414571,-0.5677509529765344,0
15757.0,22,4,2225.94,0,0.2127965030296984,-0.6659189785532372,0
15759.0,147,4,577.8900000000001,1,-0.3364886827367284,0.47445474347531835,0
15760.0,266,2,13916.34,1,0.0637830886822667,2.093403715277907,-1
15761.0,78,1,143.05,0,-0.38203366676475725,-0.2541647183759472,0
15764.0,70,2,1223.11,0,-0.19213514106487706,-0.2741391777377942,0
15765.0,302,1,370.63,1,-1.1337422266855768,1.9100289368793957,0
15766.0,92,2,516.0,0,-0.31930742851923,-0.08925130679458128,0
15768.0,112,31,14687.06,3,3.0691671450332576,1.106009372976943,-1
15769.0,7,21,32451.6,3,3.893657239385692,0.6089031569456621,-1
15770.0,248,1,321.45,1,-0.9521111835793947,1.3885192256589047,0
15771.0,240,3,1006.54,1,-0.70762062380375,1.3696100450442663,0
15772.0,54,1,280.88,0,-0.28963117662829085,-0.4798902085373015,0
15773.0,45,1,138.84,0,-0.269146976303553,-0.5718848749209033,0
15774.0,54,5,1017.54,0,0.09813994335666566,-0.38776786231431526,0
15775.0,267,1,45.6,1,-1.0374560529230576,1.5608946985956584,0
15777.0,32,3,715.5,0,-0.015434950393713448,-0.6430217895998176,0
15778.0,67,1,307.95,0,-0.3322434082312354,-0.35376392014059366,0
15779.0,99,2,124.08,0,-0.37197855973880767,-0.03675465026032505,0
15782.0,66,1,1399.36,0,-0.24900108884279903,-0.3219922010992832,0
15784.0,103,2,848.3299999999999,0,-0.33273645626193865,0.029206727542158497,0
15785.0,15,11,3640.96,0,0.9246111336854728,-0.5672924060549959,0
15786.0,53,2,3582.62,0,0.03872248295039568,-0.3482399522968089,0
15788.0,144,1,221.83,1,-0.6026617905658302,0.383944193671736,0
15789.0,67,5,1610.71,0,0.09692523955912181,-0.24017065478750252,0
15791.0,165,3,1995.65,1,-0.378029036619136,0.6853964316069537,0
15792.0,35,2,933.84,0,-0.09323392474040584,-0.6219171184273034,0
15793.0,14,5,1433.96,0,0.26579725810102833,-0.7568957686840676,0
15794.0,372,2,777.0,1,-1.2606597985584487,2.615100407519997,0
15795.0,66,7,1369.86,0,0.24969307334634921,-0.2268373746528318,0
15796.0,10,9,2463.02,0,0.6886714373778151,-0.6921755175685974,0
15797.0,217,2,613.6800000000001,1,-0.7409315893506239,1.1173340874703246,0
15798.0,128,3,1535.37,0,-0.2847730929719278,0.31188637066052366,0
15799.0,54,1,537.1999999999999,0,-0.27088711316409675,-0.4701685586672636,0
15800.0,89,5,530.18,0,-0.05755435196358073,-0.06944577734643367,0
15803.0,81,3,1513.84,0,-0.12513103881132234,-0.1412133232424252,0
15805.0,21,13,4660.75,0,1.145555563774926,-0.438784528885016,0
15807.0,44,2,913.62,0,-0.1255838075624133,-0.5360766144497267,0
15808.0,5,18,14482.03,0,2.3360204835095946,-0.14002576966200236,0
15809.0,95,2,758.67,0,-0.3118519709650308,-0.05117823659354228,0
15810.0,22,4,1607.06,0,0.16753930110741194,-0.6893917261795212,0
15811.0,1,2,1557.38,0,0.06898874746173063,-0.9254511527581252,0
15812.0,71,7,3400.33,0,0.38102575726177856,-0.10171092056589773,0
15814.0,29,2,689.11,0,-0.0905496107987116,-0.688937454462848,0
15816.0,178,2,144.14999999999998,1,-0.6414917996776199,0.7242271047804618,0
15817.0,56,3,2766.4,0,0.05221910607556938,-0.33428261841455514,0
15818.0,224,1,340.5,1,-0.8683947883956319,1.158288673186521,0
15819.0,67,6,2029.34,0,0.21101387957460363,-0.20824733010449925,0
15822.0,129,4,954.59,0,-0.24719903421010608,0.3155273325289779,0
15823.0,8,3,3882.17,0,0.298459304657273,-0.753870087219171,0
15824.0,89,2,890.94,0,-0.28159855618843804,-0.10389979765637976,0
15826.0,204,1,943.97,1,-0.7556617204239757,0.9887160563297938,0
15827.0,8,16,1957.98,0,1.2429260200623036,-0.6182573437498117,0
15828.0,11,1,1108.82,0,-0.08158998236867843,-0.8622792073908639,0
15833.0,373,1,80.4,1,-1.3985058524367968,2.582257341285866,0
15834.0,12,3,1539.24,0,0.11340593147954241,-0.8042400532384063,0
15837.0,121,1,385.03,0,-0.5118341916204582,0.1688039762834477,0
15838.0,3,16,40519.92,3,4.0800183876629035,0.7961964042583951,-1
15841.0,22,5,1518.35,0,0.2445273904131393,-0.6767106839757042,0
15842.0,29,2,548.8,0,-0.10081014273012967,-0.69425910198651,0
15845.0,172,3,714.51,1,-0.4957266820148634,0.7041669430981577,0
15846.0,21,1,107.01,0,-0.18915131281867512,-0.8040451930978266,0
15847.0,64,3,433.3,0,-0.14583597534536696,-0.3457875748435123,0
15848.0,257,1,137.99,1,-0.9963984139353247,1.4681683980010845,0
15850.0,12,4,771.87,0,0.14076525162714712,-0.8172990816525666,0
15851.0,162,1,109.73,1,-0.6726018791961286,0.5529072965485229,0
15852.0,162,1,96.55,1,-0.6735657008115238,0.5524074083412542,0
15854.0,12,9,2609.16,0,0.6924980269310359,-0.6673866613264543,0
15855.0,112,1,340.48,0,-0.4842207827005101,0.08050688966666084,0
15856.0,1,26,17703.63,3,3.253130776202404,0.07203513140925225,0
15857.0,66,1,273.48,0,-0.3313339780947766,-0.3646943357578284,0
15858.0,3,9,2508.77,0,0.7160279913135285,-0.7578016354617451,0
15859.0,68,1,438.46,0,-0.3261296647756951,-0.33919092004490053,0
15860.0,4,10,1498.8,0,0.7222164204007345,-0.7704388996689837,0
15861.0,92,4,1222.28,0,-0.10070840001971207,-0.03037243871750092,0
15862.0,9,10,2033.64,0,0.7441772892453435,-0.7020383787715191,0
15863.0,253,3,286.26,1,-0.8048847586134887,1.4673910032662987,0
15864.0,17,1,244.44000000000003,0,-0.165380835904522,-0.837324957058182,0
15865.0,49,2,1346.29,0,-0.11109438442682706,-0.47155117535322094,0
15867.0,5,17,5224.81,0,1.5755870717478906,-0.5071772362177374,0
15868.0,219,1,94.53,1,-0.8692312907729274,1.1008443515632367,0
15869.0,262,1,171.47,1,-1.0111007928217097,1.5175534445741021,0
15870.0,32,3,506.02,0,-0.030753717616245384,-0.650966902017013,0
15871.0,73,1,33.099999999999994,0,-0.372923354564963,-0.3064501026735349,0
15872.0,14,2,413.0,0,-0.05928879759755839,-0.8437553681857616,0
15873.0,135,4,313.92,0,-0.3146305149401801,0.34896640766045117,0
15874.0,23,14,6878.88,0,1.3843770229361692,-0.3193640652307577,0
15875.0,282,1,108.52,1,-1.0843069366997866,1.7076267878187539,0
15876.0,45,2,1449.14,0,-0.08985265952028876,-0.5061424821214178,0
15878.0,197,2,330.77,1,-0.6930173532040005,0.9141430404801538,0
15879.0,40,4,1137.8,0,0.0714809629964973,-0.5339749110195834,0
15880.0,5,1,329.03000000000003,0,-0.11803331588778208,-0.9495931841078321,0
15882.0,4,6,979.62,0,0.35034908834568174,-0.8543127111941864,0
15884.0,68,2,244.6,0,-0.25683094139248647,-0.3304979844415615,0
15885.0,19,12,1572.47,0,0.8431021335487306,-0.5912078547209748,0
15886.0,52,3,871.78,0,-0.07260933306214899,-0.4446335380335037,0
15887.0,42,3,1027.15,0,-0.02694611855563104,-0.5349711467241491,0
15888.0,36,2,260.85,0,-0.14587819858152593,-0.6378190936381626,0
15889.0,5,7,1279.6,0,0.45233100188560754,-0.8172664733444017,0
15890.0,30,5,535.65,0,0.1452238043965716,-0.6369979594414152,0
15892.0,305,1,128.2,1,-1.161760962274638,1.9297032385412825,0
15893.0,117,1,305.28000000000003,0,-0.5039455643596824,0.12728705596083095,0
15894.0,5,1,151.44,0,-0.13102004431555295,-0.9563287794590339,0
15898.0,3,22,4129.26,0,1.9197086068444158,-0.4877470307980735,0
15899.0,4,1,56.25,0,-0.13455092134804655,-0.9695621701859313,0
15900.0,49,3,549.29,0,-0.08590183472415083,-0.48573400403910894,0
15901.0,87,4,335.99,0,-0.14836995981505072,-0.11210267967904483,0
15902.0,16,1,145.01,0,-0.16922177391192267,-0.8507191615937909,0
15903.0,14,5,3813.08,0,0.43977656626634337,-0.666661016660017,0
15905.0,179,1,114.69,1,-0.730551514216461,0.7166871810802615,0
15906.0,10,3,962.5,0,0.07809060235203164,-0.8453606137331958,0
15908.0,126,2,758.62,0,-0.41818990873421613,0.247134257855498,0
15910.0,36,7,1432.29,0,0.35716257197191925,-0.5131608890032361,0
15911.0,259,8,1700.24,1,-0.30468845142038087,1.658986482087459,0
15912.0,72,7,810.08,0,0.1881768832436889,-0.19033032098676364,0
15913.0,170,1,6.300000000000001,1,-0.7076065705413404,0.6259687846643828,0
15914.0,14,2,205.99,0,-0.07442693967668927,-0.8516067989738255,0
15915.0,37,1,364.45,0,-0.22520755620500466,-0.6403123462564837,0
15916.0,2,7,1874.83,0,0.5061491506697677,-0.8235598524323603,0
15917.0,242,4,407.07,1,-0.674843457778873,1.3821651814754485,0
15918.0,267,1,248.65,1,-1.0226074960940759,1.5685959353548313,0
15919.0,4,1,214.08,0,-0.12300919406748415,-0.9635760278677817,0
15920.0,60,5,401.64,0,0.03251983299179181,-0.35338931594657164,0
15921.0,32,3,452.23,0,-0.03468725059743687,-0.6530070375761163,0
15922.0,9,1,369.5,0,-0.12879439482175362,-0.9095660671829022,0
15923.0,8,1,127.08,0,-0.14309184669754194,-0.9283835657061701,0
15924.0,367,1,102.82,1,-1.376285503248304,2.5253694130327053,0
15926.0,178,1,134.44,1,-0.7256771062357895,0.7078132099697116,0
15927.0,283,1,106.54,1,-1.0878818674342086,1.71717473567006,0
15928.0,292,1,293.53,1,-1.1050789826594007,1.8108742559927153,0
15929.0,280,1,594.0,1,-1.0419446788542313,1.706793879184731,0
15931.0,64,1,239.9,0,-0.3269293262952755,-0.3852140405120992,0
15934.0,53,2,2190.66,0,-0.0630681950287697,-0.4010339120077093,0
15936.0,15,2,282.79,0,-0.07224087899526672,-0.8390709002144298,0
15938.0,92,4,330.23,0,-0.1659418652710946,-0.06420591939231107,0
15939.0,10,1,2945.38,0,0.05614335953202486,-0.8022455993020395,0
15941.0,273,1,405.0,1,-1.0317548263004608,1.6322642137455807,0
15943.0,285,2,271.29,1,-0.9992191357858667,1.7587150440101074,0
15944.0,29,3,1839.14,0,0.07702454738824176,-0.6292737477770913,0
15945.0,1,4,646.27,0,0.16931194572422859,-0.9279163049810629,0
15946.0,138,3,2304.18,0,-0.262853252811081,0.43727607976039057,0
15948.0,60,1,553.85,0,-0.29025036747296246,-0.41179879185128143,0
15950.0,11,6,5376.2,0,0.6478494142823682,-0.620198855835505,0
15951.0,17,1,304.95,0,-0.16095588552913814,-0.8350299467833849,0
15953.0,5,11,1990.8,0,0.8382402934693532,-0.7261097685293866,0
15954.0,225,1,190.75,1,-0.8827757828710959,1.1622320322375168,0
15955.0,8,9,4242.1,0,0.8256315436053988,-0.6439450434315489,0
15956.0,187,2,617.6,1,-0.6377407859235946,0.8287914184152702,0
15957.0,56,2,492.36,0,-0.1975511927730134,-0.4365775348007696,0
15958.0,39,3,357.77,0,-0.06560584936516063,-0.5892283820938987,0
15959.0,318,3,542.89,1,-1.0090770027044542,2.1026223270235516,0
15960.0,10,4,410.95,0,0.12123231863276047,-0.8502340675727947,0
15961.0,15,1,451.29,0,-0.1433941180208441,-0.8487256844472326,0
15962.0,85,1,289.48,0,-0.39533656075763035,-0.18124963874737557,0
15964.0,299,1,269.21000000000004,1,-1.1308684123752417,1.877313166319988,0
15965.0,3,10,2119.26,0,0.7710193020220741,-0.7565292710080351,0
15966.0,86,1,426.53,0,-0.3887445628738136,-0.16642859093730183,0
15967.0,15,10,2568.32,0,0.7626963195664578,-0.6240208814539149,0
15968.0,24,1,404.55,0,-0.17768334448778922,-0.763891025329805,0
15969.0,61,2,460.95,0,-0.2169988208720683,-0.38965362220117095,0
15970.0,234,1,703.22,1,-0.8761713306168645,1.2682762880458929,0
15971.0,21,6,1702.98,0,0.34493431284734166,-0.6632855058656498,0
15972.0,92,5,1769.33,0,0.022771284900856368,0.006421572124640441,0
15973.0,2,3,680.62,0,0.08491850260256226,-0.9330360567157235,0
15976.0,46,4,1266.77,0,0.06033139941913238,-0.4713450953841463,0
15978.0,68,2,2180.64,0,-0.11525300510496143,-0.2570682754278745,0
15979.0,238,1,329.22,1,-0.9172416011238874,1.2925834758914116,0
15980.0,126,4,4144.82,0,-0.0036147934722015112,0.40765655570673587,0
15981.0,37,13,5954.29,0,1.1852668147520935,-0.23575470392902606,0
15982.0,241,1,324.51,1,-0.9278764463933943,1.32127397062097,0
15983.0,1,6,2458.9,0,0.46881568167385257,-0.8270760318879227,0
15984.0,4,21,5735.09,0,1.9502337063753392,-0.4332640268454402,0
15985.0,72,5,1572.86,0,0.07700666979063257,-0.19349099712377718,0
15986.0,17,1,186.3,0,-0.1696324738953469,-0.839530078482355,0
15987.0,4,2,216.7,0,-0.03934236211122285,-0.9474310410532026,0
15988.0,187,2,582.11,1,-0.640336084036673,0.8274453613230118,0
15989.0,11,2,368.31,0,-0.05226645519607268,-0.8743194954979504,0
15990.0,130,5,1205.64,0,-0.1487952535716434,0.3507177638551165,0
15991.0,170,1,150.55,1,-0.6970579159115416,0.6314398676612343,0
15992.0,32,2,854.61,0,-0.08873740924299814,-0.6537912714359305,0
15994.0,47,2,761.4100000000001,0,-0.1470049721240887,-0.5129804680185089,0
15995.0,50,1,694.54,0,-0.24566066596447186,-0.5026931804268058,0
15996.0,2,2,617.07,0,-0.003203993316219854,-0.9514919834748308,0
15998.0,29,11,5193.92,0,0.9901534198696355,-0.37366944482674314,0
15999.0,371,1,20.4,1,-1.3960332315233914,2.5607355844499535,0
16001.0,17,1,583.39,0,-0.14059423980906083,-0.8244693343075213,0
16002.0,261,1,169.21,1,-1.0078359230621952,1.5078446829140846,0
16003.0,17,5,2878.46,0,0.36113964524781667,-0.6732399485481516,0
16004.0,110,5,2146.39,0,-0.011397712577190026,0.19393743034797753,0
16005.0,11,6,1786.78,0,0.3853637858505341,-0.7563376061340052,0
16006.0,23,1,231.42,0,-0.18691378576185305,-0.7800805076253304,0
16007.0,19,3,1359.25,0,0.0762327300741293,-0.7437053612135244,0
16008.0,18,12,4860.35,0,1.0869670070772983,-0.47612889359928745,0
16010.0,12,8,1302.46,0,0.513466969466089,-0.7329925140996753,0
16011.0,2,14,2486.0,0,1.1351692026075033,-0.688060215905187,0
16012.0,37,2,1563.3,0,-0.05406330915131458,-0.5787970051034391,0
16013.0,7,39,20009.84,3,4.486375613009587,0.4258358460480282,0
16014.0,44,2,453.45,0,-0.15923492992632643,-0.5535298433069963,0
16016.0,2,4,980.91,0,0.19035322380424594,-0.9056011061183176,0
16017.0,53,4,1333.7,0,0.04121486214675151,-0.40144527466891744,0
16018.0,32,2,289.23,0,-0.13008228518473533,-0.6752348825607825,0
16019.0,17,18,13542.92,0,2.22618397663493,-0.06016759351335421,0
16021.0,31,2,487.03,0,-0.1121875100856191,-0.6773558115389968,0
16024.0,47,2,232.96,0,-0.1856492462254206,-0.5330234060405967,0
16027.0,93,9,1113.74,0,0.305300381796658,0.055362004444806344,0
16028.0,231,1,82.2,1,-0.9112946112503311,1.2158532403622972,0
16029.0,8,47,41184.3,3,6.699184572224138,1.3669241869825641,-1
16032.0,92,6,1965.72,0,0.12060804966554811,0.029915825852910468,0
16033.0,5,8,1985.63,0,0.5874365108134232,-0.7744427032312763,0
16034.0,30,3,473.62,0,-0.02626277526240691,-0.6714418519848971,0
16035.0,196,1,217.73,1,-0.7813287953644146,0.8841870227720083,0
16036.0,60,2,1797.92,0,-0.11579929087085296,-0.3485683562572134,0
16037.0,180,2,654.32,1,-0.6110445741113272,0.762822812622909,0
16039.0,59,2,456.4,0,-0.21047127518069159,-0.4090722833547582,0
16040.0,66,4,1103.35,0,-0.020221873267650795,-0.2850823567058284,0
16042.0,15,3,1067.85,0,0.06864390324549852,-0.7932496972469462,0
16043.0,15,4,1082.6,0,0.15319777284931235,-0.7766446463994254,0
16044.0,71,1,340.84000000000003,0,-0.34355879428544184,-0.31402429582652075,0
16045.0,52,4,2094.23,0,0.10026072507828805,-0.3822231011527246,0
16046.0,198,1,235.78,1,-0.7868691186121013,0.9041177090240878,0
16047.0,318,1,107.14,1,-1.2078928247083087,2.054004062642403,0
16048.0,9,4,818.7900000000001,0,0.15448681240392478,-0.8443886445741724,0
16049.0,11,3,777.34,0,0.0611201599705629,-0.8427602775516526,0
16050.0,19,2,162.8,0,-0.09473601076734922,-0.8051296756823927,0
16051.0,317,1,188.44,1,-1.198517413660295,2.047464546703127,0
16053.0,49,4,2122.89,0,0.11264697609048943,-0.4100052254297725,0
16054.0,54,3,1327.98,0,-0.04610880344296357,-0.40808479275147297,0
16057.0,155,3,1591.73,1,-0.37326535104086844,0.5738461920025539,0
16058.0,42,1,62.7,0,-0.2644244965579229,-0.6036418310736534,0
16059.0,3,7,1718.66,0,0.49129867707663766,-0.8198599897615364,0
16060.0,36,3,541.95,0,-0.041846795801650474,-0.6111119772363169,0
16061.0,67,1,89.65,0,-0.3482071607836448,-0.36204355562213736,0
16062.0,15,4,1709.83,0,0.19906559013491817,-0.752855201767778,0
16064.0,361,1,109.31,1,-1.355230076543365,2.4678772951633237,0
16065.0,1,8,1992.13,0,0.6016323925755517,-0.8126883520913042,0
16067.0,198,3,3269.11,1,-0.39809853547637486,1.051256429356442,0
16068.0,229,1,115.73,1,-0.9019823669918644,1.1978788692643088,0
16069.0,53,1,457.7,0,-0.27327061833425725,-0.4828068624463578,0
16071.0,163,3,750.5600000000001,1,-0.46221918946814394,0.6189268359582945,0
16072.0,64,3,3595.77,0,0.08542782920991558,-0.2258420923821403,0
16074.0,26,1,252.5,0,-0.19566267052596992,-0.750411855318727,0
16075.0,138,2,736.9300000000001,0,-0.46093770343924484,0.36178814258627084,0
16077.0,261,1,2300.4,1,-0.8519871378942179,1.588675999184864,0
16078.0,305,1,283.79,1,-1.1503830407921398,1.9356044226208673,0
16080.0,21,2,385.4,0,-0.08531808580342189,-0.7774408609935302,0
16081.0,2,4,1637.14,0,0.23834174115407475,-0.8807117557195386,0
16082.0,306,1,106.75,1,-1.1667596871556263,1.938512732417208,0
16083.0,18,2,1033.8,0,-0.02761174314289159,-0.781717619749131,0
16085.0,16,7,1359.52,0,0.4204438395494327,-0.7083817912380626,0
16086.0,3,6,1743.6,0,0.4096472414572724,-0.8349596868194901,0
16087.0,25,5,1739.92,0,0.25043985585164524,-0.639437890039716,0
16088.0,211,2,1437.43,1,-0.660111909732345,1.0908388312301067,0
16089.0,22,2,263.49,0,-0.09766320821723193,-0.7724415924060885,0
16090.0,260,1,180.56,1,-1.003575786824264,1.4986521184089172,0
16092.0,140,3,770.08,0,-0.38189856242717024,0.39833715441064654,0
16094.0,11,7,2617.33,0,0.5295751420885926,-0.7087910682235284,0
16095.0,92,1,447.05,0,-0.4078248134154882,-0.10791204359308526,0
16096.0,52,3,1264.35,0,-0.043901635675527996,-0.4297442274472022,0
16098.0,9,8,2435.67,0,0.6066262982692378,-0.7188815033737955,0
16099.0,53,4,841.3,0,0.00520683760801401,-0.42012091603910584,0
16100.0,98,1,582.64,0,-0.41849027235750286,-0.04503114602046174,0
16101.0,70,3,1938.46,0,-0.05634808301297329,-0.23096192066778382,0
16103.0,25,16,4762.07,0,1.3896700116201925,-0.34831265818530427,0
16104.0,54,8,2476.25,0,0.45523760088675597,-0.2843053748966994,0
16105.0,74,4,2049.23,0,0.021506945193682254,-0.1722228644345007,0
16108.0,70,3,1393.42,0,-0.09620554380621757,-0.25163408064424087,0
16109.0,334,1,327.6,1,-1.2466533263144646,2.2163343399917284,0
16110.0,158,1,460.64,1,-0.6332201247057576,0.5277243561456568,0
16111.0,64,1,549.33,0,-0.3043014566100165,-0.373478045976808,0
16115.0,33,4,892.92,0,0.07758444590927555,-0.6106239810886404,0
16117.0,38,2,422.19,0,-0.14094006968429854,-0.6124537350629022,0
16118.0,288,1,4376.25,1,-0.7927989624218609,1.9272306032049642,0
16119.0,30,6,1297.45,0,0.28440763893065313,-0.592058956754741,0
16120.0,58,2,1658.37,0,-0.11914396961637627,-0.3731072683957222,0
16121.0,26,3,595.38,0,-0.0036382076588183584,-0.7053159443373543,0
16122.0,2,3,316.92,0,0.05832199869366947,-0.9468303921469533,0
16124.0,54,3,1523.49,0,-0.03181162863067973,-0.4006695314917542,0
16125.0,3,14,4292.35,0,1.2638330838432994,-0.6099263164719301,0
16126.0,15,11,8356.83,0,1.2694713340946846,-0.38842990226045854,0
16127.0,362,1,145.06,1,-1.3560459033666443,2.4788562583454525,0
16128.0,16,6,1920.83,0,0.3780158485316975,-0.7031381622161462,0
16129.0,43,3,1396.05,0,-0.003399489296293778,-0.5113565419447859,0
16130.0,58,4,987.48,0,-0.001254062063269993,-0.36646140808830535,0
16131.0,11,6,6450.88,0,0.726438171007166,-0.5794386237727227,0
16132.0,180,2,664.1999999999999,1,-0.6103220735377229,0.763197539139435,0
16133.0,12,23,8403.22,0,2.284856989344763,-0.2229921746959147,0
16134.0,59,3,1527.25,0,-0.048687359444951145,-0.35241169869112077,0
16135.0,219,1,301.9,1,-0.8540668227619648,1.108709436353927,0
16136.0,299,1,237.42,1,-1.1331931384111606,1.8761074420325017,0
16137.0,316,1,422.7,1,-1.1779564066873314,2.046726464768692,0
16138.0,14,3,910.35,0,0.060556446178462404,-0.8088463682617728,0
16139.0,358,2,475.74,1,-1.234668282315443,2.4689516548682366,0
16140.0,7,2,832.4200000000001,0,-0.004606657696389938,-0.8952090106304968,0
16141.0,53,1,335.54,0,-0.28220388453582546,-0.4874401206709358,0
16143.0,5,7,2485.89,0,0.5405440805225565,-0.7715145654880969,0
16145.0,24,8,3005.9500000000003,0,0.5968774277540317,-0.5529063731158123,0
16146.0,84,1,212.25,0,-0.3975540663020741,-0.19380184645435292,0
16147.0,36,4,2023.91,0,0.1500006028100452,-0.5388589008511154,0
16148.0,72,1,310.3,0,-0.3492222489451811,-0.3055595655169138,0
16149.0,65,1,141.70000000000002,0,-0.33754059358761224,-0.3793155041405648,0
16150.0,8,6,2342.57,0,0.4362977825473511,-0.7641268570652624,0
16153.0,56,6,3309.26,0,0.3423428617498458,-0.2655562929564986,0
16155.0,17,5,796.9,0,0.20892018229319767,-0.7521889088457334,0
16156.0,18,11,3096.14,0,0.8744793466336396,-0.5590870873214826,0
16158.0,158,9,628.32,1,0.046843810717532346,0.6624490152882729,0
16159.0,106,3,884.59,0,-0.25690002655922045,0.0754967396438642,0
16161.0,4,25,7210.59,0,2.3920344137896237,-0.3131191158987537,0
16163.0,1,5,1992.98,0,0.35126883800191894,-0.8607929615270515,0
16165.0,141,1,79.9,1,-0.6027503748624494,0.3496919685390008,0
16166.0,64,2,435.83,0,-0.22912620022125763,-0.3617372335649629,0
16167.0,50,5,1386.12,0,0.13881386233444426,-0.41228061875493255,0
16168.0,5,40,6848.87,3,3.614281129515413,-0.07653106918448777,-1
16170.0,31,14,4983.95,0,1.2183642569338735,-0.314250204074062,0
16172.0,109,3,744.34,0,-0.2774465851633749,0.09904650238456093,0
16174.0,127,4,1237.2,0,-0.21967217022761676,0.30700001413709516,0
16175.0,107,3,798.85,0,-0.2666001240998255,0.08186785621741424,0
16176.0,57,4,2052.69,0,0.08007231450852356,-0.3356833970159205,0
16177.0,72,7,1915.36,0,0.2690033441741839,-0.14840949870073242,0
16178.0,37,1,414.7,0,-0.2215328948868252,-0.6384064750565406,0
16180.0,114,5,5995.69,0,0.2563717610962297,0.3784250328943829,0
16182.0,74,5,3354.0,0,0.20039686641297566,-0.1066902122864716,0
16183.0,30,3,739.1,0,-0.006848863088272016,-0.661372783603586,0
16185.0,200,1,115.31,1,-0.8025390754079317,0.9187946384877869,0
16186.0,8,15,5019.17,0,1.3833082247876614,-0.5181988033783697,0
16188.0,44,1,105.8,0,-0.26813297371565153,-0.582761053805483,0
16190.0,30,7,2508.4700000000003,0,0.45644184873543264,-0.530082034457352,0
16191.0,11,11,10497.3,0,1.439719295720602,-0.34573879560720305,0
16192.0,371,1,351.3,1,-1.3718353125147231,2.573285888530773,0
16193.0,46,1,315.98,0,-0.259623293399919,-0.5555433022072332,0
16194.0,11,1,308.6,0,-0.14010814117531634,-0.8926297795623752,0
16195.0,359,1,323.25,1,-1.332724884057779,2.456745475770444,0
16196.0,124,1,93.3,0,-0.5434581173186986,0.18660843814121164,0
16197.0,105,9,2016.71,0,0.3301707430014364,0.20508619492163604,0
16198.0,73,1,629.36,0,-0.3293202986927704,-0.2838352815456135,0
16199.0,28,7,942.75,0,0.3488047972108451,-0.6087124158341256,0
16200.0,18,10,4539.23,0,0.8965338005341982,-0.520399495977461,0
16201.0,51,1,248.65,0,-0.2816976644750735,-0.5099817556474745,0
16202.0,53,8,2136.72,0,0.43383872889935754,-0.3068060406284542,0
16203.0,8,3,521.64,0,0.0527118499392318,-0.8813275467921993,0
16204.0,16,2,534.53,0,-0.057261877995390204,-0.819899914734277,0
16205.0,32,3,1062.48,0,0.009938860236772205,-0.6298616067350167,0
16206.0,23,9,2052.81,0,0.6140819739099251,-0.5826342910288269,0
16208.0,30,8,2776.19,0,0.5594948043822288,-0.5038823918197897,0
16209.0,18,4,1884.16,0,0.2015235082963934,-0.7173741163986617,0
16210.0,4,19,17403.21,0,2.6365447080386017,-0.022809311309078734,0
16211.0,57,2,543.5699999999999,0,-0.19723646707929657,-0.4250122080614046,0
16212.0,254,2,603.37,1,-0.8686006448330971,1.4729957120390194,0
16214.0,71,1,975.5,0,-0.2971476390178644,-0.28995304775177716,0
16218.0,9,7,1355.29,0,0.44414547661584053,-0.7759035398291834,0
16219.0,136,1,40.8,0,-0.5884589730229933,0.30009376781387015,0
16221.0,3,7,1325.8,0,0.46256977268937444,-0.8347602994055092,0
16222.0,357,1,498.5,1,-1.3130489979682196,2.4441462303730708,0
16223.0,10,2,1087.05,0,0.003723405815330152,-0.8566823241199788,0
16224.0,23,1,321.24,0,-0.1803454657698356,-0.7766738339700292,0
16225.0,38,10,1762.99,0,0.6249113022679998,-0.4332352326948691,0
16226.0,14,2,417.05,0,-0.058992630864451404,-0.843601760656214,0
16227.0,130,2,713.0,0,-0.43524654175539307,0.2838961717634508,0
16228.0,21,3,885.71,0,0.034743615634326507,-0.7424195948257238,0
16229.0,17,4,1857.26,0,0.20298651427720277,-0.72801741868289,0
16231.0,15,4,1074.47,0,0.15260324555544572,-0.776952999292073,0
16232.0,56,3,1722.09,0,-0.02414876578886798,-0.3738909836446555,0
16233.0,2,7,1429.03,0,0.4735488717514712,-0.8404680590181238,0
16234.0,112,3,333.18,0,-0.3178041387467929,0.11232124887099748,0
16235.0,11,4,1186.4,0,0.1745089689648511,-0.8111999217718026,0
16237.0,73,1,136.65,0,-0.3653509927839186,-0.3025226805291746,0
16238.0,58,1,63.66,0,-0.319236503822594,-0.4496367025479601,0
16239.0,18,4,1078.0,0,0.14257097161453186,-0.7479499796135094,0
16241.0,5,4,1680.2,0,0.23120020078346207,-0.8502094506970198,0
16242.0,17,7,3824.79,0,0.5972929513479113,-0.605256515664179,0
16244.0,8,1,1056.63,0,-0.07511609688035381,-0.8931277930911039,0
16246.0,95,2,821.35,0,-0.30726833372277235,-0.0488009230251357,0
16250.0,9,2,401.94,0,-0.04294689817876375,-0.8922900738174315,0
16251.0,148,1,128.31,1,-0.6232212350723962,0.41888936667466864,0
16252.0,18,1,295.09000000000003,0,-0.16510706166032116,-0.8257808698784582,0
16253.0,56,5,3588.34,0,0.27927607145191585,-0.2710170227158745,0
16254.0,14,3,967.44,0,0.06473130020144478,-0.806681071011927,0
16255.0,1,8,2284.34,0,0.6230010051881928,-0.8016054740149786,0
16256.0,129,2,876.9399999999999,0,-0.4198278668002281,0.280491007982648,0
16258.0,23,10,6739.01,0,1.0402477164452686,-0.3888514885997336,0
16259.0,46,3,340.94,0,-0.09084755344372482,-0.5225053926564257,0
16261.0,22,2,312.62,0,-0.09407044979808454,-0.7705782003254277,0
16262.0,14,1,755.15,0,-0.11774343089374552,-0.8468239925405522,0
16263.0,59,1,348.16,0,-0.30186184302602975,-0.4292232028287998,0
16264.0,74,2,823.53,0,-0.23507601528372157,-0.2508021826344552,0
16265.0,22,3,1488.17,0,0.07536992444538503,-0.7099465765645954,0
16266.0,59,7,896.06,0,0.23905618871768192,-0.31216887328091303,0
16267.0,227,1,186.66,1,-0.8899351509264343,1.181322997328069,0
16269.0,73,1,717.57,0,-0.32286971411811155,-0.28048967162428057,0
16271.0,93,5,1993.18,0,0.03571075745965778,0.024534751679093452,0
16273.0,284,2,318.34000000000003,1,-0.9923483446412887,1.7508765014320637,0
16274.0,9,1,351.75,0,-0.1300924095162349,-0.9102392853679567,0
16275.0,110,2,1591.24,0,-0.30242020631316646,0.1247449724113677,0
16276.0,115,2,1818.79,0,-0.3029307141145945,0.18149066423359828,0
16277.0,369,1,188.69,1,-1.3768663134492458,2.547872361668469,0
16278.0,116,2,551.46,0,-0.3990376388581379,0.1430466892421588,0
16279.0,21,6,4195.5,0,0.5272062895396528,-0.5687497430142651,0
16280.0,361,1,238.05,1,-1.3458156308099833,2.472760118213685,0
16281.0,59,2,1361.96,0,-0.1442498562097348,-0.3747263983036051,0
16282.0,123,2,1139.28,0,-0.38006274659765327,0.23270271392431982,0
16283.0,54,3,2779.51,0,0.06003808497846947,-0.3530314748837445,0
16284.0,29,1,205.8,0,-0.20936814323329483,-0.7233139482844049,0
16285.0,282,1,176.9,1,-1.0793064722035257,1.7102202897620795,0
16286.0,113,2,328.95,0,-0.40501884422976003,0.10573824318820142,0
16287.0,12,4,864.48,0,0.14753759759086055,-0.8137865894769103,0
16288.0,106,1,129.85,0,-0.4790428179936434,0.014779891102122331,0
16289.0,98,1,136.31,0,-0.4511293088976627,-0.06195945433231423,0
16290.0,100,4,1957.7,0,-0.07437001381756402,0.07450477190725922,0
16291.0,318,1,117.72,1,-1.2071191348228096,2.054405338608481,0
16292.0,16,4,951.51,0,0.1401813391737931,-0.7719935548789584,0
16293.0,3,6,2408.96,0,0.4583034136893893,-0.8097240557429901,0
16294.0,112,1,126.05,0,-0.4999015314857284,0.07237403471335156,0
16296.0,262,4,1313.67,1,-0.6771487483029026,1.6090114087381067,0
16298.0,33,4,487.5,0,0.04793705901143852,-0.6260006637131362,0
16299.0,113,1,193.65,0,-0.49838824461778347,0.08456099785007115,0
16300.0,66,3,1367.32,0,-0.0843936214266293,-0.29111617529766476,0
16301.0,372,1,107.33,1,-1.393106388371259,2.5736556916721436,0
16303.0,28,4,2567.64,0,0.21720337133723522,-0.5952207851991159,0
16304.0,330,1,381.66,1,-1.2289794964470104,2.179892536589796,0
16306.0,3,2,560.55,0,-0.010767302723149224,-0.9440126170214332,0
16307.0,65,3,1194.92,0,-0.09357067956114548,-0.30727797031008647,0
16308.0,42,3,2560.0,0,0.08514750535623686,-0.4768335413742441,0
16310.0,50,2,460.08,0,-0.17933092267117542,-0.4955401128974505,0
16312.0,68,1,171.15,0,-0.3456774004366413,-0.34932939627289616,0
16314.0,25,3,1491.4,0,0.0653157122279447,-0.6809549352215537,0
16315.0,172,1,176.34,1,-0.7020322316248461,0.6516641149697824,0
16316.0,16,5,2806.0,0,0.35927095830014333,-0.6856112407203283,0
16317.0,186,2,850.86,1,-0.6172529065390526,0.828015408695762,0
16320.0,89,4,4590.53,0,0.15589401400898467,0.06850868875904037,0
16321.0,262,2,230.9,1,-0.923279582567224,1.5358531088587064,0
16323.0,213,1,146.16,1,-0.844874884726643,1.0450642939120727,0
16325.0,60,9,3003.26,0,0.5566709802792745,-0.19053316767292233,0
16326.0,19,10,1682.03,0,0.684163516786994,-0.6191437186236961,0
16327.0,5,11,6874.97,0,1.1954078670099004,-0.5408640185069803,0
16328.0,199,1,310.83,1,-0.7848110312104164,0.9165872341596049,0
16329.0,63,4,1664.92,0,0.031134800890242273,-0.29265238503936064,0
16330.0,60,4,373.47,0,-0.053015408848638285,-0.3705033576697785,0
16331.0,68,6,2037.7,0,0.20819508810446,-0.19830720895553344,0
16332.0,67,4,417.21,0,-0.07382777489651333,-0.301483082290404,0
16334.0,128,1,263.73,0,-0.5447155348614144,0.2315646500142928,0
16335.0,187,7,2753.52,1,-0.06416991888939895,0.9900302131978799,0
16336.0,56,4,3517.69,0,0.1906343696553412,-0.28974223674900346,0
16340.0,75,2,961.93,0,-0.2283852951555358,-0.23592993231453227,0
16341.0,73,3,1878.92,0,-0.07099251395563001,-0.2043510063938054,0
16343.0,43,1,285.54,0,-0.2515588828634272,-0.5855669585821247,0
16344.0,145,3,741.3199999999999,1,-0.4011524024169082,0.44536157564068996,0
16345.0,119,1,613.33,0,-0.48827888696513955,0.15821679988422352,0
16346.0,21,1,224.51,0,-0.18055882117915104,-0.7995886783516911,0
16347.0,24,9,2595.51,0,0.6503381780369158,-0.5524278372036904,0
16348.0,66,1,328.77,0,-0.3272907537309529,-0.36259730852111494,0
16350.0,10,5,1137.42,0,0.2578325554679112,-0.8066350535327672,0
16351.0,47,12,3176.13,0,0.8643300549350011,-0.2609393266689761,0
16353.0,5,16,3323.75,0,1.3530919008287519,-0.5953258473272401,0
16354.0,15,3,723.66,0,0.043474118586708806,-0.806304061591392,0
16355.0,11,1,416.35,0,-0.1322286435229017,-0.8885430607207062,0
16356.0,12,3,204.1,0,0.015770363074485604,-0.8548789562014308,0
16357.0,17,1,209.49,0,-0.16793664511985276,-0.8386505331465006,0
16358.0,30,1,892.1500000000001,0,-0.16260716102955824,-0.687659168133461,0
16359.0,12,7,946.83,0,0.4039853675211605,-0.7625263883230485,0
16362.0,73,1,212.17,0,-0.35982839730632826,-0.29965837420042435,0
16365.0,3,7,1766.78,0,0.49481757663147935,-0.8180349047437999,0
16366.0,218,3,1220.83,1,-0.6164870744752715,1.1660306030611343,0
16367.0,19,1,549.8100000000001,0,-0.14991014044694867,-0.8064968595987864,0
16368.0,71,1,141.53,0,-0.3581338539337273,-0.3215836826695188,0
16369.0,72,4,1111.15,0,-0.04023230673404662,-0.2270482507877466,0
16371.0,84,1,157.2,0,-0.40157974004467667,-0.19588977102264873,0
16372.0,45,3,934.58,0,-0.044005953743849295,-0.5096129871911482,0
16373.0,18,2,309.49,0,-0.08057878671245484,-0.8091890937557134,0
16374.0,38,3,1256.67,0,0.003558677976256315,-0.5647581409570865,0
16375.0,106,2,104.0,0,-0.39745792847974165,0.029845073875659087,0
16377.0,253,1,632.28,1,-0.9465316258170817,1.448423543422056,0
16381.0,31,2,247.85,0,-0.12967816668426901,-0.6864273791728751,0
16382.0,44,2,353.1,0,-0.16657328342442212,-0.5573358965391214,0
16383.0,32,5,2252.93,0,0.2639440732223188,-0.5526192429589029,0
16384.0,65,2,774.4499999999999,0,-0.2077938743393228,-0.339271082117625,0
16385.0,2,3,473.69,0,0.06978621073050512,-0.9408844532809817,0
16386.0,23,1,765.59,0,-0.14785122185475028,-0.7598206226726222,0
16387.0,31,4,788.1,0,0.07677948830963029,-0.6338456612515468,0
16388.0,289,1,186.05,1,-1.1026483215348999,1.777928643055762,0
16390.0,172,3,467.5,1,-0.5137899276308535,0.694798400907154,0
16391.0,36,4,1052.26,0,0.0789461815203127,-0.5757114332177756,0
16392.0,49,2,538.81,0,-0.17014344952540492,-0.5021771032443658,0
16393.0,5,11,2441.61,0,0.8712069416056413,-0.7090115437404049,0
16395.0,29,9,2036.35,0,0.5922974651484241,-0.5255203131766282,0
16396.0,112,1,137.8,0,-0.499042282321776,0.07281968618796511,0
16397.0,264,1,123.13,1,-1.0214960566646987,1.5349661051751522,0
16399.0,25,1,222.2,0,-0.1944482983457936,-0.7611841120722053,0
16400.0,31,8,2755.92,0,0.5545823700555781,-0.49502814315747795,0
16401.0,15,11,2750.83,0,0.8595180734038594,-0.601053065382465,0
16402.0,5,1,205.65,0,-0.12705579774722445,-0.9542727142301998,0
16406.0,86,2,374.01,0,-0.30910998614311275,-0.15237494219167513,0
16407.0,25,4,681.97,0,0.08959928600654192,-0.6956092062759053,0
16408.0,227,1,231.93,1,-0.8866246649985937,1.183039988158346,0
16409.0,16,7,3629.76,0,0.586461015887417,-0.622276616452814,0
16410.0,370,1,130.32,1,-1.384564908894755,2.5552815617194806,0
16411.0,5,3,673.24,0,0.07408840667197006,-0.9044468291723117,0
16412.0,29,4,457.2,0,0.059441845519656596,-0.6656420550638688,0
16413.0,11,1,259.83,0,-0.14367457366263198,-0.8944795176404094,0
16414.0,67,3,424.96,0,-0.15673627376084384,-0.317234757973771,0
16415.0,219,2,496.49,1,-0.7563616876564317,1.1321354200690648,0
16416.0,26,6,1906.48,0,0.34266508654437694,-0.6074519772744368,0
16417.0,128,1,35.7,0,-0.561390818849165,0.222915977183984,0
16418.0,44,2,397.62,0,-0.16331764318789777,-0.5556473515476494,0
16419.0,213,2,504.99,1,-0.7351592744987657,1.074719537047681,0
16420.0,32,1,75.0,0,-0.22922364612686633,-0.6994057679747635,0
16421.0,12,3,526.27,0,0.03932987823623431,-0.8426597616843033,0
16422.0,5,59,28904.67,3,6.8131981100392665,1.0648632771755218,-1
16424.0,18,1,309.5,0,-0.16405329311116762,-0.8252343304955492,0
16428.0,49,3,638.49,0,-0.07937885383695467,-0.4823508456105533,0
16430.0,17,6,817.09,0,0.29387186597802434,-0.735377530847413,0
16433.0,44,1,200.26,0,-0.26122534171335837,-0.5791783952274409,0
16434.0,82,5,1161.89,0,0.012652043683584,-0.11284773029791678,0
16435.0,148,3,1003.07,1,-0.39230167047562714,0.48415830798093124,0
16436.0,304,3,319.14,1,-0.9774173670828993,1.9594133569928378,0
16437.0,17,2,301.25,0,-0.07775121993170064,-0.8191246635704703,0
16439.0,358,1,310.70000000000005,1,-1.3302124971831213,2.4466464372020202,0
16440.0,129,1,216.3,0,-0.5516141144895926,0.23938878003400843,0
16441.0,53,3,637.93,0,-0.09314035772385967,-0.4438799057071888,0
16442.0,240,2,282.68,1,-0.8440299976331205,1.3261100225232807,0
16443.0,156,1,162.24,1,-0.6481811208720332,0.49716061534822364,0
16444.0,26,13,2971.21,0,1.00485288748656,-0.45474981454932967,0
16445.0,22,3,352.65,0,-0.007667914758975645,-0.7530143350712492,0
16447.0,226,2,471.19,1,-0.782222782408926,1.1985371611669653,0
16448.0,107,1,178.13,0,-0.4789423561340015,0.026234089431222025,0
16450.0,220,2,1193.81,1,-0.7087984958077115,1.168206268022265,0
16451.0,197,2,746.1800000000001,1,-0.6626394216978329,0.9298986216775339,0
16452.0,266,2,332.17,1,-0.9295945041251695,1.5781862351161047,0
16453.0,166,2,251.71,1,-0.5924645389548385,0.6128300789539497,0
16454.0,242,2,24.05,1,-0.8698032620452627,1.3355468492012257,0
16455.0,7,6,2535.69,0,0.4538503205326548,-0.7664252880776207,0
16456.0,9,9,4630.16,0,0.8505792974588917,-0.6196037422901775,0
16458.0,11,12,2208.15,0,0.9170289838312757,-0.6440822792314677,0
16459.0,365,1,71.78999999999999,1,-1.371694376098328,2.504946424130372,0
16461.0,226,2,1402.91,1,-0.7140883457248631,1.233875237075641,0
16465.0,56,2,746.24,0,-0.17898556062456766,-0.426948428726311,0
16466.0,19,8,2171.13,0,0.5529797449347468,-0.6326844709796233,0
16467.0,144,7,2869.16,0,0.09178249413759222,0.5806252530364677,0
16468.0,106,2,712.62,0,-0.3529510156146596,0.05292868242708889,0
16469.0,150,1,178.48000000000002,1,-0.626412700179985,0.44003829338330874,0
16470.0,32,7,1664.08,0,0.3878333681295234,-0.5428617871640566,0
16471.0,29,3,966.03,0,0.013176118661562044,-0.6623888762026096,0
16472.0,70,2,789.6,0,-0.22383668192147352,-0.2905812518450045,0
16473.0,10,1,154.72,0,-0.14793087637226668,-0.9080891519952358,0
16476.0,67,1,350.35,0,-0.3291427984821646,-0.35215578205347753,0
16477.0,7,5,1825.56,0,0.3184449884923112,-0.8094045621095475,0
16481.0,318,1,453.38,1,-1.182573128493255,2.06713617894625,0
16485.0,68,4,1923.54,0,0.03289636726106965,-0.23472827693489665,0
16486.0,173,1,134.36,1,-0.7085322658961272,0.6596949514181486,0
16487.0,213,2,209.4,1,-0.7567750583602714,1.0635084630578069,0
16489.0,16,2,303.7,0,-0.07414191923072079,-0.8286547853627917,0
16490.0,72,1,205.41000000000005,0,-0.35689260169471027,-0.3095378108932726,0
16491.0,49,1,801.66,0,-0.2343971005834155,-0.5082534009554845,0
16492.0,176,1,385.56,1,-0.7004530300126927,0.6980915456258644,0
16493.0,80,3,780.46,0,-0.17533121149852118,-0.1786518471253755,0
16496.0,67,3,731.25,0,-0.13433802470322825,-0.3056178566836105,0
16497.0,49,17,3729.59,0,1.3153191621770446,-0.14047364492226458,0
16499.0,10,6,2212.89,0,0.4199543206621588,-0.7497992425020902,0
16500.0,10,3,443.05,0,0.04010447654649307,-0.8650622016896222,0
16501.0,19,1,1191.23,0,-0.10300464268164201,-0.782169219696946,0
16502.0,256,2,258.55,1,-0.9006767760912867,1.47916354292148,0
16503.0,31,7,2182.41,0,0.42916772914537715,-0.5328257231926641,0
16507.0,208,1,142.71,1,-0.8279764843599609,0.9968182187248119,0
16508.0,266,1,240.95,1,-1.019740440415574,1.558680846544014,0
16510.0,8,6,1777.5,0,0.3949755761580245,-0.7855587105767415,0
16511.0,33,3,842.16,0,-0.009602748153595837,-0.6285948114766575,0
16515.0,15,5,1554.92,0,0.2712126330871435,-0.7426849789358264,0
16518.0,57,2,475.05,0,-0.20224716943793647,-0.4276110198946404,0
16519.0,1,3,327.68,0,0.06253898965443183,-0.9560453340453139,0
16520.0,1,4,1427.57,0,0.22644653055793207,-0.8982833265031421,0
16521.0,51,3,1140.11,0,-0.049556869151665614,-0.44407942033048453,0
16522.0,71,2,433.36,0,-0.2533177921300893,-0.2944696011338345,0
16523.0,51,7,2497.86,0,0.3836330647259888,-0.32840050607620197,0
16524.0,82,2,306.19,0,-0.3003489467524687,-0.19343938403836514,0
16525.0,2,23,11535.29,0,2.548199096305505,-0.20043014555829103,0
16526.0,220,1,426.85,1,-0.848359668698048,1.1230715579646116,0
16527.0,60,1,1004.88,0,-0.25726763126722163,-0.3946922229495835,0
16529.0,113,3,1531.55,0,-0.2336003687194894,0.1673958135352717,0
16530.0,304,1,48.35,1,-1.1641700621007463,1.9170516600374132,0
16531.0,17,4,1053.74,0,0.14422703442877396,-0.7584931525451437,0
16532.0,67,2,2007.84,0,-0.12445931427484622,-0.2732452415543256,0
16534.0,278,1,635.9,1,-1.0320203566806767,1.6891369636478073,0
16535.0,21,2,378.29,0,-0.08583802295709862,-0.7777105275454027,0
16537.0,277,1,23.35,1,-1.073384522858908,1.6562812540352874,0
16538.0,177,3,395.07,1,-0.5362372494069575,0.7401665157630379,0
16539.0,9,7,2343.2,0,0.5163889524933064,-0.7384343016772281,0
16540.0,50,1,205.75,0,-0.28140469990900785,-0.5212319024928788,0
16541.0,371,1,424.03,1,-1.3665167430088287,2.576044376339168,0
16542.0,37,1,137.7,0,-0.24178923687957557,-0.6489124715218983,0
16543.0,227,1,292.21,1,-0.8822165339685468,1.1853262750425761,0
16544.0,155,4,376.7000000000001,1,-0.37864232712602414,0.5438084113223934,0
16545.0,11,1,350.52,0,-0.13704263266868782,-0.8910398468120944,0
16546.0,8,4,4819.32,0,0.4504660618210613,-0.7022804474198597,0
16547.0,182,1,104.26,1,-0.7416046492917389,0.7451607288791993,0
16548.0,235,1,30.15,1,-0.9288214546650582,1.2523712786122279,0
16549.0,33,24,8746.9,0,2.3214318163117627,0.008172404676610123,0
16550.0,4,14,7069.27,0,1.4634724085733324,-0.4949808466798922,0
16551.0,59,4,1315.0,0,0.019266547587186395,-0.3444162550552833,0
16552.0,9,1,95.29,0,-0.14884671084280807,-0.9199662451279049,0
16553.0,32,21,10864.19,0,2.2292685530862375,0.030716631816056793,0
16554.0,22,5,2004.62,0,0.2800871428348531,-0.6582675399280165,0
16555.0,141,4,1629.79,0,-0.23898494382008859,0.4566127113996179,0
16556.0,11,10,4698.79,0,0.9322130053081605,-0.5817090526513943,0
16558.0,2,19,5535.02,0,1.775512870629354,-0.49218956057197,0
16559.0,33,1,175.0,0,-0.2253410253940654,-0.6859899446016627,0
16560.0,33,6,2206.9700000000003,0,0.34062822882371735,-0.5286937430774427,0
16562.0,112,1,223.86,0,-0.4927489220622233,0.07608375137139,0
16563.0,36,5,3334.82,0,0.3293395274222465,-0.47309337210273505,0
16564.0,205,1,87.8,1,-0.8217015059121429,0.9658664694491721,0
16565.0,42,3,599.35,0,-0.05823010088234084,-0.5511966531785898,0
16568.0,63,2,1020.9,0,-0.1829113039541542,-0.34916986921776527,0
16569.0,267,4,1331.03,1,-0.6930299439146418,1.6577850594157393,0
16570.0,15,10,3695.91,0,0.8451542569946361,-0.581253890282894,0
16571.0,31,7,2827.05,0,0.47630869774540097,-0.508375955822887,0
16574.0,59,2,850.34,0,-0.18166339299793316,-0.39413101170290604,0
16576.0,56,2,540.87,0,-0.19400377345868733,-0.43473765794685443,0
16577.0,302,1,380.0,1,-1.1330570211820676,1.9103843202255344,0
16578.0,262,1,156.6,1,-1.0121882000615372,1.5169894584100594,0
16579.0,61,1,295.05,0,-0.31260592546578914,-0.4119914577625502,0
16583.0,9,2,297.95,0,-0.0505514360987136,-0.8962341841872241,0
16584.0,68,3,2220.09,0,-0.02889288406713699,-0.2395264082890386,0
16585.0,229,2,341.59,1,-0.8019905321963915,1.2224908548186946,0
16586.0,80,2,998.83,0,-0.24283757768951927,-0.18641517271656324,0
16588.0,22,4,1361.28,0,0.1495660024251802,-0.6987136171948845,0
16589.0,86,1,153.12,0,-0.40873837682413083,-0.17679842665424578,0
16590.0,36,2,605.9,0,-0.12064552419669373,-0.6247321113985536,0
16592.0,11,12,3694.23,0,1.025702430432671,-0.58771855638945,0
16593.0,26,5,741.11,0,0.17396915115103814,-0.6676974961832209,0
16595.0,12,4,1397.59,0,0.18652264625423653,-0.7935669079763801,0
16596.0,2,3,329.48,0,0.05924048120424327,-0.9463540191664302,0
16599.0,21,1,172.8,0,-0.18434024877642585,-0.8015499241178414,0
16600.0,10,7,1339.89,0,0.43958917364480243,-0.7668645828535637,0
16601.0,26,2,434.3,0,-0.09889283727634761,-0.7274709679746793,0
16602.0,24,1,235.25,0,-0.19006384520754604,-0.7703121993427475,0
16604.0,198,2,432.45,1,-0.6890118781226515,0.9276225825321784,0
16605.0,360,1,60.48,1,-1.3553707585766388,2.456402236552434,0
16606.0,40,2,357.66,0,-0.1525192691838312,-0.5956551253021919,0
16607.0,35,11,2359.16,0,0.762273428659873,-0.42344734364717196,0
16608.0,89,2,1286.62,0,-0.2526634320018262,-0.08889253165849972,0
16611.0,39,5,1655.64,0,0.19625472916862155,-0.5079118156451902,0
16612.0,15,5,2057.77,0,0.3079848409248855,-0.72361299221162,0
16614.0,38,2,673.6,0,-0.1225550626792539,-0.6029183106175752,0
16615.0,262,1,291.5,1,-1.0023232883834794,1.5221059166164737,0
16619.0,19,3,1712.12,0,0.10203726220041746,-0.7303217836946406,0
16620.0,25,4,1579.97,0,0.1552678604090323,-0.6615500552799078,0
16622.0,179,1,225.4,1,-0.7224555589023188,0.7208861661657481,0
16623.0,37,3,885.79,0,-0.02013274390815551,-0.5884478427508953,0
16625.0,58,4,1320.95,0,0.023131794847641444,-0.35381362959984736,0
16628.0,43,2,130.05,0,-0.17945425391248634,-0.5754187338655156,0
16630.0,43,1,106.8,0,-0.2646297080178828,-0.5923461708861609,0
16631.0,117,7,1892.52,0,0.11297689513401181,0.28376124964700267,0
16632.0,121,2,406.4,0,-0.42679621738129414,0.18566010906815483,0
16634.0,8,5,1596.71,0,0.2982796017727079,-0.8084612908578651,0
16635.0,42,1,473.0,0,-0.234420247028589,-0.5880800608579989,0
16636.0,74,4,3802.04,0,0.14968571345473924,-0.10574266347983001,0
16638.0,4,6,749.8100000000001,0,0.3335436372505411,-0.8630288954819261,0
16639.0,45,1,490.47,0,-0.24343312238690742,-0.5585483278555108,0
16640.0,33,1,179.4,0,-0.22501926400501088,-0.6858230623473394,0
16641.0,337,1,323.40000000000003,1,-1.2572508765138766,2.245044177891674,0
16642.0,51,1,389.12,0,-0.271425432129508,-0.5046540396782009,0
16643.0,58,1,435.6,0,-0.2920374285851082,-0.43552984216772483,0
16645.0,371,1,160.39,1,-1.3857961004202681,2.566045095082392,0
16646.0,85,1,678.8,0,-0.36686652803337916,-0.16648359346256295,0
16647.0,78,2,327.84,0,-0.28504518202575474,-0.23111042695452969,0
16648.0,91,2,382.14,0,-0.32566614939598226,-0.10395136497027058,0
16649.0,156,1,306.58000000000004,1,-0.6376258847592765,0.5026351118457316,0
16650.0,56,6,1397.69,0,0.20255435755099443,-0.33805790906943717,0
16651.0,222,1,136.2,1,-0.8764744784914461,1.1312939369645034,0
16652.0,40,9,10776.42,0,1.1937061876805424,-0.08817532316607146,0
16654.0,4,5,1110.2,0,0.2764228511671618,-0.8654057170369762,0
16655.0,47,7,2633.74,0,0.4072901938780887,-0.36173905810342133,0
16656.0,56,15,8207.37,0,1.4518069729443617,0.06462871454901135,0
16658.0,4,6,690.83,0,0.3292305720854421,-0.8652658762455607,0
16660.0,58,3,611.9000000000001,0,-0.112194559397207,-0.3967519416238947,0
16661.0,176,4,932.76,1,-0.410011900604667,0.76698247767114,0
16662.0,30,1,151.05,0,-0.21680201680871816,-0.7157674496514271,0
16663.0,365,1,165.0,1,-1.3648781535815617,2.5084816729770725,0
16664.0,205,1,109.2,1,-0.8201365755199231,0.9666781240497448,0
16666.0,257,1,98.73,1,-0.999269403056752,1.466679353159099,0
16668.0,23,7,555.7,0,0.3376514546590469,-0.6715075893755784,0
16670.0,29,9,3934.25,0,0.7310863152135538,-0.45353716988564424,0
16673.0,315,1,171.13,1,-1.1929229759971764,2.027561927012002,0
16675.0,77,2,608.86,0,-0.2610647290182027,-0.23007500565892786,0
16676.0,38,2,769.78,0,-0.1155216512248758,-0.5992704162492065,0
16677.0,47,2,880.62,0,-0.13828743230836388,-0.5084590967598976,0
16679.0,2,3,663.31,0,0.08365266404698643,-0.9336925866753457,0
16680.0,164,2,637.75,1,-0.5573740885019154,0.6082256313722185,0
16681.0,277,1,151.5,1,-1.0640132224026952,1.6611416996924557,0
16683.0,169,1,320.25,1,-0.6812180260470689,0.6282531679224548,0
16684.0,15,27,80489.21,3,7.87994213339014,2.6041213595021104,-1
16686.0,25,9,1921.19,0,0.5975966445031953,-0.5683802563686974,0
16687.0,26,1,157.63,0,-0.20260028483951587,-0.7540100642886494,0
16690.0,29,2,127.45,0,-0.13162245211152088,-0.7102399742272266,0
16691.0,54,2,178.83,0,-0.21361860935210603,-0.467715122986365,0
16692.0,44,2,638.6999999999999,0,-0.145688044171247,-0.5465037211221316,0
16693.0,47,3,701.62,0,-0.06790203296121211,-0.49920255427036647,0
16694.0,359,1,98.3,1,-1.3491749350731912,2.4482136205181617,0
16695.0,197,2,191.9,1,-0.7031725814080916,0.9088760089669977,0
16699.0,16,7,994.6,0,0.3937581199826657,-0.7222223985670819,0
16700.0,2,13,4091.16,0,1.1690754447635316,-0.6432256684343043,0
16701.0,59,13,4518.43,0,1.004802797235586,-0.07850670635812182,0
16702.0,51,4,1110.83,0,0.0317771927339504,-0.4291443298597499,0
16704.0,254,2,664.16,1,-0.8641552187329552,1.4753013420936372,0
16705.0,36,22,29480.061,3,3.6603569909188387,0.7913131815406351,-1
16707.0,36,4,533.41,0,0.041003932267827024,-0.5953902645031579,0
16709.0,15,9,6026.14,0,0.932083119687428,-0.508919043688773,0
16710.0,4,13,3823.78,0,1.1426623139527017,-0.6341207098757523,0
16711.0,15,4,1217.45,0,0.16305902814794915,-0.7715300845822648,0
16712.0,37,2,621.5600000000001,0,-0.12293048427136058,-0.6145151174185511,0
16713.0,2,18,7619.21,0,1.8444494214669245,-0.42918646621733153,0
16714.0,306,1,368.27,1,-1.1476353602316405,1.9484316067696281,0
16715.0,198,1,323.8,1,-0.7804324282792425,0.9074561126662568,0
16716.0,266,1,1248.48,1,-0.9460622012532789,1.5968942278391114,0
16717.0,2,9,3127.85,0,0.7647299568628464,-0.7439443471441979,0
16718.0,5,5,3006.08,0,0.41163384539433295,-0.7838761430060893,0
16719.0,4,8,2174.13,0,0.6046511993402196,-0.7769163606106743,0
16720.0,12,2,605.79,0,-0.03833025360708648,-0.8556893602329457,0
16722.0,2,11,4258.27,0,1.0143453207154516,-0.6689787883060458,0
16723.0,79,2,654.96,0,-0.2645538234106669,-0.20908044503553697,0
16724.0,40,1,147.35,0,-0.25137396997935,-0.6196773337986851,0
16725.0,7,8,1052.14,0,0.51231236207916,-0.7906018215880293,0
16726.0,19,2,705.14,0,-0.055075994462842955,-0.7845599207256341,0
16727.0,28,3,1121.45,0,0.027971746563375924,-0.6661171847122386,0
16731.0,284,1,170.3,1,-1.086649390505802,1.729216056112097,0
16732.0,39,3,3783.89,0,0.18493804387744553,-0.45928323909790003,0
16733.0,165,1,259.68,1,-0.6719268116403692,0.5874637025175476,0
16735.0,29,9,3970.0,0,0.7337006264996218,-0.4521812515692668,0
16736.0,141,5,2956.56,0,-0.0584862156555226,0.5229797748192637,0
16737.0,213,1,417.6,1,-0.8250251321255161,1.0553594118924217,0
16739.0,172,1,463.43,1,-0.681038032264923,0.6625528027865317,0
16740.0,31,1,226.91,0,-0.21468469606041185,-0.7032672030100006,0
16741.0,261,1,173.06,1,-1.0075543818467723,1.5079907048866177,0
16742.0,128,13,2334.97,0,0.6084521034758588,0.502669587782155,0
16743.0,92,7,1999.02,0,0.20651843603458045,0.04722443711354438,0
16746.0,19,24,11366.64,0,2.561029018333916,-0.02718928777547504,0
16748.0,24,9,2121.43,0,0.6156698509180599,-0.5704086415513324,0
16749.0,227,2,4157.88,1,-0.5160541715606815,1.3479881919853156,0
16752.0,8,1,207.5,0,-0.1372109260366864,-0.9253334132305596,0
16754.0,8,29,65500.07,3,6.974783914792799,2.0003463971207145,-1
16755.0,103,4,1389.25,0,-0.12622980578379686,0.08181385707948592,0
16756.0,40,6,1072.97,0,0.2336905767883267,-0.5043425372905248,0
16757.0,45,1,163.65,0,-0.26733268083481604,-0.57094388657323,0
16760.0,66,1,228.0,0,-0.3346598208161856,-0.3664192914229709,0
16763.0,374,1,352.85,1,-1.3820123790807117,2.6022138111948907,0
16765.0,18,1,420.75,0,-0.15591784889927782,-0.8210148644061229,0
16767.0,54,4,2481.2,0,0.12169863175105428,-0.34830009643133186,0
16768.0,19,6,1220.48,0,0.3165105276526713,-0.7008317518951134,0
16769.0,114,3,755.51,0,-0.2937804405474431,0.14758538007258895,0
16770.0,8,5,1152.63,0,0.2658051023064964,-0.8253042616533022,0
16771.0,93,5,1706.99,0,0.014782372929313989,0.013680198868910257,0
16772.0,59,3,3698.05,0,0.1100580095004009,-0.2700780628535804,0
16773.0,72,2,249.65,0,-0.2701821995083469,-0.29181426966393464,0
16774.0,59,4,905.96,0,-0.010645561180736382,-0.3599302362617452,0
16775.0,3,6,1361.23,0,0.3816854454725505,-0.8494621339980418,0
16776.0,51,1,220.97,0,-0.2837218361225801,-0.5110315967383089,0
16777.0,49,3,1069.56,0,-0.04785574429610665,-0.46600131529892236,0
16779.0,2,32,22554.22,3,4.105264013261992,0.36190400738076134,-1
16780.0,43,1,174.16,0,-0.2597038336618118,-0.5897913552836104,0
16781.0,8,2,623.0,0,-0.023351175372963832,-0.8935288025148365,0
16782.0,1,26,7732.37,0,2.5239565788788227,-0.30615267478267366,0
16783.0,72,1,391.95,0,-0.3432513813505671,-0.30246276186566307,0
16784.0,12,4,784.73,0,0.1417056724142474,-0.8168113303365214,0
16785.0,45,1,533.78,0,-0.24026596653237306,-0.5569056754839777,0
16786.0,29,1,51.84,0,-0.22062686674666612,-0.7291533100743199,0
16787.0,33,4,1017.53,0,0.08669687470247635,-0.6058977997906323,0
16788.0,40,3,1334.54,0,0.0023928470679425917,-0.5425586146019108,0
16791.0,19,8,2251.85,0,0.5588826038721287,-0.629622940168491,0
16792.0,19,3,513.08,0,0.014354358579524298,-0.7757987151091627,0
16794.0,16,5,856.1999999999999,0,0.21668678639593875,-0.7595628360566266,0
16795.0,1,3,2062.41,0,0.18939561111682843,-0.890250867444772,0
16797.0,29,5,1802.02,0,0.24126052665523035,-0.5985903951236463,0
16798.0,190,3,841.16,1,-0.548207558909533,0.8821853046612412,0
16799.0,68,2,452.78,0,-0.24160724003490242,-0.32260217814496156,0
16802.0,315,2,582.61,1,-1.079357198238908,2.05921406803173,0
16805.0,213,3,630.75,1,-0.6424875113042832,1.09553495131621,0
16807.0,106,3,1002.29,0,-0.24829290940201204,0.07996083994701442,0
16809.0,68,4,812.74,0,-0.048333757957512,-0.27685846059453356,0
16810.0,56,1,532.5,0,-0.27809108904837215,-0.4511007295256062,0
16812.0,14,3,1912.65,0,0.13385222805331334,-0.77083134928261,0
16814.0,5,16,5781.4400000000005,0,1.5328168436163427,-0.5021111092299652,0
16815.0,89,2,406.02,0,-0.31705958636578285,-0.12229173919421837,0
16817.0,4,5,1200.15,0,0.2830006777456741,-0.8619941127696155,0
16819.0,101,2,182.59,0,-0.37456014075896127,-0.01528940582417211,0
16821.0,17,1,113.35,0,-0.174967131470694,-0.8422969104034663,0
16822.0,322,1,181.39,1,-1.2161836537054027,2.0953123801471163,0
16823.0,23,6,1884.71,0,0.35136351327248305,-0.6371467997527409,0
16824.0,29,1,225.6,0,-0.20792021698254948,-0.7225629781399497,0
16825.0,14,3,1051.71,0,0.07089376207772304,-0.8034848965637837,0
16827.0,29,5,392.13,0,0.1381586710156678,-0.6520644000209145,0
16829.0,24,1,316.1,0,-0.18415147968366927,-0.7672457379195555,0
16830.0,78,3,881.59,0,-0.1610755422627623,-0.1940622999523959,0
16831.0,200,1,91.8,1,-0.8042583050117207,0.9179029562607091,0
16832.0,64,2,218.46,0,-0.24502194411643505,-0.36998159620638826,0
16833.0,75,2,1302.51,0,-0.20347950109094762,-0.22301248727420173,0
16834.0,310,1,485.5,1,-1.1527831654783791,1.9913700604767992,0
16835.0,9,5,1357.56,0,0.2773610008923634,-0.8079086757924396,0
16836.0,42,2,530.5,0,-0.1467401730197568,-0.5698535971985865,0
16838.0,166,2,570.76,1,-0.5691331818689649,0.624930938781648,0
16839.0,5,11,5716.14,0,1.110665423719435,-0.5848158736836971,0
16840.0,239,2,139.85,1,-0.8510446729780136,1.3110697521154822,0
16841.0,64,6,2136.24,0,0.2291216331049017,-0.23306198447739704,0
16843.0,58,19,9374.86,0,1.8642233756302504,0.19233757814671384,0
16844.0,198,2,614.34,1,-0.6757107010646682,0.9345212673591962,0
16845.0,254,1,253.88,1,-0.9776332433851177,1.4436947144159975,0
16846.0,213,2,628.09,1,-0.7261572683640813,1.079388447390228,0
16847.0,254,1,421.4500000000001,1,-0.96537925339333,1.450050273360763,0
16848.0,12,3,1130.2,0,0.08349382271161962,-0.8197540344448682,0
16854.0,53,2,1408.96,0,-0.12023203089784178,-0.43068206159965944,0
16856.0,53,2,323.09000000000003,0,-0.19963908533707586,-0.47186670557741417,0
16857.0,78,1,352.8,0,-0.36669515509335154,-0.24620936545678185,0
16858.0,4,10,4292.59,0,0.9265195456567853,-0.6644766330085073,0
16859.0,52,5,1184.6,0,0.11721691449705282,-0.4006777362714402,0
16860.0,88,3,1610.62,0,-0.14206471756932199,-0.07018135814275257,0
16861.0,26,3,772.83,0,0.009338282906573526,-0.6985856588760628,0
16862.0,183,4,662.33,1,-0.4537987611069189,0.8240869808139751,0
16863.0,2,2,495.72,0,-0.012078026171166635,-0.9560945201934992,0
16864.0,70,2,409.25,0,-0.25165076017758403,-0.3050070848977079,0
16865.0,37,1,130.95,0,-0.2422828481014206,-0.6491684840711445,0
16867.0,325,1,76.74000000000001,1,-1.2341268701617523,2.120212372036429,0
16868.0,30,3,384.56,0,-0.03277551828722406,-0.6748197005235426,0
16870.0,105,1,450.16,0,-0.45218918203701136,0.017305495073261727,0
16872.0,63,3,533.11,0,-0.13510697263567167,-0.35162504748107826,0
16873.0,65,6,7493.77,0,0.6174747437912943,-0.020239693246850286,0
16874.0,15,1,209.89,0,-0.16104711786578974,-0.857881451763974,0
16875.0,73,6,2139.0,0,0.19845222226481987,-0.1463498999988314,0
16876.0,39,1,136.01,0,-0.24877309872270234,-0.6297304797471698,0
16880.0,129,1,321.78,0,-0.5439006164628948,0.24338940280356056,0
16883.0,7,18,2101.61,0,1.4238099490458223,-0.590341588810084,0
16884.0,192,2,641.13,1,-0.6531707843147734,0.8777990835268066,0
16885.0,21,1,234.19,0,-0.1798509461232311,-0.7992215373921797,0
16886.0,92,1,134.0,0,-0.430717404970833,-0.11978533671034249,0
16887.0,36,2,465.84,0,-0.13088777423100642,-0.6300442769759471,0
16888.0,36,3,434.2,0,-0.04972629345406512,-0.6151986960779858,0
16889.0,33,3,947.98,0,-0.0018643867468346492,-0.6245812932601803,0
16890.0,112,3,285.41,0,-0.3212974436456871,0.11050943857803668,0
16891.0,7,7,1202.77,0,0.4398523330484907,-0.8009343753400955,0
16892.0,190,2,236.56,1,-0.6758957365437577,0.8432085497881203,0
16893.0,2,2,249.89,0,-0.03005498123281945,-0.9654183075981162,0
16894.0,138,3,1306.96,0,-0.3357775465367508,0.3994537339294011,0
16895.0,74,4,900.63,0,-0.06248740286723138,-0.2157867183699157,0
16896.0,191,1,103.95,1,-0.7724985618282746,0.8317563750575891,0
16898.0,4,3,496.26,0,0.0645764241824835,-0.9207823334403701,0
16899.0,14,2,424.71,0,-0.05843247353714284,-0.8433112338225509,0
16901.0,365,1,204.26,1,-1.3620071644601344,2.5099707178190576,0
16903.0,16,2,678.55,0,-0.046730042710928434,-0.8144375551279925,0
16904.0,3,7,1360.31,0,0.46509340576579977,-0.8334514115426229,0
16905.0,7,11,1923.57,0,0.8264636494810826,-0.7094135637883748,0
16906.0,64,3,851.33,0,-0.11526644955753508,-0.3299326228492397,0
16907.0,1,5,722.0500000000001,0,0.25832879204940545,-0.908996521410507,0
16908.0,358,1,252.59,1,-1.3344619413462935,2.4444424536113996,0
16911.0,271,2,255.25,1,-0.9523701687732861,1.6233840542170088,0
16912.0,57,4,1904.93,0,0.06926698204336545,-0.3412876065383799,0
16913.0,287,2,310.47,1,-1.0032142730902076,1.7794471443607898,0
16915.0,22,5,921.5,0,0.20088118926377807,-0.699347882496819,0
16916.0,8,3,536.04,0,0.05376488721250113,-0.8807813866871409,0
16917.0,268,1,1460.36,1,-0.9374282040372298,1.624176456671986,0
16918.0,58,10,2137.72,0,0.5837116412902369,-0.2265616564792504,0
16919.0,4,14,2515.76,0,1.1304852034202322,-0.667685395289897,0
16920.0,47,1,355.45,0,-0.2601670855942703,-0.544423247664631,0
16921.0,78,2,255.03,0,-0.2903696017387228,-0.23387194898573077,0
16922.0,208,1,611.08,1,-0.7937257157709916,1.0145824554196843,0
16923.0,11,13,6088.05,0,1.2842319518223788,-0.4808806499071325,0
16925.0,176,1,125.65,1,-0.7194596215193199,0.6882337350074127,0
16926.0,7,5,1169.61,0,0.27047694686724033,-0.8342832927285057,0
16928.0,9,13,1199.08,0,0.9335736420761029,-0.6855545430293943,0
16931.0,5,3,629.4,0,0.07088249319557233,-0.9061095832699336,0
16932.0,59,2,262.32,0,-0.22466387754153272,-0.41643330788182187,0
16933.0,25,7,2536.07,0,0.4756108607226017,-0.5771504519180808,0
16934.0,19,4,1152.11,0,0.1445603190831006,-0.7355161065959613,0
16935.0,17,3,530.86,0,0.022514843320352734,-0.7943704488220588,0
16936.0,21,1,286.39,0,-0.17603368600762978,-0.7972417070113433,0
16937.0,135,1,196.25,0,-0.5736611512935267,0.2963665971377934,0
16938.0,17,5,4283.68,0,0.4638999950494509,-0.6199430664071767,0
16939.0,124,3,433.85,0,-0.3516040417325692,0.23161597738336315,0
16940.0,86,5,3377.78,0,0.1609741831534717,0.009688248831593072,0
16941.0,247,1,33.0,1,-0.9697746983502238,1.3679559111887043,0
16943.0,175,2,482.76,1,-0.6064396526341803,0.7082006974869431,0
16944.0,245,1,101.36,1,-0.9579154201870369,1.3513025648448256,0
16945.0,29,14,4202.66,0,1.1680906795947485,-0.3631288930056349,0
16946.0,19,5,1222.04,0,0.2331493690160118,-0.7168182005680853,0
16947.0,98,4,548.73,0,-0.17054431585708432,0.0018195708407558134,0
16948.0,65,4,433.75,0,-0.06575796836532756,-0.32010184645679124,0
16950.0,3,8,2535.21,0,0.6344862470767955,-0.7728444408420885,0
16952.0,77,3,628.22,0,-0.17617374123176582,-0.21329510772221844,0
16954.0,15,11,3996.8,0,0.9506328547493728,-0.5537961830144438,0
16955.0,4,4,790.74,0,0.16958627409543836,-0.893567743274241,0
16958.0,71,1,778.49,0,-0.31155450521278044,-0.29742520068910616,0
16960.0,26,5,1483.83,0,0.22828247362344087,-0.6395277716534357,0
16961.0,24,2,560.39,0,-0.08281190343358856,-0.7419347432862653,0
16962.0,45,1,251.04,0,-0.26094206088266275,-0.5676293774356573,0
16964.0,369,2,207.85,1,-1.291989951180493,2.564644674048164,0
16970.0,262,1,71.4,1,-1.0184186705950473,1.5137580111217976,0
16972.0,18,2,749.0,0,-0.048438480325329505,-0.7925194529380621,0
16973.0,22,1,127.0,0,-0.19111963043547692,-0.793663971808456,0
16974.0,158,2,365.5,1,-0.5567022457935803,0.5401615226914512,0
16975.0,59,3,926.12,0,-0.09264654667275632,-0.3752112281323501,0
16977.0,31,4,496.0,0,0.05541891973171556,-0.6449243672715144,0
16978.0,302,2,424.55,1,-1.0463239494432937,1.928119619068245,0
16979.0,19,3,1007.74,0,0.05052765146809435,-0.7570373569447082,0
16980.0,64,1,394.37,0,-0.31563330771180925,-0.37935533555179657,0
16983.0,5,5,1748.15,0,0.3196444580912987,-0.8315866416835893,0
16984.0,40,7,5891.01,0,0.6694974605811583,-0.305559335677342,0
16985.0,12,13,5459.04,0,1.2348038293200356,-0.49511456113045943,0
16986.0,81,9,3015.55,0,0.4855368180446825,0.012016906986410626,0
16987.0,12,4,904.6,0,0.15047147643833036,-0.8122649267397618,0
16988.0,15,1,256.55,0,-0.1576349845900434,-0.8561117413124448,0
16990.0,58,1,165.0,0,-0.31182575401196105,-0.4457931008086123,0
16991.0,57,1,1041.21,0,-0.2443204916518275,-0.42218344111511774,0
16992.0,23,8,3862.19,0,0.6629223321733884,-0.5300541312902353,0
16993.0,99,2,1950.95,0,-0.23838396227925573,0.03253448245688859,0
16996.0,18,3,666.6500000000001,0,0.02901470044275848,-0.7795971900211777,0
16998.0,80,1,107.0,0,-0.39153019254604615,-0.2362859252963438,0
17000.0,32,2,406.3,0,-0.12152123840823253,-0.6707946767622285,0
17001.0,12,8,2651.23,0,0.6120992669013307,-0.6818366554260991,0
17002.0,79,4,1077.82,0,-0.06668061602156526,-0.16095106980398624,0
17003.0,38,4,828.21,0,0.05570166911578533,-0.564963063731989,0
17004.0,28,2,1012.22,0,-0.0634912175944995,-0.6863056526935029,0
17005.0,106,2,622.36,0,-0.3595515117455825,0.04950532054635535,0
17006.0,28,4,853.49,0,0.0918517156445527,-0.6602346979828453,0
17007.0,73,1,230.17,0,-0.3585121007147416,-0.29897567406910147,0
17008.0,65,1,81.36,0,-0.34195311227296443,-0.38160406669189945,0
17009.0,187,1,242.06,1,-0.7486783581539949,0.7985024019910838,0
17011.0,283,2,400.8,1,-0.9828881055907063,1.7443809817234728,0
17012.0,361,1,360.61,1,-1.3368531135730466,2.4774085475522925,0
17016.0,212,1,552.4,1,-0.8117373950969531,1.0508490324545772,0
17017.0,1,13,5416.349999999999,0,1.269413531773142,-0.6025871917985124,0
17018.0,23,4,1367.6,0,0.14659803067465674,-0.6888508687274685,0
17019.0,4,8,2703.03,0,0.6433283808563413,-0.7568563550853034,0
17020.0,178,2,935.62,1,-0.58361350726967,0.75424580883258,0
17021.0,78,6,1182.22,0,0.11133451766817862,-0.13452322187269172,0
17022.0,68,1,189.0,0,-0.34437207298331785,-0.3486523853093343,0
17023.0,53,3,800.18,0,-0.0812754065024743,-0.43772612257901444,0
17025.0,9,4,1152.87,0,0.1789172771437733,-0.8317177301368196,0
17026.0,5,2,54.15,0,-0.05465938971848189,-0.9439731576511476,0
17027.0,82,3,433.07,0,-0.2075952806589541,-0.17258149065055367,0
17028.0,217,3,1593.83,1,-0.5857803458847118,1.170554622027796,0
17029.0,18,5,1421.3,0,0.25115091039422344,-0.7188837549800925,0
17031.0,14,4,2393.5,0,0.2524908666203796,-0.7365481578123338,0
17032.0,183,8,2984.32,1,0.0499037186302649,0.9763373825475232,0
17033.0,33,1,302.65000000000003,0,-0.2160062887320633,-0.6811484628370312,0
17034.0,45,2,530.9,0,-0.1570013363124299,-0.5409692914873028,0
17035.0,227,2,180.06,1,-0.8069425553354189,1.1971182899642703,0
17036.0,19,1,176.9,0,-0.17718014944520333,-0.8206405099305429,0
17038.0,51,1,630.77,0,-0.25375415038745697,-0.495488790415191,0
17039.0,240,1,1954.99,1,-0.8052132379145899,1.3734914207618485,0
17040.0,186,1,13.52,1,-0.7619607991024929,0.7802113411246361,0
17041.0,33,3,583.71,0,-0.028502573381127716,-0.6383972475289019,0
17043.0,11,4,858.47,0,0.15052823889379466,-0.8236375803309534,0
17044.0,10,11,11013.82,0,1.4809212958014129,-0.3357713809267934,0
17045.0,12,2,488.24,0,-0.04692640162603163,-0.8601477713683349,0
17046.0,80,4,1264.05,0,-0.05649220333917999,-0.14426473352399805,0
17047.0,67,3,1188.33,0,-0.10091286658753752,-0.288281824682218,0
17048.0,73,4,1146.33,0,-0.04108981628272616,-0.2160909064431097,0
17049.0,11,10,4287.5,0,0.9021363594662893,-0.5973083713742716,0
17050.0,11,5,1462.95,0,0.2782076412174088,-0.7846653767920414,0
17051.0,82,3,465.6,0,-0.20521644020760332,-0.17134769980211292,0
17055.0,81,1,232.85,0,-0.38575722365254994,-0.22188966867909318,0
17056.0,374,1,128.60000000000002,1,-1.3984112407842288,2.5937085053921596,0
17057.0,232,1,294.74,1,-0.8991822117165766,1.2335374566675692,0
17059.0,5,5,2506.54,0,0.37510368987426607,-0.8028225887617024,0
17062.0,1,4,645.8100000000001,0,0.16927830703355473,-0.9279337517621967,0
17063.0,43,6,2177.39,0,0.30416373366473753,-0.43358519830240244,0
17065.0,273,2,194.7,1,-0.9636583204709013,1.6403336165623115,0
17066.0,362,1,228.34,1,-1.3499558378029033,2.482014884286373,0
17067.0,360,3,454.54,1,-1.1596036257340758,2.5034392915738684,0
17068.0,4,27,4601.69,0,2.368202323706014,-0.3799776823416186,0
17069.0,9,6,3084.58,0,0.48712904632262727,-0.7263610163971278,0
17070.0,46,1,133.18,0,-0.27299101656336583,-0.562476501318668,0
17071.0,17,4,1364.68,0,0.1669653267725494,-0.7466998870543916,0
17072.0,261,1,273.35,1,-1.000220416003982,1.5117944824516383,0
17074.0,198,1,203.05,1,-0.7892625845811364,0.9028763326186324,0
17075.0,65,6,1402.51,0,0.17203558954306086,-0.2512676933536202,0
17076.0,28,3,401.67,0,-0.024664029030638017,-0.6934168458524379,0
17077.0,214,1,306.0,1,-0.8366163091027006,1.0607497159439712,0
17080.0,15,5,669.91,0,0.20649398605824817,-0.7762514480037191,0
17081.0,31,4,660.48,0,0.06744694547528084,-0.6386860051826261,0
17082.0,30,4,2728.18,0,0.22208299816372537,-0.5698857688519143,0
17083.0,45,6,2644.01,0,0.33142625275527476,-0.3966412454999059,0
17084.0,32,1,2253.22,0,-0.06993567047542694,-0.6167907079719778,0
17085.0,12,23,6285.27,0,2.129976413447486,-0.3033213270923209,0
17087.0,373,1,221.53,1,-1.3881853558828732,2.587610089593288,0
17089.0,22,1,128.45,0,-0.19101359543226576,-0.7936089765200995,0
17090.0,10,6,1105.53,0,0.33897575434774707,-0.7917989545810743,0
17091.0,3,11,3961.44,0,0.989208720534956,-0.6706138478836596,0
17092.0,73,7,3737.38,0,0.3988131347205444,-0.0696812708753738,0
17093.0,228,1,235.88,1,-0.8897659491336761,1.1928128477751379,0
17094.0,59,1,100.2,0,-0.3199945598510203,-0.4386277764156233,0
17095.0,66,4,1248.09,0,-0.009637386119525557,-0.2795926890942909,0
17096.0,19,7,2675.8,0,0.5064098073088188,-0.6295890717042698,0
17097.0,1,2,363.66,0,-0.01830511738876026,-0.9707263083560562,0
17098.0,17,3,591.0699999999999,0,0.026917855419210122,-0.7920868168827837,0
17099.0,169,1,582.17,1,-0.6620644480877145,0.6381872133889043,0
17101.0,30,3,885.3199999999999,0,0.0038438528907170236,-0.6558269828701397,0
17103.0,358,1,424.3,1,-1.321905203138441,2.4509550335863692,0
17104.0,59,1,474.03,0,-0.2926572734714179,-0.4244492325215991,0
17106.0,25,1,481.58,0,-0.17548046446102974,-0.7513464031798424,0
17107.0,33,4,5255.24,0,0.39659038743207264,-0.44517084570683674,0
17108.0,299,1,174.95,1,-1.1377614188598506,1.8737380932989605,0
17109.0,42,2,410.42,0,-0.1555213338374083,-0.5744079656302117,0
17110.0,156,2,336.6,1,-0.5519553568802668,0.5198193199713245,0
17111.0,61,1,227.97,0,-0.3175113240971021,-0.41453565358528016,0
17112.0,138,1,197.57,0,-0.5838550372048521,0.32528579641134464,0
17113.0,210,6,2305.59,1,-0.2592943737606165,1.1783256363245058,0
17115.0,184,4,1923.99,1,-0.36496674600841983,0.8815619949955507,0
17116.0,284,1,389.78,1,-1.0705993473990552,1.7375404463800275,0
17121.0,38,1,314.74,0,-0.23227286673478373,-0.6325746915867356,0
17122.0,24,3,432.18,0,-0.008712353870509684,-0.7307518485928512,0
17123.0,75,2,631.87,0,-0.25252178698993,-0.24844837705588962,0
17126.0,17,4,1026.98,0,0.1422701401626151,-0.7595081000737104,0
17127.0,64,5,1155.0300000000002,0,0.07389287439526285,-0.2863227224870465,0
17129.0,156,1,31.85,1,-0.6577162271263102,0.49221521145249075,0
17132.0,88,2,1220.91,0,-0.25403850772765457,-0.10100781128143041,0
17133.0,110,5,9730.09,0,0.5431799797347993,0.4815703740098326,0
17134.0,78,1,212.1,0,-0.376984206784254,-0.2515458048166224,0
17135.0,7,4,798.03,0,0.15982895988698928,-0.8644221151238011,0
17136.0,298,1,231.68,1,-1.1301827526593526,1.866266691680428,0
17137.0,52,6,1099.81,0,0.19449166394939243,-0.38784801715013517,0
17138.0,25,6,4036.77,0,0.501878194992122,-0.5362778408759751,0
17139.0,25,13,8915.99,0,1.443010450692162,-0.2389005212658765,0
17141.0,54,4,727.58,0,-0.006539369856624088,-0.4148110188919121,0
17142.0,40,3,696.25,0,-0.04428376134560483,-0.5667675405364712,0
17143.0,53,2,880.97,0,-0.15884266630849977,-0.4507075528406134,0
17145.0,148,4,3120.91,1,-0.15395390093847977,0.5805289043386659,0
17146.0,71,10,5102.86,0,0.7559533834007944,0.010999119408337405,0
17147.0,88,5,1485.36,0,0.015725796054197203,-0.042840960465685266,0
17149.0,87,1,143.10000000000002,0,-0.4129012533694613,-0.16755541819493078,0
17150.0,12,6,1357.95,0,0.350574343998403,-0.7629791333413202,0
17151.0,371,1,231.90000000000003,1,-1.380566746572248,2.5687573109929978,0
17152.0,61,1,327.0,0,-0.3102694990157228,-0.41077966502945207,0
17155.0,163,5,640.76,1,-0.3032981233276286,0.6468535971925979,0
17156.0,127,1,591.87,0,-0.5172893098874424,0.23438722854255767,0
17157.0,116,17,4832.9,0,1.1661823084320848,0.5461164656325167,0
17158.0,183,2,713.03,1,-0.6170416677231437,0.793918687481828,0
17159.0,113,2,560.71,0,-0.38807079433719743,0.11452838665683436,0
17160.0,10,11,6691.13,0,1.164813400607759,-0.49972143818613435,0
17161.0,80,1,856.01,0,-0.3367568975424723,-0.2078776349984462,0
17163.0,81,2,406.68,0,-0.28957021728264676,-0.19925106578208118,0
17165.0,17,5,1635.64,0,0.27025521580583106,-0.7203773583931912,0
17167.0,15,3,867.11,0,0.053964271145770334,-0.8008633208225993,0
17168.0,134,1,400.2,0,-0.5553166415256183,0.29447892403778103,0
17169.0,214,1,320.95,1,-0.8355230516557994,1.0613167363308198,0
17170.0,10,2,178.68,0,-0.06270350167909099,-0.8911347862471883,0
17171.0,297,1,159.68,1,-1.1320178009163522,1.8539128462893852,0
17172.0,66,2,638.81,0,-0.22114303854215978,-0.3347925620192423,0
17176.0,162,2,596.1899999999999,1,-0.5535529948580177,0.5874032628930612,0
17177.0,141,1,119.5,1,-0.5998545223609588,0.3511939088279112,0
17178.0,367,1,432.96,1,-1.352143161206836,2.537890891996869,0
17179.0,18,3,795.47,0,0.038434996383213724,-0.7747113327480102,0
17180.0,58,7,1452.8,0,0.28319938040480475,-0.3006760030848475,0
17181.0,9,2,225.45,0,-0.05585318625927102,-0.8989839486050525,0
17182.0,58,2,321.3,0,-0.21692067426708653,-0.4238193719839386,0
17184.0,205,2,198.41000000000005,1,-0.7301376256822457,0.9861072777738378,0
17185.0,227,3,229.46,1,-0.7198548147928008,1.2150375385645875,0
17187.0,162,1,263.76,1,-0.6613380367515679,0.5587493132833932,0
17188.0,82,6,2118.7000000000003,0,0.16609648923573872,-0.06051243024406058,0
17189.0,196,3,569.88,1,-0.5886264397525959,0.9296345243210123,0
17190.0,39,5,1281.83,0,0.16891890534078755,-0.5220896009835129,0
17191.0,4,11,2726.77,0,0.8954901428292582,-0.7078191014145989,0
17192.0,172,1,75.28,1,-0.7094225057107211,0.6478311330102552,0
17193.0,22,2,610.74,0,-0.07226965313787248,-0.7592711690393177,0
17194.0,166,1,549.88,1,-0.6541353235898024,0.6080933906116269,0
17195.0,291,1,562.98,1,-1.0819446158498853,1.811470852815017,0
17196.0,63,1,327.75,0,-0.3170749295431011,-0.3915051294591441,0
17198.0,1,2,521.66,0,-0.006750958418166198,-0.9647337183144442,0
17199.0,218,1,135.04000000000002,1,-0.862838754056626,1.0927577612708124,0
17200.0,23,4,356.71,0,0.07267408281526531,-0.7271916873804126,0
17201.0,159,3,853.3199999999999,1,-0.44098404604456354,0.5843321156894411,0
17202.0,56,1,160.65,0,-0.3052835828029,-0.46520417640518485,0
17203.0,24,4,2004.01,0,0.18970702111262452,-0.6550902021630949,0
17204.0,10,5,3940.13,0,0.4627879788126815,-0.7003344710294354,0
17205.0,52,2,615.27,0,-0.1748425284427402,-0.47040801020039213,0
17207.0,288,1,292.62,1,-1.0914249763274753,1.7723475622452927,0
17208.0,31,1,111.15,0,-0.22314994569608254,-0.7076577234101081,0
17209.0,285,3,595.7,1,-0.892020577151457,1.7870648127834858,0
17210.0,28,1,251.72,0,-0.20257998626363316,-0.7311953492595814,0
17211.0,5,6,1729.43,0,0.4017507473106456,-0.8162510338024785,0
17212.0,94,2,567.5600000000001,0,-0.32239724627891286,-0.06804966046468912,0
17213.0,2,7,2401.07,0,0.5446318128006882,-0.8036007348152849,0
17215.0,100,1,186.15,0,-0.45434490610943057,-0.040823043792748474,0
17216.0,190,1,63.6,1,-0.772019121911734,0.8206029440641223,0
17217.0,255,1,96.6,1,-0.9925648886013954,1.4473524772453896,0
17218.0,4,9,2226.96,0,0.6919897675111235,-0.7588670197075549,0
17219.0,52,1,144.9,0,-0.2927147898831495,-0.5042937184830981,0
17220.0,53,7,1269.76,0,0.28696479716687295,-0.3557335291934569,0
17221.0,227,3,642.14,1,-0.6896765216030238,1.230689576908717,0
17222.0,113,5,1250.86,0,-0.08717607616432106,0.18884109557836584,0
17223.0,4,2,433.99,0,-0.02345246842311914,-0.9391897126345832,0
17224.0,137,1,100.86,0,-0.5874970681717463,0.3119947554511356,0
17225.0,217,1,131.15,1,-0.8596930822662383,1.0829871773211253,0
17226.0,80,2,501.98,0,-0.2791710199967324,-0.20525959273032865,0
17227.0,4,7,1081.86,0,0.44130089066049105,-0.8343893584305859,0
17228.0,3,7,1269.89,0,0.45848120922072944,-0.8368808418689683,0
17230.0,199,10,5750.08,1,0.3642253431824998,1.2672964832797855,0
17231.0,25,15,3940.08,0,1.246084627539022,-0.395534534255552,0
17233.0,84,2,369.98,0,-0.30254441410575683,-0.17177388089702414,0
17235.0,8,7,1354.82,0,0.44754124475862966,-0.7855444107539195,0
17236.0,46,6,1013.13,0,0.20873379324110183,-0.4488738667548141,0
17237.0,11,2,679.44,0,-0.029514268610497142,-0.8625190237280342,0
17238.0,7,17,3982.66,0,1.4778913615714528,-0.535043144715275,0
17239.0,23,3,806.95,0,0.02212381055155617,-0.7261606974466094,0
17240.0,232,1,130.6,1,-0.9111853740800786,1.227311990025606,0
17241.0,21,12,2736.64,0,0.9213748019426723,-0.5278073754404627,0
17242.0,92,3,1754.24,0,-0.14528268575761774,-0.026241990187491723,0
17243.0,5,44,11920.43,3,4.319053032548649,0.18000443255358678,-1
17244.0,19,4,871.14,0,0.12401366056431694,-0.7461726763680608,0
17245.0,325,1,200.18,1,-1.2251000006470045,2.124894177825901,0
17246.0,182,2,38.92,1,-0.6629075682446014,0.7587281434201837,0
17248.0,117,1,181.89,0,-0.512968777495009,0.12260714656061253,0
17249.0,64,1,68.03,0,-0.3394977649172755,-0.39173268893268054,0
17251.0,18,2,529.15,0,-0.06451558063979221,-0.8008578764864697,0
17254.0,37,1,198.29,0,-0.23735843629711803,-0.6466144270242954,0
17255.0,26,2,490.22,0,-0.09480354253181836,-0.7253500462333695,0
17256.0,117,3,258.93,0,-0.3403845527338241,0.15762033515804766,0
17257.0,72,2,189.78,0,-0.27456034822714104,-0.29408500615628475,0
17258.0,32,2,417.3,0,-0.12071683493559622,-0.6703774711264201,0
17259.0,4,5,1239.11,0,0.285849728590575,-0.8605164462631522,0
17260.0,47,1,120.95,0,-0.27731550507910774,-0.5533173132643654,0
17261.0,145,1,221.59,1,-0.6061094792963987,0.39355813586906985,0
17262.0,2,7,1504.26,0,0.4790502602284193,-0.8376147517470449,0
17264.0,60,1,268.28,0,-0.31113341289848495,-0.42262982943471905,0
17266.0,135,2,205.14,0,-0.4895358093578628,0.3127493911647834,0
17268.0,81,7,970.25,0,0.1690184860970325,-0.09764802385977943,0
17269.0,21,1,491.81,0,-0.16101181679408905,-0.7894505814015462,0
17270.0,105,2,601.4499999999999,0,-0.35765047151012846,0.03908920569471716,0
17271.0,372,1,204.3,1,-1.386015206122028,2.5773335489907203,0
17273.0,60,1,141.12,0,-0.3204323170421605,-0.42745272658466454,0
17274.0,31,1,465.4,0,-0.19724449749777273,-0.694221805547823,0
17275.0,19,1,114.1,0,-0.18177256199807237,-0.8230223748331583,0
17276.0,38,1,502.49,0,-0.21854316200865057,-0.6254537499391872,0
17278.0,201,1,25.2,1,-0.8125587405099386,0.9250000106405656,0
17280.0,74,1,118.86,0,-0.370082070691284,-0.29357437095988065,0
17281.0,10,6,797.8499999999999,0,0.31647585794222566,-0.8034685754924868,0
17282.0,92,2,623.08,0,-0.3114769263510578,-0.08518999956891156,0
17283.0,14,1,188.46,0,-0.15918410397631486,-0.8683172890638503,0
17284.0,25,2,1140.58,0,-0.04381414601667643,-0.7103063767987234,0
17285.0,264,2,407.94,1,-0.9171933505317794,1.5618139336596206,0
17286.0,36,2,237.81,0,-0.14756305821875684,-0.6386929498062559,0
17287.0,3,16,3000.5,0,1.3363136840902023,-0.6268320935837499,0
17288.0,26,4,1050.8,0,0.1131407963346897,-0.6719972564414971,0
17289.0,12,6,1110.78,0,0.3324993979682654,-0.7723537439779357,0
17290.0,17,6,974.95,0,0.3054157870862394,-0.7293902506957112,0
17292.0,108,2,271.75,0,-0.39205105174073257,0.0554535495532405,0
17293.0,30,8,1896.57,0,0.4951703150549251,-0.5372444301261363,0
17294.0,305,2,467.79,1,-1.0534523268479903,1.958628751092077,0
17296.0,366,1,338.13,1,-1.3556477123074977,2.5246711552725976,0
17298.0,10,3,455.84,0,0.04103977840240382,-0.8645771053185323,0
17299.0,75,2,336.62,0,-0.2741127074713724,-0.25964655559883865,0
17300.0,26,2,393.64,0,-0.10186620502156504,-0.7290131117157675,0
17301.0,260,1,131.15,1,-1.0071890209681695,1.496778106548436,0
17304.0,170,1,111.5,1,-0.6999135482394006,0.6299587876541143,0
17305.0,284,1,2135.46,1,-0.9429419788434433,1.8037502222271242,0
17306.0,29,2,1151.04,0,-0.05676978387917666,-0.6714174727038491,0
17307.0,31,11,3999.89,0,0.8959766092480393,-0.3997102683065441,0
17308.0,29,2,4511.76,0,0.18899156508066464,-0.5439528068516569,0
17309.0,17,2,237.64,0,-0.08240286583119108,-0.8215372499789952,0
17310.0,23,2,1025.1,0,-0.04539864370889464,-0.7339323671505134,0
17311.0,28,4,2181.71,0,0.18898124113773287,-0.6098582552925293,0
17314.0,29,9,2376.51,0,0.6171725456258752,-0.5126187978060285,0
17315.0,11,5,3318.35,0,0.41388856877462554,-0.7142941643666809,0
17316.0,56,1,124.45,0,-0.3079308015037577,-0.46657716222484535,0
17318.0,361,1,157.32999999999998,1,-1.3517184897473655,2.4696985874025525,0
17319.0,305,1,29.1,1,-1.169007906287207,1.9259445950404992,0
17320.0,4,4,1695.15,0,0.23572359633971043,-0.8592654751759226,0
17321.0,30,4,1008.05,0,0.09629403949228241,-0.6351264897903832,0
17322.0,12,5,922.59,0,0.23526227942862987,-0.7955369898686031,0
17323.0,43,5,644.52,0,0.1085934095265042,-0.5077691782256956,0
17324.0,2,9,1311.64,0,0.6319148994958675,-0.812829169672528,0
17325.0,46,2,512.77,0,-0.16175727759985864,-0.5320338773649338,0
17326.0,44,2,312.35,0,-0.16955323265259747,-0.5588814537808663,0
17327.0,45,2,152.35,0,-0.18468378490938175,-0.5553268545268738,0
17328.0,309,1,104.7,1,-1.1772000130399318,1.967304115055061,0
17329.0,367,3,475.42,1,-1.182087688453266,2.571592537786463,0
17330.0,180,2,59.900000000000006,1,-0.6545130752208242,0.7402777786195227,0
17332.0,164,5,838.27,1,-0.29228483144784906,0.6639677588882152,0
17334.0,42,1,328.13,0,-0.24501424076320902,-0.5935746590815959,0
17335.0,19,2,497.04,0,-0.07029384561335326,-0.7924526927994281,0
17336.0,108,1,81.12,0,-0.4894666015961166,0.0321777598669938,0
17338.0,11,9,5395.79,0,0.8997076967633361,-0.5713190024728556,0
17339.0,1,2,119.0,0,-0.03619651317195993,-0.9800057202521372,0
17340.0,2,8,9935.93,0,1.1791131913687691,-0.5017745681587327,0
17341.0,2,3,1006.53,0,0.1087515149450073,-0.9206750122824212,0
17342.0,15,4,1227.54,0,0.16379688551512187,-0.7711473932308733,0
17343.0,12,5,1066.3,0,0.24577144516068097,-0.7900863878756913,0
17344.0,364,1,299.74,1,-1.3515948042083041,2.5039690178721234,0
17345.0,11,6,1066.94,0,0.3327236226012149,-0.783639542941309,0
17346.0,9,12,2509.84,0,0.9459511222008471,-0.6518859354841481,0
17348.0,73,4,1285.69,0,-0.03089875556030849,-0.21080529031526757,0
17349.0,16,4,674.16,0,0.1198994025250952,-0.7825128260690919,0
17350.0,30,3,612.381,0,-0.01611551796545373,-0.6661789546003141,0
17351.0,63,9,1401.08,0,0.42921700633410353,-0.22243117176471838,0
17352.0,332,1,36.25,1,-1.2610987729823688,2.186037990079063,0
17353.0,127,2,1502.0,0,-0.3672584601628024,0.2849520595891832,0
17354.0,64,3,1740.9,0,-0.05021434072543777,-0.2961932030814118,0
17355.0,22,1,273.31,0,-0.18042033297352997,-0.7881147575743532,0
17356.0,190,4,768.25,1,-0.47006405370674625,0.8954656058692194,0
17358.0,12,3,500.2,0,0.0374234420060863,-0.8436485390411693,0
17359.0,284,1,156.6,1,-1.0876512384671762,1.7286964454565903,0
17360.0,21,3,632.27,0,0.016210159624786242,-0.7520320126747502,0
17361.0,312,2,383.59,1,-1.0836206365585097,2.0227965456491486,0
17362.0,36,5,711.8100000000001,0,0.13752513171681632,-0.5725783316283601,0
17363.0,31,3,920.46,0,0.0029834182385006297,-0.6448711556369058,0
17364.0,12,17,7510.24,0,1.7187040893885663,-0.3531346243169626,0
17365.0,22,7,3417.13,0,0.550331068105274,-0.5726029321984826,0
17366.0,68,2,1077.24,0,-0.1959419861692241,-0.2989177934779676,0
17368.0,11,6,879.42,0,0.31901073722041867,-0.7907517611982906,0
17369.0,91,1,979.2,0,-0.36547982912764954,-0.09735181763197692,0
17371.0,259,3,236.97,1,-0.8290700461028669,1.5232598119345346,0
17372.0,17,20,3010.13,0,1.622896919934228,-0.427561756822226,0
17373.0,54,3,520.58,0,-0.10515201833446776,-0.4387076864198119,0
17374.0,31,1,231.34,0,-0.21436074084370468,-0.7030991829221249,0
17375.0,67,1,260.45,0,-0.3357169686812558,-0.3555654899315846,0
17376.0,40,2,250.44,0,-0.16036000921438245,-0.599721742417772,0
17377.0,1,60,14174.25,3,5.833193809115694,0.48372450992790816,-1
17378.0,10,1,10.95,0,-0.15844442975962306,-0.913542029655252,0
17380.0,70,3,645.0,0,-0.15093569353262273,-0.28001999354894513,0
17381.0,4,12,19726.76,0,2.2221336523931563,-0.04700151842536822,0
17382.0,71,7,836.88,0,0.19356684072273184,-0.19893690121254543,0
17383.0,89,1,110.7,0,-0.42213086345301176,-0.14953818869980912,0
17384.0,103,1,171.15,0,-0.46573223426379445,-0.012522825971596615,0
17386.0,21,1,126.35,0,-0.18773702525860367,-0.8033116697345053,0
17388.0,56,7,1415.81,0,0.2873546671277886,-0.3213250415862189,0
17389.0,10,27,25381.65,3,3.867209857344779,0.4658984435686884,-1
17390.0,56,1,149.3,0,-0.3061135809314839,-0.46563465676576904,0
17392.0,86,1,168.65,0,-0.40760270537594523,-0.1762094081520544,0
17393.0,46,2,381.15,0,-0.171382330787894,-0.537025932436307,0
17395.0,144,1,97.5,1,-0.611753743634273,0.3792286321535485,0
17396.0,7,7,1476.3,0,0.45985492230941855,-0.7905599882889428,0
17397.0,52,1,516.87,0,-0.265513520818011,-0.4901857202693105,0
17400.0,217,3,2525.44,1,-0.5176539532353754,1.2058885258801137,0
17401.0,177,1,114.85,1,-0.7236795375836191,0.6974471597943704,0
17402.0,5,12,2461.68,0,0.9561498499798574,-0.6922047170762933,0
17403.0,86,1,118.95,0,-0.41123714652049287,-0.17809441907020707,0
17404.0,45,8,15874.3,0,1.465875929921311,0.13724558211546162,0
17406.0,2,11,2704.63,0,0.900731374240301,-0.7279049123076288,0
17407.0,47,1,552.9,0,-0.2457280432604488,-0.5369344065018697,0
17408.0,136,2,283.44000000000005,0,-0.48724005729380804,0.32534218160178935,0
17409.0,57,8,7021.66,0,0.7773420582456004,-0.08303890674853565,0
17411.0,22,2,646.44,0,-0.0696589982312256,-0.7579171471121939,0
17412.0,8,10,3159.46,0,0.829935928951363,-0.6689615646458298,0
17413.0,40,2,560.14,0,-0.13771239508024966,-0.5879755073805109,0
17414.0,59,4,1471.52,0,0.030712477726916678,-0.33847979813558005,0
17416.0,29,15,10405.03,0,1.7051302778670898,-0.11184112068166248,0
17417.0,184,1,164.18,1,-0.7440831204122181,0.7666794514923058,0
17418.0,23,1,206.6,0,-0.18872881250647425,-0.7810218752508545,0
17419.0,3,8,2273.95,0,0.6153809333257991,-0.7827534539703894,0
17420.0,9,4,485.6,0,0.13012143121777137,-0.8570258032828099,0
17421.0,22,3,1059.41,0,0.04401573963379063,-0.7262084936927066,0
17422.0,17,5,1615.39,0,0.26877438214029603,-0.7211453960409294,0
17423.0,29,1,420.54,0,-0.19366472489566589,-0.7151693357177228,0
17426.0,88,7,3040.51,0,0.2964006405370581,0.0482336665267318,0
17428.0,4,18,14562.91,0,2.345365180970471,-0.14658121527100978,0
17429.0,32,2,832.54,0,-0.09035133511946024,-0.6546283376525025,0
17430.0,1,3,469.41,0,0.0729033627614084,-0.9506698290668476,0
17432.0,21,7,1363.23,0,0.4035644523557403,-0.6601258548266828,0
17433.0,21,1,266.8,0,-0.1774662554648066,-0.797984712320933,0
17435.0,47,1,331.35,0,-0.2619294604752281,-0.5453373072849023,0
17436.0,44,3,317.76,0,-0.0856823747246403,-0.5426306484459321,0
17437.0,165,1,369.68,1,-0.6638827769140062,0.5916357588756319,0
17438.0,80,4,1034.32,0,-0.07329180422724693,-0.1529778835889318,0
17439.0,291,1,325.74,1,-1.0992934049269976,1.8024728650841813,0
17440.0,185,1,137.16,1,-0.7494891659607138,0.7752776876053714,0
17441.0,368,1,293.35,1,-1.3657826419357062,2.5422188387885094,0
17442.0,17,9,2371.74,0,0.6579853843412715,-0.628276251729846,0
17448.0,133,46,14523.67,3,4.237314493183734,1.542580534619863,-1
17449.0,23,6,2348.94,0,0.3853115336453874,-0.6195395840880729,0
17450.0,3,7,52422.3,3,4.199133594467604,1.1032167706022677,-1
17454.0,98,6,1030.41,0,0.03163025628296888,0.052179858390329466,0
17456.0,1,2,975.56,0,0.026441653966344257,-0.9475182966695853,0
17457.0,15,9,4247.11,0,0.8019869460579597,-0.5763937111680707,0
17458.0,17,1,213.08,0,-0.16767411707741964,-0.8385143723980868,0
17460.0,8,12,1605.84,0,0.883273920377175,-0.695795698056338,0
17463.0,196,2,659.4,1,-0.6655552957117018,0.9169842036231048,0
17464.0,158,2,617.1800000000001,1,-0.5382974943396619,0.5497071876387482,0
17465.0,61,7,2542.79,0,0.3526173061802937,-0.23046596203533573,0
17467.0,31,1,102.6,0,-0.22377518657708623,-0.7079820059724866,0
17468.0,11,1,57.8,0,-0.1584485403514239,-0.9021420680588075,0
17469.0,36,12,3180.28,0,0.9023650536297697,-0.36663541988418674,0
17470.0,3,7,1679.8,0,0.4884569389905789,-0.8213338634894924,0
17471.0,110,1,321.65000000000003,0,-0.47873749897179213,0.060546619742224125,0
17472.0,264,1,224.81,1,-1.0140604434740024,1.538822602361425,0
17473.0,44,2,607.0,0,-0.14800618872420795,-0.5477060319089613,0
17474.0,235,1,1047.0,1,-0.8544616663786747,1.29093814686421,0
17476.0,31,2,489.86,0,-0.11198055901038628,-0.6772484759072388,0
17477.0,248,2,1144.3,1,-0.8084629097721816,1.4357737196243157,0
17478.0,44,2,1272.8,0,-0.0993178403531856,-0.5224537126070291,0
17479.0,268,1,389.2600000000001,1,-1.0157551639954787,1.5835520060797668,0
17480.0,80,1,370.41,0,-0.3722676544799437,-0.2262953674301348,0
17482.0,123,2,775.64,0,-0.4066548628512408,0.21891065416019453,0
17483.0,50,1,177.69,0,-0.2834566600401146,-0.5222961561420411,0
17484.0,212,2,209.57,1,-0.7533324885608925,1.0538918659155179,0
17487.0,364,1,160.55,1,-1.3617734332406901,2.498689849467744,0
17488.0,277,1,336.5,1,-1.0504846185447212,1.668158339931052,0
17490.0,24,2,658.18,0,-0.0756607565618519,-0.7382257851839283,0
17491.0,3,8,2422.2000000000003,0,0.6262220983092838,-0.777130659833244,0
17492.0,114,2,747.85,0,-0.37781583554934867,0.1312492372212394,0
17493.0,21,1,100.91,0,-0.18959739110804616,-0.8042765525867749,0
17494.0,137,1,54.7,0,-0.5908726376532819,0.3102440088921431,0
17495.0,26,1,309.16,0,-0.19151926136600878,-0.7482628670164628,0
17496.0,199,3,1141.84,1,-0.557090798607087,0.980196834868902,0
17497.0,26,2,287.25,0,-0.10964624915372646,-0.7330482487697366,0
17499.0,197,1,718.51,1,-0.7481380997440522,0.9128035438468638,0
17504.0,16,9,6493.14,0,0.9628035653709126,-0.48158372319369996,0
17505.0,186,3,1289.64,1,-0.501690745616878,0.8607029782479961,0
17508.0,17,7,4191.92,0,0.6241402828850897,-0.5913320879301474,0
17510.0,56,1,206.08,0,-0.30196139646091213,-0.463481117129296,0
17511.0,3,31,84541.17,3,8.551314804581,2.7065091531902334,-1
17512.0,88,8,2542.83,0,0.3434817400060522,0.045403382469041964,0
17513.0,44,2,645.6,0,-0.14518346381113878,-0.5462420194051245,0
17514.0,305,1,313.35,1,-1.1482213892784008,1.9367255679476398,0
17515.0,30,5,963.49,0,0.17651071182681824,-0.6207709358755716,0
17516.0,14,1,182.62,0,-0.1596111690926963,-0.8685387873286796,0
17518.0,61,2,329.42,0,-0.22661729257714575,-0.3946422637718876,0
17519.0,4,10,3265.45,0,0.8514072744855448,-0.7034337781688959,0
17521.0,30,2,554.85,0,-0.10379785892952696,-0.6844065940210639,0
17524.0,74,2,394.14,0,-0.26647627047602157,-0.26708799426716273,0
17525.0,33,2,739.2,0,-0.10060720233206855,-0.648545472245511,0
17526.0,1,9,2970.14,0,0.7566271430022418,-0.75954898299389,0
17529.0,246,2,1240.25,1,-0.7945860414444459,1.4201668008706145,0
17530.0,1,3,725.21,0,0.09160939987962335,-0.9409679016450478,0
17531.0,163,2,970.12,1,-0.5296385338289203,0.6112086444313442,0
17532.0,21,1,65.34,0,-0.19219853942819826,-0.8056256439018391,0
17533.0,70,1,34.8,0,-0.3625086233366048,-0.3352547600361642,0
17534.0,87,4,1445.47,0,-0.06723636301318545,-0.07002256069570492,0
17536.0,56,2,288.33,0,-0.21247141463864827,-0.4443159407893146,0
17539.0,253,4,1176.84,1,-0.6562835532424888,1.5172143461147376,0
17540.0,19,4,1011.7,0,0.1342924743928404,-0.7408415468981305,0
17541.0,145,1,119.86,1,-0.613548748866516,0.3896997422935433,0
17542.0,277,2,170.1,1,-0.9791778115834586,1.6778927725125092,0
17543.0,185,1,120.05,1,-0.7507403789986054,0.7746287432027639,0
17544.0,26,3,944.82,0,0.021915496839184135,-0.6920624591212726,0
17545.0,26,3,767.54,0,0.008951437963823894,-0.6987862968591017,0
17547.0,11,2,727.85,0,-0.02597416205501323,-0.8606829396526264,0
17548.0,14,3,627.96,0,0.03990594648412025,-0.8195567954886767,0
17550.0,33,6,2239.48,0,0.34300560672329966,-0.5274607107847034,0
17552.0,8,10,2154.88,0,0.7564734161749112,-0.7070630589749602,0
17553.0,108,3,2270.0,0,-0.16244861050291018,0.1472883620940361,0
17555.0,61,3,565.43,0,-0.12588321275919495,-0.3696453111990058,0
17556.0,15,1,142.77,0,-0.16595544160063957,-0.8604271646981069,0
17557.0,368,1,34.0,1,-1.3847482819928174,2.5323822677296985,0
17558.0,29,1,259.17,0,-0.20546532383924035,-0.7212897423950325,0
17559.0,148,1,167.62,1,-0.6203465895715478,0.42038030790590764,0
17560.0,31,4,1040.85,0,0.09526248628315974,-0.6242594135742212,0
17561.0,26,3,537.9,0,-0.00784158144128512,-0.7074960334233787,0
17563.0,214,2,392.38,1,-0.746824310340256,1.080071534036306,0
17565.0,222,1,131.83,1,-0.8767940460528479,1.1311281925437322,0
17567.0,8,2,1024.55,0,0.006013207757682056,-0.8782989004185751,0
17568.0,269,1,374.45,1,-1.020268321689348,1.5926133404485798,0
17570.0,17,1,100.0,0,-0.1759433847761208,-0.8428032463341975,0
17571.0,178,1,205.24,1,-0.7204996729755486,0.710498497152915,0
17572.0,9,7,496.2600000000001,0,0.3813266843341353,-0.8084846450408667,0
17575.0,303,1,171.7,1,-1.1517196359596091,1.9121070074604771,0
17576.0,1,23,5266.77,0,2.0932274838430267,-0.44780426971293985,0
17577.0,281,2,348.75,1,-0.9798341203493498,1.7231607507788946,0
17578.0,110,6,903.87,0,-0.018784966068052213,0.16285701485614656,0
17579.0,214,1,304.38,1,-0.8367347757959434,1.060688272932152,0
17580.0,12,2,325.3,0,-0.058841810883427825,-0.86632772466821,0
17581.0,8,20,7712.71,0,1.9976564976774436,-0.3358107170830782,0
17582.0,82,4,1271.68,0,-0.06279451605821855,-0.12472925479238446,0
17583.0,196,1,135.95,1,-0.7873091695455233,0.881085288508698,0
17584.0,103,4,4067.12,0,0.06959636942243577,0.18337953489424283,0
17585.0,81,3,948.03,0,-0.16650735961608076,-0.16267324331485872,0
17586.0,255,1,167.4,1,-0.9873874553411545,1.4500377644285931,0
17587.0,264,1,176.71,1,-1.0175778804770756,1.53699827589939,0
17588.0,32,4,1699.35,0,0.1399868651493581,-0.589660922237574,0
17589.0,21,14,11433.77,0,1.7243254203799854,-0.16585326600885433,0
17591.0,3,2,519.95,0,-0.013736282813061376,-0.9455524850954171,0
17592.0,374,1,148.3,1,-1.3969706272923257,2.5944556827581073,0
17593.0,45,6,4168.46,0,0.44290560492440223,-0.33882223354461827,0
17594.0,85,2,1504.7,0,-0.2229952150814806,-0.11911341975267785,0
17596.0,4,7,2075.74,0,0.5139809382408331,-0.7966936914017418,0
17597.0,54,4,1439.72,0,0.045537710961849755,-0.3878011260296742,0
17598.0,17,1,409.98,0,-0.15327529491722994,-0.8310463915171159,0
17599.0,113,1,52.05,0,-0.5087431111382652,0.07919042348366442,0
17601.0,16,1,297.07,0,-0.1581019928165522,-0.8449518625955155,0
17602.0,108,8,2300.01,0,0.2571221367986034,0.22865465501252452,0
17603.0,253,3,1393.66,1,-0.7239032671955401,1.5093922324566857,0
17604.0,58,4,633.02,0,-0.02717486705514832,-0.379905290785456,0
17605.0,226,1,160.75,1,-0.8883997486330876,1.1707172435510633,0
17606.0,373,1,87.30000000000001,1,-1.3980012720766888,2.582519043002873,0
17607.0,12,1,333.81,0,-0.14169473278055802,-0.882050575234921,0
17608.0,85,2,296.07,0,-0.31137941227533583,-0.16495407862605468,0
17609.0,38,6,782.12,0,0.21928169391463323,-0.5346199233106533,0
17610.0,176,5,1511.94,1,-0.28418262626811636,0.8049951082476926,0
17611.0,57,13,4376.41,0,1.0012774933466615,-0.1031393001257623,0
17612.0,15,12,3346.41,0,0.9865466401905224,-0.5624184191307069,0
17615.0,23,3,392.2,0,-0.008205856746253267,-0.7418912463058409,0
17616.0,3,2,489.6,0,-0.01595570512165335,-0.9467035933723976,0
17617.0,194,1,385.19,1,-0.7622225731886588,0.8712923199289129,0
17618.0,19,8,3071.36,0,0.618811393859417,-0.598540741022912,0
17621.0,40,3,1795.22,0,0.0360812645019507,-0.5250860425742536,0
17622.0,233,2,1130.21,1,-0.7580412058528317,1.2908936441463588,0
17623.0,45,6,1838.72,0,0.27253733707533995,-0.42718411154173974,0
17624.0,73,2,725.15,0,-0.2388401693232797,-0.2641565629957369,0
17625.0,82,4,3958.5,0,0.13368615106438636,-0.02282412330121982,0
17626.0,238,1,254.0,1,-0.9227422583249513,1.2897305478981835,0
17627.0,114,1,296.36,0,-0.4943074481203603,0.09807960552072112,0
17629.0,24,2,641.4,0,-0.07688783749556433,-0.7388622134174615,0
17631.0,10,4,470.16,0,0.1255622031431964,-0.8479883634185932,0
17633.0,15,3,732.55,0,0.044124222847775785,-0.8059668835820886,0
17635.0,60,3,1265.58,0,-0.07125279361654745,-0.3527132173455505,0
17638.0,283,2,842.4,1,-0.9505949625437801,1.7611298916119276,0
17639.0,23,5,506.67,0,0.1671155336495477,-0.7054584207131049,0
17640.0,15,5,2547.28,0,0.3437815267330849,-0.705046962140294,0
17642.0,65,3,1112.2,0,-0.09961979367537042,-0.3104153566913659,0
17643.0,9,2,439.7,0,-0.040185600439968605,-0.8908579206530565,0
17644.0,30,9,3132.96,0,0.6690597717779576,-0.47430527992143257,0
17646.0,1,10,3141.4,0,0.8526262114699017,-0.7370078545045169,0
17647.0,305,2,198.6,1,-1.0731375423751688,1.9484189706281432,0
17648.0,21,1,418.87,0,-0.1663457430935519,-0.7922170340448068,0
17649.0,105,2,710.4,0,-0.349683220751608,0.043221437878474336,0
17651.0,134,6,1758.52,0,-0.038609787247966654,0.42622507314724206,0
17655.0,2,3,1013.54,0,0.1092641393398419,-0.920409138509056,0
17657.0,66,1,126.0,0,-0.3421188348351767,-0.3702879255004673,0
17659.0,8,3,835.33,0,0.07565124315116632,-0.8694299798924949,0
17660.0,373,1,163.47,1,-1.3924311436666243,2.585408002391921,0
17662.0,297,2,412.92,1,-1.0300237327498991,1.8795632945990832,0
17663.0,53,10,3372.92,0,0.691189529055187,-0.22782848068522793,0
17664.0,110,2,561.59,0,-0.3777160277313449,0.08569262851044479,0
17665.0,129,1,563.1,0,-0.5262534668250228,0.2525421358974961,0
17666.0,113,3,1319.64,0,-0.2490968359818855,0.15935853660034763,0
17667.0,71,4,1895.19,0,0.02053278580127895,-0.20693439504447592,0
17669.0,98,3,2735.63,0,-0.09409683041274343,0.06871822800029287,0
17671.0,1,2,830.63,0,0.01584327257641896,-0.9530151705602867,0
17672.0,53,5,2600.46,0,0.2173252037301444,-0.3373542576315319,0
17673.0,11,7,2578.91,0,0.5267655801414393,-0.710248253726052,0
17674.0,4,1,300.66,0,-0.11667780746195228,-0.9602922402361186,0
17675.0,3,40,17885.32,3,4.428210378968367,0.3228109446583702,0
17676.0,2,5,1378.16,0,0.30287839597927646,-0.8744886774801856,0
17677.0,2,28,20329.68,3,3.6086878170164822,0.21334966830262514,0
17678.0,239,1,301.65,1,-0.9226878668460149,1.301160851722687,0
17679.0,157,5,1585.5,1,-0.21363073678623473,0.624947223668422,0
17680.0,19,2,313.05,0,-0.08374859060702164,-0.7994310259751002,0
17681.0,233,5,731.2,1,-0.5367941318850961,1.3238969266772438,0
17682.0,4,6,1982.45,0,0.42368362784239605,-0.8162775904889347,0
17683.0,21,3,819.01,0,0.02986600548661369,-0.744949378090126,0
17685.0,8,6,2751.64,0,0.46621208514292645,-0.7486117380252483,0
17686.0,59,2,2557.35,0,-0.056833868286580054,-0.3293879033046013,0
17687.0,56,1,432.68,0,-0.28539068492460445,-0.4548866810316423,0
17688.0,29,1,304.2,0,-0.20217238853262104,-0.7195818542331731,0
17689.0,24,2,317.08,0,-0.10060457697241922,-0.751162952672497,0
17690.0,2,8,2685.2,0,0.6488847921734806,-0.7767786972246665,0
17691.0,4,3,489.65,0,0.06409305082301751,-0.9210330360997059,0
17692.0,32,8,2234.86,0,0.5130483707233338,-0.5051677499821212,0
17694.0,147,2,1412.85,1,-0.44238054685752215,0.4740316948649096,0
17695.0,30,3,980.7,0,0.010818762274357933,-0.65220943072983,0
17696.0,18,19,5393.88,0,1.7103094330499904,-0.3435739703052203,0
17699.0,112,2,442.0,0,-0.3933216322493643,0.10040293442500849,0
17700.0,17,10,4145.33,0,0.8711589815643239,-0.5449622953836617,0
17702.0,19,2,1319.67,0,-0.010136897550189917,-0.7612521589644199,0
17703.0,54,1,296.1,0,-0.2885181747325159,-0.4793129476484829,0
17705.0,91,2,260.38,0,-0.33457016456218186,-0.10856945208081918,0
17706.0,2,17,10245.49,0,1.9530277067118957,-0.34562309885220266,0
17707.0,12,6,456.9,0,0.2846827304512271,-0.7971539640817918,0
17708.0,38,2,620.85,0,-0.12641254296848703,-0.6049190012802019,0
17709.0,106,4,533.56,0,-0.19909476624821607,0.07822856526720223,0
17710.0,59,1,293.5,0,-0.3058589970091479,-0.43129633556091695,0
17713.0,18,4,1198.09,0,0.15135286370806758,-0.7433952319040336,0
17714.0,60,4,1257.18,0,0.01160817231530912,-0.3369861947224813,0
17715.0,228,1,163.2,1,-0.8950808622601494,1.1900562563559962,0
17716.0,32,13,10300.98,0,1.520280462614599,-0.11900960415667833,0
17717.0,57,1,376.92,0,-0.2928984173643335,-0.447378489461589,0
17718.0,280,1,299.83,1,-1.0634566215401786,1.6956366626496613,0
17720.0,3,7,1572.97,0,0.48064471871951203,-0.8253856887688937,0
17721.0,295,1,307.21000000000004,1,-1.1143690115778366,1.840262242689775,0
17722.0,2,2,2006.32,0,0.09838850889832329,-0.8988008080614794,0
17723.0,11,1,102.0,0,-0.1552163009431944,-0.900465659958559,0
17726.0,31,7,1092.06,0,0.34943306311001476,-0.574180283647548,0
17728.0,40,2,1362.75,0,-0.0790194613372844,-0.557534287802674,0
17729.0,232,1,438.65,1,-0.8886584204668412,1.2389956442174956,0
17730.0,18,7,2475.32,0,0.4951793264914273,-0.6468158789215553,0
17731.0,257,2,468.88,1,-0.8887259885279436,1.4967639388217393,0
17732.0,8,8,2166.42,0,0.5903668331961012,-0.7387166043705852,0
17734.0,161,3,741.69,1,-0.456007554958748,0.5993443267731898,0
17735.0,3,8,4134.91,0,0.7514684502746394,-0.7121713630600204,0
17738.0,31,9,2304.51,0,0.6050470830408341,-0.49610350859981717,0
17739.0,10,11,4939.24,0,1.0367019097280499,-0.5661667455785375,0
17740.0,25,6,426.9,0,0.23789710737706865,-0.6731922143792282,0
17741.0,42,2,101.1,0,-0.17814115948794096,-0.5861397881091447,0
17742.0,64,9,1743.37,0,0.4508177104655452,-0.1998258253461608,0
17743.0,84,1,229.2,0,-0.39631455367833,-0.19315897049735717,0
17744.0,16,1,326.74,0,-0.15593229726808683,-0.8438265452123849,0
17745.0,113,2,600.34,0,-0.3851727480080542,0.1160314647792969,0
17746.0,107,3,793.9300000000001,0,-0.2669599118348592,0.08168125151485266,0
17748.0,163,1,358.15,1,-0.6578656617898114,0.5719523617822316,0
17749.0,182,1,351.66,1,-0.7235128839162643,0.7545440629063817,0
17751.0,57,1,157.86,0,-0.3089177468839432,-0.4556869500597885,0
17753.0,100,4,382.06,0,-0.18959276723798713,0.01474423663405942,0
17754.0,10,8,2786.57,0,0.6288566309369884,-0.6959495987257551,0
17756.0,11,3,728.75,0,0.057566890449163105,-0.8446031886283737,0
17757.0,4,28,3773.11,0,2.3910855041663406,-0.3953582704801275,0
17758.0,63,4,1555.83,0,0.02315731226934285,-0.2967899271130281,0
17759.0,29,2,441.92,0,-0.10862601938061761,-0.698312823655165,0
17760.0,9,5,631.34,0,0.2242542836289151,-0.8354525918685123,0
17762.0,92,1,129.75,0,-0.4310281972216243,-0.11994652979690484,0
17763.0,289,3,71.15,1,-0.944100206095334,1.8056619725861904,0
17764.0,38,3,741.02,0,-0.034149562993280626,-0.5843156033302336,0
17765.0,84,1,156.37,0,-0.40164043594306653,-0.19592125108425976,0
17766.0,17,2,299.61,0,-0.07787114917671185,-0.8191868651379909,0
17767.0,46,1,141.85,0,-0.2723570003717516,-0.5621476674220808,0
17768.0,23,4,1210.83,0,0.1351338186378211,-0.6947968075934401,0
17769.0,19,7,3095.95,0,0.5371343635841042,-0.6136537128056414,0
17771.0,72,2,141.6,0,-0.278083635437288,-0.29591236684112565,0
17772.0,28,1,187.3,0,-0.20729086550974501,-0.7336386571740159,0
17773.0,150,2,575.37,1,-0.5139138539367861,0.4711370680188142,0
17774.0,33,5,2060.1,0,0.24641274223765733,-0.5503098128888733,0
17776.0,22,2,330.56,0,-0.09275854086180316,-0.7698977758612092,0
17778.0,297,1,197.7,1,-1.1292374900045674,1.8553548606778794,0
17780.0,303,3,346.56,1,-0.9719820704990351,1.9508302919938014,0
17782.0,18,2,679.02,0,-0.05355594896306479,-0.7951736393375052,0
17783.0,148,1,93.49,1,-0.6257675377012323,0.41756872119840954,0
17784.0,186,1,112.86,1,-0.7546963044687031,0.7839790872938369,0
17785.0,81,2,271.44,0,-0.2994599923407679,-0.20438041943542049,0
17787.0,7,1,736.28,0,-0.09511238172182819,-0.9149010039051491,0
17789.0,297,1,171.25,1,-1.1311717147183156,1.8543516707626855,0
17790.0,14,6,815.11,0,0.30401748768099146,-0.7643217624591127,0
17792.0,103,2,368.35,0,-0.3678362361524813,0.011002149262582944,0
17794.0,322,2,147.3,1,-1.1352013355200938,2.1100650379716472,0
17796.0,5,4,661.04,0,0.156671487767825,-0.8888639321325217,0
17797.0,31,5,1191.44,0,0.18975000749814766,-0.6025022524023174,0
17798.0,217,1,178.07,1,-0.8562619358175024,1.0847667489967736,0
17799.0,25,10,3207.76,0,0.7751556436132176,-0.5035378899090059,0
17801.0,87,3,770.03,0,-0.2001048990111879,-0.11168611986343216,0
17802.0,8,8,3761.38,0,0.7070024116248272,-0.6782233042897655,0
17803.0,28,1,184.66,0,-0.2074839223431777,-0.73373878652661,0
17804.0,12,3,383.78,0,0.028909928162057407,-0.8480640917794254,0
17805.0,246,1,414.72,1,-0.9384302971886286,1.3728106604412067,0
17807.0,31,3,437.87,0,-0.032307224657822126,-0.6631747254355231,0
17808.0,184,4,262.64,1,-0.4864572650324481,0.8185506692637017,0
17809.0,7,11,5925.4800000000005,0,1.1191136768608936,-0.5576299814249092,0
17810.0,304,2,373.16,1,-1.0569422524309677,1.9454165999248212,0
17811.0,10,8,1757.98,0,0.5536383247625368,-0.7349617391745001,0
17812.0,4,4,405.48,0,0.14141313938017838,-0.9081798017516552,0
17814.0,11,2,1609.37,0,0.038489269690291136,-0.8272488385546402,0
17815.0,29,1,591.96,0,-0.1811291936884555,-0.7086677548004245,0
17816.0,1,3,75.76,0,0.044116687579292206,-0.9656001016610284,0
17817.0,14,3,400.47,0,0.02327015139411743,-0.8281849873150459,0
17818.0,373,1,124.78,1,-1.3952604500626515,2.5839405763874277,0
17819.0,7,6,2907.65,0,0.481050858321909,-0.7523176691416839,0
17820.0,10,1,180.61,0,-0.1460376031080345,-0.9071072016396831,0
17821.0,42,1,334.62,0,-0.2445396427143536,-0.593328507756469,0
17822.0,56,5,2162.93,0,0.17503927564005192,-0.32507966683748335,0
17823.0,57,2,449.25,0,-0.2041338612192107,-0.4285895567495365,0
17825.0,234,4,701.96,1,-0.6258377583544845,1.31636534708976,0
17826.0,10,1,133.34,0,-0.14949434421271796,-0.9089000480401072,0
17827.0,257,1,388.84,1,-0.978054358379796,1.4776825828867703,0
17829.0,45,4,3867.5,0,0.25394665056387916,-0.38232821177571014,0
17833.0,359,1,338.46000000000004,1,-1.3316126134378883,2.457322357381412,0
17834.0,50,2,689.6700000000001,0,-0.16254155964548747,-0.486832272722427,0
17838.0,1,10,3786.7,0,0.8998154442782836,-0.7125330547965913,0
17840.0,79,1,175.9,0,-0.3830615635944588,-0.2432957457705315,0
17841.0,1,91,29562.02,3,9.54619668831262,1.5647626397965477,-1
17842.0,238,1,430.69,1,-0.9098213447267597,1.2964320082428191,0
17843.0,47,1,114.92,0,-0.2777564644372893,-0.5535460178083585,0
17845.0,191,4,596.09,1,-0.48608383743873573,0.8985590032567181,0
17847.0,151,2,129.69,1,-0.5499354956538193,0.46385645763301087,0
17848.0,53,21,2657.91,0,1.5571301864785105,-0.07844545009607445,0
17849.0,116,4,457.96,0,-0.2389245930263524,0.17159167337316028,0
17850.0,8,155,51208.87,3,16.447582870142945,3.480060453306908,-1
17851.0,58,6,1552.35,0,0.20700399415756623,-0.31294590809846773,0
17852.0,24,3,543.47,0,-0.0005739845550830198,-0.7265308653920222,0
17853.0,43,3,1596.29,0,0.011243579009223672,-0.5037618822616695,0
17854.0,98,4,757.24,0,-0.15529648239532123,0.00972789330643,0
17855.0,8,1,208.97,0,-0.1371034284817068,-0.9252776593865016,0
17857.0,1,2,1803.2,0,0.0869649712474992,-0.9161277446313589,0
17858.0,5,19,7614.24,0,1.917270800699025,-0.38446021669420594,0
17860.0,4,4,717.39,0,0.1642223654847227,-0.8963497463093818,0
17861.0,21,10,2990.41,0,0.7729819147071976,-0.5502736734577355,0
17862.0,21,3,923.99,0,0.037542939719100825,-0.7409677192131106,0
17863.0,5,7,2585.2,0,0.5478063813286939,-0.7677479571524483,0
17864.0,21,2,321.72,0,-0.08997485063410184,-0.7798561023470103,0
17865.0,11,26,15785.87,3,3.0785882311377515,0.09552919096422281,0
17866.0,120,2,805.3000000000001,0,-0.3941954842506179,0.19116645766822013,0
17867.0,46,9,424.18,0,0.41609101306406127,-0.4230745877207886,0
17868.0,22,1,227.15,0,-0.18379590245506555,-0.7898655041333457,0
17869.0,4,3,599.78,0,0.07214659213587526,-0.9168560491295621,0
17870.0,2,2,1213.8,0,0.04043343252253078,-0.9288593362879247,0
17871.0,33,4,913.05,0,0.07905650426419997,-0.6098604947751108,0
17872.0,17,1,235.87,0,-0.1660075393372941,-0.8376499981762618,0
17873.0,9,14,4621.32,0,1.2673090379502308,-0.5397109438217943,0
17875.0,324,1,167.1,1,-1.22408892316264,2.1140164818299185,0
17876.0,35,3,3424.02,0,0.17234217106959596,-0.5114244905753039,0
17878.0,31,2,999.48,0,-0.0747132773990309,-0.6579197180780849,0
17880.0,275,2,366.0,1,-0.9579918407929959,1.6660767358769037,0
17882.0,15,2,291.56,0,-0.07159955004481033,-0.8387382735393353,0
17883.0,175,3,324.08,1,-0.534568300690304,0.7182279325691677,0
17884.0,4,18,2325.92,0,1.4505036127326862,-0.6107031419375029,0
17886.0,73,3,703.27,0,-0.15696496328334472,-0.2489408069154584,0
17888.0,10,17,1091.44,0,1.2561730010474554,-0.6158315808782076,0
17889.0,10,5,545.05,0,0.21451396591467817,-0.8291023355767527,0
17894.0,2,11,1292.39,0,0.797457668767948,-0.7814680474998197,0
17897.0,3,8,1968.75,0,0.593062393339563,-0.7943290139748198,0
17898.0,88,2,147.12,0,-0.33256218089875716,-0.14173428761549733,0
17901.0,157,2,149.7,1,-0.5690530412655888,0.5223536618068398,0
17902.0,182,1,216.4,1,-0.7334041215261539,0.7494139506973408,0
17903.0,30,1,381.09,0,-0.1999797463682406,-0.7070425419731207,0
17905.0,9,10,1580.38,0,0.7110314785174229,-0.7192295266339309,0
17907.0,276,1,291.76,1,-1.050326208741351,1.6568384059611123,0
17908.0,9,5,1142.47,0,0.2616319878987869,-0.8160665630838975,0
17909.0,373,1,110.05,1,-1.3963376194401,2.5833819001132947,0
17910.0,362,1,261.7,1,-1.3475163014531628,2.4832801551964248,0
17912.0,11,1,64.49,0,-0.15795931678488417,-0.9018883311766658,0
17913.0,36,12,3020.64,0,0.8906909654141644,-0.3726902114933193,0
17915.0,187,1,225.78,1,-0.7498688752934966,0.7978849376500873,0
17916.0,264,2,43.87,1,-0.9438169116483882,1.5480055649479136,0
17918.0,136,3,396.39,0,-0.39550505850700474,0.345671740943527,0
17919.0,74,1,536.28,0,-0.3395571527323892,-0.2777425549145029,0
17920.0,4,39,20137.24,3,4.505982482102525,0.4017987112691372,0
17921.0,15,6,1574.13,0,0.3560926517353171,-0.725910770166878,0
17922.0,179,1,170.4,1,-0.7264775762655002,0.718800137986706,0
17923.0,163,2,289.5,1,-0.5794106330603491,0.5853942353546228,0
17924.0,9,2,574.2,0,-0.030349939797279343,-0.8857566335606715,0
17925.0,8,1,244.08,0,-0.1345359188522286,-0.9239460148525713,0
17926.0,80,3,638.2,0,-0.18573434222736115,-0.18404745382993073,0
17927.0,357,1,294.0,1,-1.3280035898004126,2.4363899983255415,0
17928.0,207,1,128.7,1,-0.8255708637643987,0.986663805590181,0
17929.0,23,8,2239.1,0,0.5442296746823659,-0.5916143399651723,0
17930.0,29,8,2534.74,0,0.5452682862672092,-0.5226631003915362,0
17931.0,33,12,2993.88,0,0.8990244854760474,-0.40257429361914016,0
17933.0,268,1,114.69,1,-1.0358338059483647,1.5731381741321375,0
17934.0,42,1,344.90000000000003,0,-0.24378789110538077,-0.5929386101259134,0
17935.0,36,5,540.35,0,0.1249866754060691,-0.5790814296570613,0
17938.0,56,1,144.29,0,-0.3064799501494755,-0.4658246749689872,0
17940.0,81,6,26286.75,0,1.936877840694872,0.8465051309356402,-1
17941.0,226,3,1128.72,1,-0.6506639615195522,1.2395214337040261,0
17944.0,59,1,74.99,0,-0.3218381063551259,-0.4395839358773261,0
17945.0,332,3,360.35,1,-1.0704476462257726,2.2304216172567557,0
17949.0,7,74,60117.6,3,10.340992697408039,2.5086309077263307,-1
17950.0,1,6,947.26,0,0.35827309391240425,-0.8844091889164188,0
17951.0,9,2,627.5400000000001,0,-0.026449314230877537,-0.8837335655048514,0
17952.0,14,4,788.46,0,0.135118162100365,-0.7974237699666944,0
17953.0,176,1,159.17000000000002,1,-0.7170083847554318,0.6895050743630762,0
17954.0,3,9,1618.93,0,0.6509561380325574,-0.7915512957315427,0
17955.0,291,2,392.6,1,-1.0109288566905403,1.8210543328118816,0
17958.0,364,1,465.42,1,-1.339479025358633,2.5102528933031,0
17959.0,228,1,140.75,1,-0.8967225766202117,1.1892047775810963,0
17960.0,158,2,61.3,1,-0.578947658191395,0.5286238904720943,0
17961.0,8,62,1697.85,3,5.063764273517685,0.10997483833260284,-1
17962.0,185,3,564.55,1,-0.5512846905960628,0.823578875703305,0
17963.0,107,4,643.16,0,-0.19451012066656895,0.09200849537700856,0
17964.0,8,1,261.76,0,-0.1332430230889368,-0.9232754516124719,0
17965.0,1,17,4558.01,0,1.5405461482258356,-0.5709596627677487,0
17966.0,227,5,865.49,1,-0.5063929993798919,1.271251979740255,0
17967.0,7,2,223.42,0,-0.04914135904507218,-0.9183070317402545,0
17968.0,9,4,590.4399999999999,0,0.13778812758787948,-0.8530494542957048,0
17969.0,138,18,2126.09,0,0.9762520200858924,0.6712057607819506,0
17971.0,184,1,161.94,1,-0.7442469262102822,0.7665944932537412,0
17974.0,17,3,1035.1,0,0.05938869850600055,-0.7752457424766003,0
17975.0,2,12,2527.17,0,0.971229390073622,-0.7185899610290843,0
17976.0,8,1,321.79,0,-0.12885317395599527,-0.92099864667451,0
17977.0,36,1,1223.31,0,-0.15897105750398383,-0.6173607336340142,0
17978.0,1,4,1159.99,0,0.20687905044811206,-0.9084320432331077,0
17980.0,29,1,201.27,0,-0.20969941120884414,-0.7234857611507878,0
17981.0,46,1,239.12,0,-0.26524387984599407,-0.558458431767982,0
17982.0,316,1,138.18,1,-1.1987626681450114,2.0359352513595814,0
17983.0,31,1,171.71,0,-0.21872133894127763,-0.7053608167460574,0
17984.0,28,4,999.51,0,0.10252980610585744,-0.6546964828064138,0
17987.0,12,4,766.87,0,0.14039961368503973,-0.8174887205779341,0
17988.0,123,7,288.42,0,-0.024907898108970022,0.2806595588051197,0
17989.0,15,1,207.33,0,-0.16123432449214872,-0.8579785468937622,0
17990.0,16,3,896.77,0,0.05270309730900426,-0.7901153378515681,0
17991.0,227,1,206.95,1,-0.8884513921573624,1.18209255208721,0
17992.0,25,1,252.88,0,-0.19220474393302253,-0.7600204876261505,0
17993.0,253,1,225.99,1,-0.9762426337168454,1.4330138636245464,0
17994.0,24,7,1595.14,0,0.41023305705852436,-0.6224608875930346,0
17995.0,18,2,419.38,0,-0.07254279602081824,-0.8050212094539871,0
17996.0,15,3,482.33,0,0.025826237672952668,-0.8154571739631782,0
17998.0,16,3,639.24,0,0.03387054946282011,-0.799882880341545,0
17999.0,2,2,338.41,0,-0.023581727105749885,-0.9620609400634105,0
18000.0,200,1,124.25,1,-0.8018853147674436,0.9191337128863439,0
18001.0,85,4,509.01,0,-0.12885714824767153,-0.12478650403713176,0
18002.0,11,4,244.37,0,0.10562058684416285,-0.846929033144586,0
18003.0,12,1,353.51,0,-0.14025411928865483,-0.8813033978689732,0
18006.0,17,3,524.83,0,0.02207388396217118,-0.794599153366052,0
18007.0,28,1,215.22,0,-0.20524914324101723,-0.7325797134147639,0
18008.0,51,14,17642.89,0,2.0754792489191574,0.35833624881921994,0
18009.0,178,7,1896.84,1,-0.09594561835418865,0.8709308344893565,0
18011.0,9,2,410.79,0,-0.04229971902123364,-0.8919544129195311,0
18012.0,359,1,115.3,1,-1.347931766070026,2.448858392864411,0
18016.0,46,2,476.9,0,-0.16438036419653715,-0.53339434701552,0
18017.0,67,1,165.0,0,-0.34269699699608613,-0.3591856970168496,0
18018.0,35,2,175.85,0,-0.1486639054880046,-0.650666000235161,0
18020.0,179,1,190.48,1,-0.7250091742899969,0.7195617279109816,0
18021.0,145,2,216.41,1,-0.523013042529825,0.40940728596007575,0
18022.0,21,4,894.53,0,0.11886383863880094,-0.726039455743689,0
18025.0,15,6,1177.72,0,0.32710414440915764,-0.7409457234478616,0
18026.0,136,2,2074.07,0,-0.3562956036386506,0.39325681138793955,0
18028.0,219,1,192.05,1,-0.8620998883500646,1.1045430691636038,0
18029.0,278,1,433.77,1,-1.0468016361283108,1.681470620450902,0
18031.0,14,1,451.3,0,-0.13996324863561266,-0.8583483500351332,0
18034.0,11,1,335.52,0,-0.13813954649501006,-0.8916087635881967,0
18035.0,21,2,546.34,0,-0.07354893172286865,-0.7713367632638021,0
18036.0,21,8,1142.37,0,0.4708887308515689,-0.6524569694203282,0
18037.0,57,9,97.4,0,0.3544628605168699,-0.3296151358038394,0
18038.0,192,1,141.48,1,-0.7731842215441636,0.8428028496971489,0
18039.0,10,4,548.22,0,0.13127054269537727,-0.8450277205157563,0
18041.0,1,20,4536.29,0,1.789383530029112,-0.5236466062064853,0
18042.0,177,1,116.1,1,-0.7235881280980923,0.6974945695257123,0
18043.0,2,1,287.91,0,-0.11074990799563171,-0.9800219092273085,0
18044.0,23,8,1417.01,0,0.48411221551695016,-0.6227943927962409,0
18046.0,285,1,189.63,1,-1.088665972330962,1.7395722450633193,0
18047.0,17,2,326.09,0,-0.07593473063531103,-0.8181825373892447,0
18048.0,129,1,222.64,0,-0.5511504855790004,0.23962924219137438,0
18049.0,73,2,500.92,0,-0.2552375684750285,-0.27266111024276646,0
18050.0,29,1,337.66,0,-0.19972553942403826,-0.7183127905446139,0
18051.0,270,7,2282.28,1,-0.38333202673295824,1.7708698476172144,0
18052.0,200,1,10877.18,1,-0.015549475402442725,1.3269685308366679,0
18053.0,161,2,271.05,1,-0.573899560848031,0.5654483779885141,0
18054.0,28,1,176.5,0,-0.208080643464697,-0.7340482772528096,0
18055.0,3,6,4381.78,0,0.6025709826790565,-0.7348993627943001,0
18056.0,254,1,190.95,1,-0.9822351625244815,1.4413079189013225,0
18057.0,29,3,1188.46,0,0.02944188815415218,-0.6539525989687123,0
18058.0,177,2,603.9,1,-0.6044412527914965,0.7320413591022491,0
18060.0,44,2,1185.46,0,-0.10570480392591777,-0.5257663253553481,0
18061.0,2,19,4369.56,0,1.690285591427654,-0.5363928769637242,0
18062.0,22,3,912.15,0,0.03324697096284326,-0.7317937393226294,0
18063.0,26,2,186.6,0,-0.11700654092834858,-0.7368656803373838,0
18064.0,82,9,3667.83,0,0.5298063433108993,0.04637948749990059,0
18065.0,24,15,3473.8,0,1.2154168337192008,-0.4228425467453721,0
18066.0,22,2,1122.4,0,-0.03485319124613724,-0.7398650385286138,0
18069.0,19,6,2455.68,0,0.4068377248708852,-0.6539833517723338,0
18070.0,305,1,314.1,1,-1.1481665435870847,1.936754013786445,0
18071.0,1,5,975.63,0,0.27687248592132474,-0.8993787936715705,0
18074.0,9,2,1019.44,0,0.002209387671501077,-0.8688696665345491,0
18075.0,10,10,3171.54,0,0.8239590340008001,-0.6492573072706391,0
18076.0,16,1,151.49,0,-0.16874790713895146,-0.8504733895465146,0
18077.0,2,8,1699.25,0,0.5767846463693209,-0.8141735969178777,0
18078.0,61,2,389.4,0,-0.2222310998236253,-0.39236735522317945,0
18079.0,127,1,590.78,0,-0.5173690189588217,0.23434588725682756,0
18083.0,33,1,463.53,0,-0.20424152230681533,-0.6750466407744076,0
18084.0,19,2,704.75,0,-0.05510451422232733,-0.7845747125618127,0
18085.0,9,3,955.8,0,0.08103078561895498,-0.8552377747589397,0
18087.0,15,15,10705.8,0,1.7751467961674798,-0.2351562088856275,0
18089.0,82,1,428.45,0,-0.3748836054666554,-0.20484794905296638,0
18090.0,57,1,321.9,0,-0.29692189727928336,-0.4494652761963326,0
18091.0,229,1,360.85,1,-0.8840573325179908,1.2071757279415236,0
18092.0,1,8,7111.18,0,0.9759761740845365,-0.6185341239108357,0
18093.0,80,4,2346.19,0,0.022642085195242,-0.10322156018456746,0
18094.0,82,6,3374.2200000000003,0,0.25790963905067715,-0.01289333752858763,0
18095.0,63,3,1723.04,0,-0.04809026134529821,-0.3064936381885758,0
18096.0,78,3,808.81,0,-0.16639776814807775,-0.19682268415004478,0
18097.0,21,5,1965.52,0,0.2806579922369204,-0.6693735611901414,0
18098.0,32,1,527.94,0,-0.1961012362272405,-0.6822267570035752,0
18100.0,186,1,451.56,1,-0.7299279902703473,0.7968252280982293,0
18101.0,10,3,399.61,0,0.03692781410546392,-0.8667097846732148,0
18102.0,1,89,349164.35,2,32.75099385974993,13.654479888989018,-1
18103.0,185,1,105.8,1,-0.7517824471336114,0.7740882722654666,0
18106.0,112,5,1019.16,0,-0.10068960029223106,0.17043018291108591,0
18107.0,78,1,165.88,0,-0.38036416392109484,-0.2532988270427193,0
18108.0,232,2,577.8100000000001,1,-0.7950067475875109,1.2603192908060095,0
18109.0,5,13,1828.24,0,0.9933031480447513,-0.7001840772355606,0
18110.0,47,1,193.48,0,-0.2720115610908977,-0.5505664110129849,0
18111.0,225,1,405.85,1,-0.8670460386016352,1.1703902988068253,0
18112.0,54,2,420.67,0,-0.19593343336825492,-0.4585426674441912,0
18113.0,4,1,76.32000000000001,0,-0.13308325064842744,-0.9688009595395063,0
18115.0,333,1,9.7,1,-1.2664704485643064,2.1946540522511135,0
18116.0,12,5,731.38,0,0.22127955324655837,-0.8027891616525058,0
18118.0,5,4,1068.05,0,0.18643514753125215,-0.873426944329759,0
18119.0,3,1,180.7,0,-0.12202005485964597,-0.9744651021992864,0
18123.0,149,1,92.2,1,-0.6292920103996431,0.4271428392214162,0
18124.0,108,1,102.65,0,-0.4878921646174021,0.032994345079626126,0
18127.0,39,1,209.05,0,-0.24343185966439734,-0.6269602343254018,0
18128.0,173,1,399.29,1,-0.6891585738956241,0.6697431595176694,0
18131.0,267,1,222.96,1,-1.0244861438406239,1.5676215705562933,0
18132.0,140,1,220.13,1,-0.5890655550287579,0.34538753697410546,0
18134.0,234,2,445.0,1,-0.8115790988244623,1.2745281914019018,0
18135.0,28,5,567.71,0,0.15442855110005874,-0.6550280843834618,0
18136.0,45,2,847.03,0,-0.13388351178474697,-0.5289791807920192,0
18137.0,187,2,145.99,1,-0.6722284878990494,0.8109042956967597,0
18140.0,109,1,536.41,0,-0.45960247997304754,0.05906894599885621,0
18141.0,37,2,882.47,0,-0.10385076517631182,-0.6046193790150259,0
18144.0,9,8,2169.25,0,0.5871436461619867,-0.7289862238730758,0
18145.0,18,7,2748.19,0,0.515133651543997,-0.6364665242085511,0
18148.0,282,1,112.85,1,-1.0839902942419215,1.7077910151281221,0
18149.0,40,4,941.88,0,0.057153805872960664,-0.5414057226711823,0
18151.0,56,4,1226.09,0,0.023055188028674185,-0.37665754902342186,0
18152.0,282,1,426.69,1,-1.0610399318917239,1.7196942711955874,0
18153.0,295,1,246.22,1,-1.1188290631956628,1.8379490270781427,0
18154.0,24,3,533.41,0,-0.0013096480946031364,-0.7269124189098615,0
18156.0,5,1,186.88,0,-0.12842840258189564,-0.9549846187560292,0
18157.0,207,1,213.9,1,-0.8193403932308885,0.9898952528784426,0
18160.0,22,1,365.82,0,-0.17365529976865873,-0.7846060581772043,0
18161.0,15,1,184.41,0,-0.1629104088187691,-0.8588478517276467,0
18162.0,368,1,371.51,1,-1.3600669896246833,2.5451832744698537,0
18163.0,220,1,728.84,1,-0.8262758682706448,1.134525369778956,0
18166.0,259,1,175.5,1,-1.0005156743123296,1.488837158950694,0
18168.0,8,11,2538.76,0,0.8680208724927466,-0.6764577248232608,0
18170.0,10,6,1897.69,0,0.39690450479170786,-0.7617540803572554,0
18171.0,106,4,1206.0,0,-0.14992085069007505,0.1037327250620224,0
18172.0,23,32,9905.56,3,3.108265110402445,0.08425229161384284,0
18173.0,248,1,589.52,1,-0.9325078709512481,1.3986865270035562,0
18174.0,239,1,58.5,1,-0.9404688399706981,1.291938710782067,0
18175.0,311,1,176.1,1,-1.1788389794453327,1.9892582486408117,0
18177.0,196,3,875.45,1,-0.5662808425586437,0.9412241176059198,0
18178.0,38,7,4512.93,0,0.5755820697479777,-0.3770729474629252,0
18179.0,158,2,754.38,1,-0.5282643892082346,0.5549108797508314,0
18181.0,36,4,821.49,0,0.06207052794028743,-0.5844640281791859,0
18182.0,99,1,291.13,0,-0.44323783376759623,-0.04646442978148449,0
18186.0,358,1,329.58,1,-1.3288318483137236,2.447362513784208,0
18187.0,267,1,724.89,1,-0.9877812133842296,1.586658663718232,0
18188.0,66,3,1279.55,0,-0.09081202986238272,-0.2944450969935653,0
18189.0,261,1,313.49,1,-0.9972850746047437,1.5133169037444882,0
18190.0,239,3,461.16,1,-0.7440728098677103,1.339301944755133,0
18191.0,113,1,321.6,0,-0.48903156967925493,0.08941385795022468,0
18193.0,16,2,963.59,0,-0.025885754907269343,-0.8036266192706438,0
18194.0,74,5,3188.2000000000003,0,0.18827231225269406,-0.11297863905165687,0
18195.0,23,1,101.16,0,-0.19643938542963524,-0.7850209809090037,0
18196.0,107,2,770.56,0,-0.3521441412508662,0.06474926315999854,0
18197.0,211,1,230.1,1,-0.8318762787358494,1.0290018624596389,0
18199.0,319,1,344.75,1,-1.1939471165328277,2.0726391285194676,0
18201.0,358,1,447.53,1,-1.3202064492594099,2.4518360960336265,0
18203.0,17,3,332.1,0,0.007980003845699059,-0.8019089753832664,0
18206.0,189,1,314.66,1,-0.7502295714532897,0.8205020489189222,0
18207.0,135,1,544.47,0,-0.5481966624533984,0.3095738104560854,0
18208.0,201,1,360.08,1,-0.7880697736993528,0.9377012673059772,0
18210.0,18,1,147.45,0,-0.17590361881486868,-0.8313805280667088,0
18212.0,313,1,298.3,1,-1.176763064358922,2.0131391137082955,0
18214.0,166,4,1780.34,1,-0.31372903811691544,0.7028988610862178,0
18215.0,73,4,1933.15,0,0.016448432839063918,-0.18624856659158326,0
18217.0,149,2,323.29,1,-0.528917718316726,0.4519531870917364,0
18218.0,232,2,479.92,1,-0.8021652072180897,1.2566065399251654,0
18219.0,4,8,1493.12,0,0.5548505803493066,-0.8027455615235742,0
18220.0,30,5,1616.48,0,0.22426229579016144,-0.5960044715004309,0
18221.0,26,1,383.33,0,-0.1860953881327875,-0.7454497631975618,0
18223.0,23,12,7516.31,0,1.2640402662744803,-0.32727898922673365,0
18225.0,1,15,7539.84,0,1.5916497098594677,-0.4899566874374257,0
18226.0,14,15,6650.83,0,1.4820467570553724,-0.39857528439084405,0
18227.0,120,1,295.0,0,-0.5149877302966969,0.15576629292752966,0
18229.0,2,10,3526.81,0,0.8773801772140776,-0.7127670619935903,0
18230.0,14,2,1480.86,0,0.018801228974204817,-0.8032538036171805,0
18231.0,42,23,4782.400000000001,0,1.9171710113560774,-0.07163051147318,0
18234.0,187,1,179.6,1,-0.7532459073268005,0.7961334325353934,0
18236.0,24,6,913.11,0,0.27688261025282435,-0.6643743908643961,0
18238.0,151,1,270.92,1,-0.6230829240156505,0.4531673827012539,0
18239.0,8,2,588.75,0,-0.02585579527639957,-0.8948278291536037,0
18241.0,51,4,913.9,0,0.017376176746108057,-0.436613448574273,0
18242.0,81,4,1372.72,0,-0.05197556641476482,-0.13052007625431006,0
18243.0,50,1,515.78,0,-0.25873295367069593,-0.5094731512865435,0
18244.0,66,2,568.64,0,-0.22627440142169514,-0.3374539546978494,0
18245.0,15,13,3757.92,0,1.100114611776443,-0.5307651402774269,0
18246.0,245,1,162.72,1,-0.9534283113614948,1.3536298137369351,0
18247.0,50,3,839.73,0,-0.068092796052363,-0.46509521327661196,0
18251.0,81,8,21964.14,0,1.7877262710574855,0.7146493399344781,0
18252.0,184,5,1015.42,1,-0.34793304134592823,0.8631475633290129,0
18253.0,278,1,317.88,1,-1.0552763923504764,1.677075169438735,0
18254.0,217,1,267.9,1,-0.8496928845496007,1.0881738019299254,0
18255.0,92,1,199.85,0,-0.4259019532732784,-0.11728779206325293,0
18256.0,23,1,110.7,0,-0.1957417482360943,-0.7846591498394025,0
18257.0,82,4,2262.52,0,0.009663223653322171,-0.08714888823016385,0
18258.0,100,6,2059.67,0,0.10003728172296844,0.11046350018657652,0
18259.0,2,5,1979.6,0,0.3468602527594923,-0.8516773904255834,0
18260.0,10,17,7318.91,0,1.7115728641145787,-0.37963743716657694,0
18262.0,29,2,428.06,0,-0.10963956775613935,-0.6988385027562837,0
18264.0,134,1,603.25,0,-0.5404680846966365,0.3021801607969539,0
18266.0,70,1,251.1,0,-0.3466911259610383,-0.3270509801247675,0
18267.0,308,1,269.37,1,-1.1617279549452193,1.9639266385573622,0
18268.0,227,5,1464.73,1,-0.4625720232942034,1.2939798256676953,0
18269.0,2,1,168.6,0,-0.1194747605701987,-0.984547073264427,0
18270.0,68,1,161.4,0,-0.34639039442375075,-0.3496991921773627,0
18271.0,245,2,680.85,1,-0.8320634762980755,1.389326953034751,0
18272.0,184,3,1307.4,1,-0.49353172342781804,0.8421304859793985,0
18273.0,226,1,153.0,1,-0.888966487443354,1.170423303216744,0
18275.0,214,2,741.85,1,-0.7212684120146008,1.0933261570859398,0
18276.0,28,5,1320.66,0,0.20948996880201323,-0.6264703586123747,0
18277.0,33,4,1069.67,0,0.09050974716277241,-0.6039202450769002,0
18278.0,40,1,240.3,0,-0.2445767606355733,-0.6161519461761038,0
18279.0,155,1,231.34,1,-0.6396978664027616,0.49015838043105064,0
18280.0,30,1,307.55,0,-0.20535754922075633,-0.7098317512874254,0
18281.0,213,1,120.32,1,-0.8467645016114541,1.0440842399457735,0
18283.0,18,6,619.37,0,0.27598294108598176,-0.7332535676463927,0
18284.0,67,1,461.68,0,-0.32100150406320105,-0.34793328174124544,0
18285.0,296,1,427.0,1,-1.1090391958701746,1.8544286569294801,0
18286.0,112,2,1296.43,0,-0.3308392268743979,0.13280957182535383,0
18287.0,18,4,2345.71,0,0.23527554673232817,-0.6998685471979905,0
