StockCode,Description,Quantity,TotalPrice,Average_Daily_Demand,Lead_Time_Demand,Safety_Stock,Reorder_Point,Current_Stock,Reorder_Quantity,Status
10002,INFLATABLE POLITICAL GLOBE ,7796,6057.72,20.90080428954424,146.30563002680967,62.70241286863271,209.0080428954424,112,97.00804289544236,Reorder
10080,GROOVY CACTUS INFLATABLE,12,10.2,0.032171581769437,0.225201072386059,0.096514745308311,0.3217158176943699,445,0.0,Sufficient
10109,BENDY COLOUR PENCILS,4,1.68,0.0107238605898123,0.0750670241286863,0.032171581769437,0.1072386058981233,358,0.0,Sufficient
10120,DOGGY RUBBER,471,98.91,1.262734584450402,8.839142091152814,3.7882037533512074,12.62734584450402,280,0.0,Sufficient
10123C,HEARTS WRAPPING TAPE ,624,224.16000000000005,1.672922252010724,11.710455764075068,5.018766756032171,16.72922252010724,116,0.0,Sufficient
10123G,ARMY CAMO WRAPPING TAPE,2246,157.18,6.021447721179625,42.15013404825737,18.064343163538872,60.21447721179624,81,0.0,Sufficient
10124A,SPOTS ON RED BOOKCOVER TAPE,46,19.32,0.1233243967828418,0.8632707774798928,0.3699731903485255,1.2332439678284182,198,0.0,Sufficient
10124G,ARMY CAMO BOOKCOVER TAPE,20,8.4,0.0536193029490616,0.3753351206434316,0.1608579088471849,0.5361930294906166,30,0.0,Sufficient
10125,MINI FUNKY DESIGN TAPES,788,669.8,2.1126005361930296,14.788203753351208,6.337801608579088,21.126005361930297,112,0.0,Sufficient
10133,COLOURING PENCILS BROWN TUBE,967,799.85,2.5924932975871315,18.14745308310992,7.777479892761395,25.924932975871315,131,0.0,Sufficient
10134,COLOURING PENCILS BROWN TUBE,612,702.3,1.6407506702412868,11.485254691689008,4.92225201072386,16.407506702412867,476,0.0,Sufficient
10135,COLOURING PENCILS BROWN TUBE,1982,2302.7,5.313672922252011,37.19571045576408,15.941018766756034,53.13672922252012,224,0.0,Sufficient
10138,ASSORTED COLOUR JUMBO PEN,247,103.74,0.6621983914209115,4.6353887399463805,1.9865951742627344,6.621983914209115,340,0.0,Sufficient
11001,ASSTD DESIGN RACING CAR PEN,3070,4738.62,8.230563002680965,57.61394101876675,24.691689008042893,82.30563002680964,468,0.0,Sufficient
15030,FAN BLACK FRAME ,111,32.19,0.2975871313672922,2.0831099195710454,0.8927613941018766,2.975871313672922,97,0.0,Sufficient
15034,PAPER POCKET TRAVELING FAN ,3425,462.7000000000001,9.182305630026809,64.27613941018767,27.546916890080425,91.82305630026808,382,0.0,Sufficient
15036,ASSORTED COLOURS SILK FAN,19202,12784.88,51.479892761394105,360.3592493297587,154.43967828418232,514.798927613941,109,405.798927613941,Reorder
15039,SANDALWOOD FAN,2603,1729.35,6.978552278820375,48.84986595174263,20.935656836461128,69.78552278820376,369,0.0,Sufficient
15044A,PINK PAPER PARASOL ,4472,11573.2,11.989276139410189,83.92493297587131,35.96782841823057,119.89276139410188,161,0.0,Sufficient
15044B,BLUE PAPER PARASOL ,1319,3516.65,3.5361930294906165,24.75335120643432,10.60857908847185,35.361930294906166,140,0.0,Sufficient
15044C,PURPLE PAPER PARASOL,592,1652.0000000000002,1.5871313672922251,11.109919571045577,4.761394101876675,15.871313672922252,159,0.0,Sufficient
15044D,RED PAPER PARASOL,915,2520.05,2.453083109919571,17.171581769436997,7.359249329758713,24.53083109919571,318,0.0,Sufficient
15056BL,EDWARDIAN PARASOL BLACK,6663,31183.85,17.863270777479894,125.04289544235924,53.58981233243968,178.63270777479892,267,0.0,Sufficient
15056N,EDWARDIAN PARASOL NATURAL,7201,34044.75,19.30563002680965,135.13941018766758,57.91689008042896,193.05630026809652,353,0.0,Sufficient
15056P,EDWARDIAN PARASOL PINK,1722,7881.1,4.616621983914209,32.316353887399465,13.849865951742627,46.166219839142094,423,0.0,Sufficient
15058A,BLUE WHITE SPOTS GARDEN PARASOL,271,1394.45,0.7265415549597856,5.085790884718499,2.1796246648793565,7.265415549597855,303,0.0,Sufficient
15058B,PINK WHITE SPOTS GARDEN PARASOL,186,1054.7,0.4986595174262734,3.4906166219839143,1.4959785522788205,4.986595174262735,395,0.0,Sufficient
15058C,ICE CREAM DESIGN GARDEN PARASOL,220,1069.0,0.5898123324396782,4.128686327077748,1.7694369973190347,5.898123324396783,201,0.0,Sufficient
15059A,ENGLISH ROSE EDWARDIAN PARASOL,505,1515.0,1.353887399463807,9.47721179624665,4.061662198391421,13.53887399463807,453,0.0,Sufficient
15060B,FAIRY CAKE DESIGN UMBRELLA,744,2722.8,1.9946380697050936,13.962466487935655,5.983914209115282,19.94638069705094,286,0.0,Sufficient
16008,SMALL FOLDING SCISSOR(POINTED EDGE),251,62.75,0.6729222520107239,4.710455764075067,2.018766756032172,6.729222520107238,170,0.0,Sufficient
16010,FOLDING CAMPING SCISSOR W/KNIF & S,14,1.68,0.0375335120643431,0.2627345844504021,0.1126005361930294,0.3753351206434315,469,0.0,Sufficient
16011, ANIMAL STICKERS,2109,441.69,5.654155495978553,39.57908847184987,16.962466487935657,56.54155495978553,323,0.0,Sufficient
16012,FOOD/DRINK SPUNGE STICKERS,1681,351.81,4.506702412868632,31.546916890080425,13.520107238605895,45.06702412868632,31,14.06702412868632,Reorder
16014,SMALL CHINESE STYLE SCISSOR,17041,5503.22,45.68632707774799,319.8042895442359,137.05898123324397,456.8632707774799,262,194.8632707774799,Reorder
16015,MEDIUM CHINESE STYLE SCISSOR,911,421.9,2.442359249329759,17.096514745308312,7.327077747989277,24.42359249329759,245,0.0,Sufficient
16016,LARGE CHINESE STYLE SCISSOR,1058,831.7,2.836461126005362,19.855227882037536,8.509383378016086,28.36461126005362,354,0.0,Sufficient
16020C,CLEAR STATIONERY BOX SET ,76,64.6,0.2037533512064343,1.4262734584450405,0.6112600536193029,2.037533512064343,58,0.0,Sufficient
16033,MINI HIGHLIGHTER PENS,14161,1429.32,37.96514745308311,265.7560321715818,113.89544235924932,379.6514745308312,484,0.0,Sufficient
16043,POP ART PUSH DOWN RUBBER ,2044,167.28,5.479892761394102,38.35924932975871,16.439678284182307,54.79892761394102,68,0.0,Sufficient
16044,POP-ART FLUORESCENT PENS,6192,388.8,16.60053619302949,116.20375335120644,49.80160857908847,166.00536193029492,179,0.0,Sufficient
16045,POPART WOODEN PENCILS ASST,400,48.0,1.0723860589812333,7.506702412868633,3.2171581769437,10.723860589812332,485,0.0,Sufficient
16046,TEATIME PEN CASE & PENS,9886,989.98,26.50402144772118,185.52815013404825,79.51206434316353,265.04021447721175,197,68.04021447721175,Reorder
16047,POP ART PEN CASE & PENS,10587,1015.59,28.38337801608579,198.6836461126005,85.15013404825737,283.8337801608579,473,0.0,Sufficient
16048,TEATIME ROUND PENCIL SHARPENER ,1977,311.94,5.3002680965147455,37.10187667560322,15.900804289544237,53.00268096514746,280,0.0,Sufficient
16049,TEATIME GEL PENS ASST,2640,460.8,7.07774798927614,49.54423592493298,21.233243967828415,70.77747989276139,199,0.0,Sufficient
16050,TEATIME PENCIL WITH RUBBER,122,30.5,0.3270777479892761,2.289544235924933,0.9812332439678284,3.270777479892762,455,0.0,Sufficient
16051,TEATIME PENCIL W STAMP ASST,938,82.2,2.514745308310992,17.603217158176943,7.544235924932975,25.14745308310992,184,0.0,Sufficient
16052,TEATIME PUSH DOWN RUBBER,343,144.06,0.9195710455764076,6.436997319034852,2.7587131367292224,9.195710455764074,455,0.0,Sufficient
16053,POPART COL BALLPOINT PEN ASST,4298,182.58,11.52278820375335,80.65951742627345,34.56836461126005,115.2278820375335,60,55.227882037533504,Reorder
16054,POPART RECT PENCIL SHARPENER ASST,39,16.38,0.1045576407506702,0.7319034852546917,0.3136729222520107,1.0455764075067024,373,0.0,Sufficient
16119,FUNKY GIRL ADDRESS BOOK,271,128.21,0.7265415549597856,5.085790884718499,2.1796246648793565,7.265415549597855,64,0.0,Sufficient
16151A,FLOWER DES BLUE HANDBAG/ORANG HANDL,3,11.25,0.0080428954423592,0.0563002680965147,0.0241286863270777,0.0804289544235924,253,0.0,Sufficient
16156L,"WRAP, CAROUSEL",475,199.5,1.2734584450402144,8.914209115281501,3.820375335120644,12.734584450402146,329,0.0,Sufficient
16156N,"WRAP, FRIENDSHIP ON GREEN",1450,609.0,3.8873994638069695,27.21179624664879,11.662198391420912,38.8739946380697,140,0.0,Sufficient
16156S,WRAP PINK FAIRY CAKES ,10886,4238.12,29.184986595174266,204.29490616621985,87.55495978552278,291.84986595174263,494,0.0,Sufficient
16161C,WRAP SPEED DEMONS ,450,45.0,1.206434316353887,8.445040214477212,3.619302949061662,12.064343163538874,316,0.0,Sufficient
16161E,WRAP BOUDOIR ,750,75.0,2.0107238605898123,14.075067024128684,6.032171581769437,20.10723860589812,144,0.0,Sufficient
16161G,WRAP BAD HAIR DAY,275,27.5,0.7372654155495979,5.160857908847185,2.211796246648793,7.372654155495979,30,0.0,Sufficient
16161M,WRAP  PINK FLOCK,1050,439.0,2.8150134048257374,19.70509383378016,8.445040214477212,28.15013404825737,338,0.0,Sufficient
16161P,WRAP ENGLISH ROSE ,6022,2465.48,16.144772117962468,113.01340482573728,48.43431635388741,161.44772117962466,176,0.0,Sufficient
16161U,"WRAP,SUKI AND FRIENDS",5976,2407.92,16.021447721179623,112.15013404825736,48.06434316353887,160.21447721179624,283,0.0,Sufficient
16162L,THE KING GIFT BAG,8066,542.74,21.62466487935657,151.37265415549598,64.8739946380697,216.24664879356567,397,0.0,Sufficient
16162M,THE KING GIFT BAG 25x24x12cm,60,25.2,0.1608579088471849,1.1260053619302948,0.4825737265415549,1.6085790884718496,98,0.0,Sufficient
16168M,FUNKY MONKEY GIFT BAG MEDIUM,1273,297.06,3.412868632707774,23.890080428954423,10.238605898123325,34.128686327077745,325,0.0,Sufficient
16168S,FUNKY MONKEY GIFT BAG SMALL,1274,121.86,3.415549597855228,23.908847184986595,10.246648793565685,34.15549597855228,23,11.15549597855228,Reorder
16169A,WRAP CHRISTMAS DECOUPAGE,25,10.5,0.067024128686327,0.4691689008042896,0.2010723860589812,0.6702412868632708,251,0.0,Sufficient
16169C,WRAP BLUE REINDEER,1350,567.0,3.6193029490616624,25.33512064343164,10.857908847184987,36.193029490616624,274,0.0,Sufficient
16169D,WRAP WINTER FOREST,250,105.0,0.6702412868632708,4.691689008042896,2.0107238605898123,6.702412868632708,355,0.0,Sufficient
16169F,WRAP BLIZZARD,975,409.5,2.613941018766756,18.29758713136729,7.841823056300269,26.139410187667565,62,0.0,Sufficient
16169G,WRAP ROMANTIC DECOUPAGE,25,10.5,0.067024128686327,0.4691689008042896,0.2010723860589812,0.6702412868632708,395,0.0,Sufficient
16169K,WRAP FOLK ART,1875,574.75,5.02680965147453,35.187667560321714,15.080428954423592,50.26809651474531,349,0.0,Sufficient
16169M,WRAP DAISY CARPET ,1400,363.75,3.753351206434316,26.27345844504021,11.260053619302948,37.53351206434316,101,0.0,Sufficient
16169N,WRAP BLUE RUSSIAN FOLKART,2025,626.25,5.428954423592494,38.002680965147455,16.28686327077748,54.289544235924936,376,0.0,Sufficient
16169P,WRAP GREEN RUSSIAN FOLKART ,1700,512.75,4.557640750670242,31.90348525469169,13.672922252010723,45.57640750670242,453,0.0,Sufficient
16201A,PASTEL PINK PHOTO ALBUM,100,199.8,0.2680965147453083,1.8766756032171583,0.804289544235925,2.680965147453083,464,0.0,Sufficient
16201B,PASTEL BLUE PHOTO ALBUM,24,46.8,0.064343163538874,0.450402144772118,0.193029490616622,0.6434316353887399,437,0.0,Sufficient
16202A,PASTEL PINK PHOTO ALBUM ,653,262.95,1.750670241286863,12.254691689008045,5.2520107238605895,17.506702412868634,273,0.0,Sufficient
16202B,PASTEL BLUE PHOTO ALBUM ,1005,454.71,2.6943699731903483,18.86058981233244,8.083109919571045,26.94369973190349,440,0.0,Sufficient
16202C,BEIGE PHOTO ALBUM,94,201.3,0.2520107238605898,1.7640750670241288,0.7560321715817695,2.520107238605898,44,0.0,Sufficient
16202E,BLACK PHOTO ALBUM ,66,143.1,0.1769436997319035,1.2386058981233243,0.5308310991957105,1.7694369973190347,215,0.0,Sufficient
16206B,RED PURSE WITH PINK HEART,89,107.65,0.2386058981233244,1.6702412868632708,0.7158176943699732,2.386058981233244,90,0.0,Sufficient
16207A,PINK STRAWBERRY HANDBAG ,42,123.90000000000002,0.1126005361930295,0.7882037533512065,0.3378016085790885,1.126005361930295,429,0.0,Sufficient
16207B,PINK HEART RED HANDBAG,207,304.65000000000003,0.5549597855227882,3.8847184986595176,1.6648793565683646,5.549597855227882,59,0.0,Sufficient
16212,FUNKY GIRLZ ASST MAGNETIC MEMO PAD,357,232.05,0.9571045576407506,6.699731903485255,2.871313672922252,9.571045576407506,369,0.0,Sufficient
16215,FUNKY GIRLZ MAGNETIC TO DO LIST ,8,5.2,0.0214477211796246,0.1501340482573726,0.064343163538874,0.2144772117962466,397,0.0,Sufficient
16216,LETTER SHAPE PENCIL SHARPENER,819,131.04000000000002,2.195710455764075,15.369973190348524,6.5871313672922245,21.957104557640747,11,10.957104557640749,Reorder
16218,CARTOON  PENCIL SHARPENERS,765,122.4,2.0509383378016084,14.35656836461126,6.152815013404825,20.50938337801609,399,0.0,Sufficient
16219,HOUSE SHAPE PENCIL SHARPENER,291,61.11,0.7801608579088471,5.46112600536193,2.3404825737265416,7.801608579088471,63,0.0,Sufficient
16225,RATTLE SNAKE EGGS,660,481.8,1.769436997319035,12.386058981233244,5.3083109919571045,17.694369973190348,115,0.0,Sufficient
16235,RECYCLED PENCIL WITH RABBIT ERASER,2510,524.1,6.729222520107238,47.10455764075067,20.187667560321717,67.29222520107238,269,0.0,Sufficient
16236,KITTY PENCIL ERASERS,1129,237.09,3.026809651474531,21.18766756032172,9.080428954423592,30.26809651474531,319,0.0,Sufficient
16237,SLEEPING CAT ERASERS,5656,1165.26,15.163538873994638,106.14477211796246,45.49061662198391,151.63538873994636,486,0.0,Sufficient
16238,PARTY TIME PENCIL ERASERS,1030,216.3,2.761394101876676,19.32975871313673,8.284182305630027,27.61394101876676,200,0.0,Sufficient
16239,BALLERINA HEART DECORATION.,338,468.4,0.906166219839142,6.343163538873995,2.7184986595174263,9.06166219839142,411,0.0,Sufficient
16243B,BROWN COZY SQUARE PHOTO ALBUM,205,399.75,0.5495978552278821,3.8471849865951744,1.648793565683646,5.495978552278821,227,0.0,Sufficient
16244A,MAXWELL 2 TONE PINK 60 PAGE PHOTO A,142,293.0,0.3806970509383378,2.6648793565683646,1.1420911528150133,3.806970509383378,53,0.0,Sufficient
16244B,MAXWELL 2 TONE BLUE 60 PAGE PHOTO A,302,605.0,0.8096514745308311,5.6675603217158175,2.428954423592493,8.09651474530831,171,0.0,Sufficient
16245A,PINK MINI STATIONERY SET W CASE,11,13.75,0.0294906166219839,0.2064343163538874,0.0884718498659517,0.2949061662198391,211,0.0,Sufficient
16248B,BLUE HOLE PUNCH,68,85.0,0.1823056300268096,1.2761394101876675,0.546916890080429,1.8230563002680964,455,0.0,Sufficient
16254,TRANSPARENT ACRYLIC TAPE DISPENSER,881,230.45,2.3619302949061662,16.533512064343164,7.085790884718499,23.619302949061662,493,0.0,Sufficient
16256B,FLOWER PENCIL/RUBBER+5 MINI PENCILS,493,207.06,1.32171581769437,9.25201072386059,3.9651474530831097,13.217158176943698,279,0.0,Sufficient
16256C,HEARTS PENCIL/RUBBER+5 MINI PENCILS,169,70.98,0.453083109919571,3.171581769436997,1.3592493297587132,4.53083109919571,360,0.0,Sufficient
16258A,SWIRLY CIRCULAR RUBBERS IN BAG,583,191.5,1.5630026809651474,10.94101876675603,4.689008042895442,15.630026809651472,313,0.0,Sufficient
16258B,DAISY ERASERS IN BAG,1014,219.34,2.7184986595174263,19.029490616621985,8.15549597855228,27.184986595174266,280,0.0,Sufficient
16259,PIECE OF CAMO STATIONERY SET,2093,439.53,5.611260053619303,39.27882037533512,16.83378016085791,56.11260053619303,465,0.0,Sufficient
17001,HEAVENS SCENT FRAGRANCE OILS ASSTD,1139,278.47,3.0536193029490617,21.37533512064343,9.160857908847184,30.53619302949061,471,0.0,Sufficient
17003,BROCADE RING PURSE ,48166,8847.66,129.1313672922252,903.9195710455764,387.3941018766756,1291.3136729222522,224,1067.3136729222522,Reorder
17007B,S/3 POT POURI CUSHIONS BLUE COLOURS,22,46.2,0.0589812332439678,0.4128686327077748,0.1769436997319035,0.5898123324396782,261,0.0,Sufficient
17011A,ORIGAMI VANILLA INCENSE+FLOWER ,254,150.0,0.6809651474530831,4.766756032171582,2.0428954423592494,6.809651474530831,199,0.0,Sufficient
17011B,ORIGAMI JASMINE INCENSE+FLOWER ,19,11.1,0.0509383378016085,0.35656836461126,0.1528150134048257,0.5093833780160858,305,0.0,Sufficient
17011C,ORIGAMI LAVENDER INCENSE+FLOWER,334,217.1,0.8954423592493298,6.2680965147453085,2.6863270777479893,8.954423592493297,222,0.0,Sufficient
17011D,ORIGAMI ROSE INCENSE+FLOWER,207,129.3,0.5549597855227882,3.8847184986595176,1.6648793565683646,5.549597855227882,217,0.0,Sufficient
17011E,ORIGAMI OPIUM SCENT INCENSE+FLOWER,124,80.60000000000001,0.3324396782841823,2.327077747989276,0.9973190348525468,3.3243967828418226,246,0.0,Sufficient
17011F,ORIGAMI SANDLEWOOD INCENSE+FLOWER,300,253.0,0.8042895442359249,5.630026809651475,2.412868632707774,8.04289544235925,347,0.0,Sufficient
17012A,ORIGAMI VANILLA INCENSE/CANDLE SET ,374,341.7,1.002680965147453,7.018766756032171,3.008042895442359,10.02680965147453,376,0.0,Sufficient
17012B,ORIGAMI JASMINE INCENSE/CANDLE SET,162,168.29999999999998,0.4343163538873995,3.0402144772117965,1.3029490616621984,4.343163538873995,62,0.0,Sufficient
17012C,ORIGAMI LAVENDER INCENSE/CANDL SET ,415,405.45,1.1126005361930296,7.7882037533512065,3.3378016085790887,11.126005361930297,289,0.0,Sufficient
17012D,ORIGAMI ROSE INCENSE/CANDLE SET ,41,63.75,0.1099195710455764,0.7694369973190349,0.3297587131367292,1.099195710455764,419,0.0,Sufficient
17012E,ORIGAMI OPIUM INCENSE/CANDLE SET ,205,196.35,0.5495978552278821,3.8471849865951744,1.648793565683646,5.495978552278821,226,0.0,Sufficient
17012F,ORIGAMI SANDLEWOOD INCENSE/CAND SET,128,122.4,0.3431635388739946,2.4021447721179623,1.029490616621984,3.431635388739946,261,0.0,Sufficient
17013B,ORIGAMI JASMINE INCENSE IN TUBE,255,217.6,0.6836461126005362,4.785522788203753,2.0509383378016084,6.836461126005362,197,0.0,Sufficient
17013C,ORIGAMI LAVENDER INCENSE IN TUBE,213,89.46000000000001,0.5710455764075067,3.997319034852547,1.71313672922252,5.710455764075068,389,0.0,Sufficient
17013D,ORIGAMI ROSE INCENSE IN TUBE,516,257.58,1.383378016085791,9.683646112600536,4.150134048257373,13.83378016085791,50,0.0,Sufficient
17013F,ORIGAMI SANDLEWOOD INCENSE IN TUBE,61,25.05,0.163538873994638,1.1447721179624666,0.4906166219839142,1.635388739946381,166,0.0,Sufficient
17014A,ORIGAMI VANILLA INCENSE CONES,93,43.98,0.2493297587131367,1.7453083109919572,0.7479892761394102,2.493297587131368,24,0.0,Sufficient
17014C,ORIGAMI LAVENDER INCENSE CONES,96,40.32,0.257372654155496,1.801608579088472,0.772117962466488,2.57372654155496,310,0.0,Sufficient
17014D,ORIGAMI ROSE INCENSE CONES,476,194.28,1.2761394101876675,8.932975871313673,3.8284182305630026,12.761394101876675,74,0.0,Sufficient
17014E,ORIGAMI OPIUM INCENSE CONES,93,33.3,0.2493297587131367,1.7453083109919572,0.7479892761394102,2.493297587131368,354,0.0,Sufficient
17014F,ORIGAMI SANDLEWOOD INCENSE CONES,61,23.7,0.163538873994638,1.1447721179624666,0.4906166219839142,1.635388739946381,336,0.0,Sufficient
17021,NAMASTE SWAGAT INCENSE,1925,494.7,5.160857908847185,36.1260053619303,15.482573726541556,51.608579088471856,18,33.608579088471856,Reorder
17027A,INCENSE BAZAAR CANNABIS,228,84.84,0.6112600536193029,4.278820375335121,1.8337801608579087,6.11260053619303,353,0.0,Sufficient
17033,"BROCADE PURSE,SMALL ARCH BUTTON",3279,867.55,8.79088471849866,61.53619302949062,26.37265415549598,87.9088471849866,138,0.0,Sufficient
17038,PORCELAIN BUDAH INCENSE HOLDER,1123,94.3,3.0107238605898123,21.075067024128685,9.032171581769436,30.10723860589812,145,0.0,Sufficient
17039,INLAID WOOD INCENSE HOLDER,3641,813.0899999999999,9.761394101876675,68.32975871313673,29.284182305630026,97.61394101876677,481,0.0,Sufficient
17061,ASSORTED SHAPED STENCIL FOR HENNA,52,2.08,0.1394101876675603,0.9758713136729223,0.418230563002681,1.3941018766756033,72,0.0,Sufficient
17084A,TRANQUILITY MASALA INCENSE,242,50.82,0.6487935656836461,4.541554959785523,1.9463806970509383,6.487935656836461,148,0.0,Sufficient
17084G,MOON INCENSE,50,10.5,0.1340482573726541,0.9383378016085792,0.4021447721179625,1.3404825737265416,90,0.0,Sufficient
17084J,LOVE POTION MASALA INCENSE,254,53.34,0.6809651474530831,4.766756032171582,2.0428954423592494,6.809651474530831,401,0.0,Sufficient
17084N,FAIRY DREAMS INCENSE ,1391,278.36,3.729222520107239,26.10455764075067,11.187667560321715,37.292225201072384,172,0.0,Sufficient
17084P,DRAGONS BLOOD INCENSE,550,105.5,1.4745308310991958,10.32171581769437,4.423592493297587,14.745308310991955,428,0.0,Sufficient
17084R,ASSORTED INCENSE PACK,8033,1438.53,21.53619302949061,150.7533512064343,64.60857908847184,215.36193029490613,298,0.0,Sufficient
17090A,LAVENDER INCENSE 40 CONES IN TIN,106,113.3,0.2841823056300268,1.989276139410188,0.8525469168900806,2.841823056300268,388,0.0,Sufficient
17090D,VANILLA INCENSE 40 CONES IN TIN,66,77.7,0.1769436997319035,1.2386058981233243,0.5308310991957105,1.7694369973190347,270,0.0,Sufficient
17091A,LAVENDER INCENSE IN TIN,1909,1165.49,5.117962466487936,35.82573726541555,15.353887399463808,51.17962466487936,499,0.0,Sufficient
17091B,JASMINE TEA INCENSE IN TIN,264,286.8,0.707774798927614,4.954423592493297,2.123324396782842,7.077747989276139,240,0.0,Sufficient
17091F,SANDALWOOD INCENSE IN TIN,16,20.0,0.0428954423592493,0.3002680965147453,0.128686327077748,0.4289544235924932,50,0.0,Sufficient
17091J,VANILLA INCENSE IN TIN,1986,1336.98,5.324396782841824,37.270777479892764,15.97319034852547,53.24396782841824,37,16.243967828418235,Reorder
17096,ASSORTED LAQUERED INCENSE HOLDERS,3641,637.89,9.761394101876675,68.32975871313673,29.284182305630026,97.61394101876677,144,0.0,Sufficient
17107D,"FLOWER FAIRY,5 SUMMER B'DRAW LINERS",151,385.05,0.4048257372654155,2.8337801608579087,1.2144772117962466,4.048257372654155,210,0.0,Sufficient
17108D,FLOWER FAIRY SUMMER BOUQUET SACHET,355,149.1,0.9517426273458444,6.662198391420912,2.8552278820375334,9.517426273458446,337,0.0,Sufficient
17109A,FLOWER FAIRY INCENSE LILY,709,333.61,1.900804289544236,13.30563002680965,5.702412868632708,19.00804289544236,277,0.0,Sufficient
17109B,FLOWER FAIRY INCENSE LAVENDER,4541,892.91,12.17426273458445,85.21983914209116,36.52278820375335,121.74262734584453,427,0.0,Sufficient
17109C,FLOWER FAIRY INCENSE ROSE,3124,661.23,8.375335120643431,58.62734584450402,25.126005361930293,83.75335120643432,42,41.75335120643432,Reorder
17109D,FLOWER FAIRY INCENSE BOUQUET,1194,555.9,3.201072386058981,22.407506702412867,9.603217158176944,32.010723860589806,57,0.0,Sufficient
17129C,SKY BLUE COLOUR GLASS GEMS IN BAG,84,56.28,0.225201072386059,1.576407506702413,0.675603217158177,2.25201072386059,416,0.0,Sufficient
17129D,CLEAR COLOUR GLASS GEMS IN BAG,518,344.54,1.388739946380697,9.72117962466488,4.166219839142091,13.88739946380697,71,0.0,Sufficient
17129F,DEEP BLUE GLASS GEMS IN BAG,513,335.25,1.3753351206434317,9.627345844504022,4.126005361930295,13.753351206434315,225,0.0,Sufficient
17136A,BLUE STONES ON WIRE FOR CANDLE,391,32.19,1.0482573726541555,7.337801608579088,3.1447721179624666,10.482573726541554,302,0.0,Sufficient
17164B,ASS COL SMALL SAND GECKO P'WEIGHT,1559,622.74,4.1796246648793565,29.257372654155496,12.53887399463807,41.79624664879357,108,0.0,Sufficient
17164D,ASS COL SMALL SAND FROG P'WEIGHT,1144,444.48,3.067024128686327,21.469168900804288,9.20107238605898,30.670241286863263,181,0.0,Sufficient
17165B,ASS COL LARGE SAND GECKO P'WEIGHT,809,750.63,2.168900804289544,15.182305630026809,6.506702412868632,21.68900804289544,369,0.0,Sufficient
17165D,ASS COL LARGE SAND FROG P'WEIGHT,689,653.97,1.8471849865951744,12.93029490616622,5.541554959785523,18.471849865951743,223,0.0,Sufficient
17174,ASSTD RASTA KEY-CHAINS,27,11.34,0.0723860589812332,0.5067024128686327,0.2171581769436997,0.7238605898123325,484,0.0,Sufficient
17178,FLAT PALM T-LIGHT HOLDER,133,156.65,0.35656836461126,2.4959785522788205,1.0697050938337802,3.5656836461126007,44,0.0,Sufficient
17181,CIRCLE OF FRIENDS CANDLE HOLDER,294,341.7,0.7882037533512064,5.517426273458445,2.364611260053619,7.882037533512063,458,0.0,Sufficient
17191A,ROSE FLOWER CANDLE+INCENSE 16X16CM,29,108.75,0.0777479892761394,0.5442359249329758,0.2332439678284182,0.777479892761394,236,0.0,Sufficient
18007,ESSENTIAL BALM 3.5g TIN IN ENVELOPE,5504,637.92,14.756032171581769,103.29222520107238,44.26809651474531,147.56032171581768,110,37.56032171581768,Reorder
18010,ASSORTED FRAGRANCE BATH CONFETTI,56,23.52,0.1501340482573726,1.0509383378016084,0.4504021447721179,1.5013404825737262,440,0.0,Sufficient
18094C,WHITE/BLUE RECT CERAMIC OIL BURNER,211,239.75,0.5656836461126006,3.959785522788204,1.6970509383378016,5.656836461126005,471,0.0,Sufficient
18096C,WHITE ROUND PORCELAIN TLIGHT HOLDER,106,241.5,0.2841823056300268,1.989276139410188,0.8525469168900806,2.841823056300268,140,0.0,Sufficient
18097A,PINK TALL PORCELAIN T-LIGHT HOLDER ,13,33.15,0.03485254691689,0.2439678284182306,0.1045576407506702,0.3485254691689008,266,0.0,Sufficient
18097B,BLUE TALL PORCELAIN T-LIGHT HOLDER,7,17.849999999999998,0.0187667560321715,0.131367292225201,0.0563002680965147,0.1876675603217157,14,0.0,Sufficient
18097C,WHITE TALL PORCELAIN T-LIGHT HOLDER,912,1952.4,2.445040214477212,17.115281501340483,7.335120643431635,24.45040214477212,227,0.0,Sufficient
18098A,PINK PORCELAIN B'FLY OIL BURNER,2,5.9,0.0053619302949061,0.0375335120643431,0.0160857908847185,0.0536193029490616,264,0.0,Sufficient
18098B,BLUE PORCELAIN B'FLY OIL BURNER,3,8.850000000000001,0.0080428954423592,0.0563002680965147,0.0241286863270777,0.0804289544235924,407,0.0,Sufficient
18098C,PORCELAIN BUTTERFLY OIL BURNER,951,2354.2500000000005,2.549597855227882,17.847184986595174,7.648793565683647,25.49597855227882,368,0.0,Sufficient
20615,BLUE SPOTTY PASSPORT COVER,231,360.1,0.6193029490616622,4.335120643431635,1.8579088471849865,6.193029490616621,292,0.0,Sufficient
20616,CHERRY BLOSSOM PASSPORT COVER,56,117.6,0.1501340482573726,1.0509383378016084,0.4504021447721179,1.5013404825737262,402,0.0,Sufficient
20617,FIRST CLASS PASSPORT COVER ,386,726.14,1.03485254691689,7.2439678284182305,3.10455764075067,10.3485254691689,216,0.0,Sufficient
20618,QUEEN OF THE SKIES PASSPORT COVER ,126,264.6,0.3378016085790885,2.3646112600536195,1.0134048257372654,3.378016085790885,24,0.0,Sufficient
20619,TROPICAL PASSPORT COVER ,231,360.1,0.6193029490616622,4.335120643431635,1.8579088471849865,6.193029490616621,355,0.0,Sufficient
20620,RED SPOTTY PASSPORT COVER,1,2.1,0.002680965147453,0.0187667560321715,0.0080428954423592,0.0268096514745308,51,0.0,Sufficient
20621,ECONOMY PASSPORT COVER ,199,417.9,0.5335120643431636,3.734584450402145,1.6005361930294906,5.335120643431635,389,0.0,Sufficient
20622,VIPPASSPORT COVER ,361,676.1,0.967828418230563,6.774798927613941,2.903485254691689,9.67828418230563,470,0.0,Sufficient
20652,BLUE SPOTTY LUGGAGE TAG ,1070,503.5,2.868632707774799,20.080428954423592,8.605898123324398,28.68632707774799,188,0.0,Sufficient
20653,CHERRY BLOSSOM LUGGAGE TAG,1894,385.22,5.07774798927614,35.54423592493298,15.233243967828418,50.77747989276139,72,0.0,Sufficient
20654,FIRST CLASS LUGGAGE TAG ,234,287.94,0.6273458445040214,4.39142091152815,1.8820375335120645,6.273458445040214,361,0.0,Sufficient
20655,QUEEN OF SKIES LUGGAGE TAG,179,216.91,0.4798927613941018,3.359249329758713,1.4396782841823057,4.798927613941018,240,0.0,Sufficient
20657,TROPICAL LUGGAGE TAG,1632,459.0,4.375335120643432,30.627345844504024,13.126005361930297,43.75335120643432,250,0.0,Sufficient
20658,RED SPOTTY LUGGAGE TAG,1028,1280.44,2.756032171581769,19.292225201072387,8.26809651474531,27.560321715817697,61,0.0,Sufficient
20659,ECONOMY LUGGAGE TAG,194,242.5,0.5201072386058981,3.640750670241287,1.5603217158176943,5.201072386058982,105,0.0,Sufficient
20660,VIP LUGGAGE TAG ,71,88.75,0.1903485254691689,1.3324396782841823,0.5710455764075066,1.903485254691689,397,0.0,Sufficient
20661,BLUE SPOTTY PURSE ,779,630.0500000000001,2.088471849865952,14.61930294906166,6.265415549597854,20.88471849865952,231,0.0,Sufficient
20662,FIRST CLASS HOLIDAY PURSE ,686,353.30000000000007,1.839142091152815,12.873994638069703,5.517426273458445,18.391420911528147,494,0.0,Sufficient
20663,QUEEN OF THE SKIES HOLIDAY PURSE ,1034,265.5,2.772117962466488,19.404825737265416,8.316353887399464,27.72117962466488,416,0.0,Sufficient
20664,TROPICAL HOLIDAY PURSE ,25,73.75,0.067024128686327,0.4691689008042896,0.2010723860589812,0.6702412868632708,240,0.0,Sufficient
20665,RED SPOTTY PURSE ,845,2480.7500000000005,2.265415549597855,15.857908847184987,6.7962466487935655,22.654155495978557,246,0.0,Sufficient
20666,ECONOMY HOLIDAY PURSE,867,328.85,2.324396782841823,16.27077747989276,6.973190348525469,23.243967828418228,152,0.0,Sufficient
20667,CHERRY BLOSSOM PURSE,20,59.00000000000001,0.0536193029490616,0.3753351206434316,0.1608579088471849,0.5361930294906166,180,0.0,Sufficient
20668,DISCO BALL CHRISTMAS DECORATION,8710,982.6,23.351206434316357,163.45844504021449,70.05361930294906,233.5120643431636,38,195.5120643431636,Reorder
20669,RED HEART LUGGAGE TAG,447,556.47,1.198391420911528,8.388739946380696,3.5951742627345844,11.98391420911528,45,0.0,Sufficient
20670,VIP HOLIDAY PURSE,656,267.20000000000005,1.7587131367292226,12.31099195710456,5.276139410187668,17.587131367292226,22,0.0,Sufficient
20671,BLUE TEATIME PRINT BOWL ,731,900.07,1.959785522788204,13.718498659517426,5.879356568364611,19.59785522788204,169,0.0,Sufficient
20672,PINK TEATIME PRINT BOWL,116,145.0,0.3109919571045576,2.176943699731903,0.9329758713136728,3.109919571045576,336,0.0,Sufficient
20673,STRAWBERRIES PRINT BOWL,5,6.25,0.0134048257372654,0.0938337801608579,0.0402144772117962,0.1340482573726541,196,0.0,Sufficient
20674,GREEN SPOTTY BOWL,1758,2142.78,4.71313672922252,32.99195710455764,14.13941018766756,47.13136729222521,252,0.0,Sufficient
20675,BLUE SPOTTY BOWL,3186,3777.3,8.541554959785524,59.79088471849867,25.624664879356573,85.41554959785523,95,0.0,Sufficient
20676,RED SPOTTY BOWL,5234,6154.900000000001,14.032171581769436,98.22520107238606,42.09651474530831,140.32171581769438,293,0.0,Sufficient
20677,PINK SPOTTY BOWL,3839,4511.47,10.292225201072386,72.0455764075067,30.87667560321716,102.92225201072388,75,27.922252010723867,Reorder
20679,EDWARDIAN PARASOL RED,4501,20066.95,12.067024128686327,84.46916890080429,36.20107238605898,120.67024128686327,179,0.0,Sufficient
20680,PINK FLOWERS CHILDS UMBRELLA,6,19.5,0.0160857908847185,0.1126005361930295,0.0482573726541555,0.1608579088471849,54,0.0,Sufficient
20681,PINK SPOTTY CHILDS UMBRELLA,1195,3784.75,3.2037533512064345,22.42627345844504,9.611260053619304,32.03753351206434,71,0.0,Sufficient
20682,RED SPOTTY CHILDS UMBRELLA,1796,5648.0,4.815013404825737,33.70509383378016,14.44504021447721,48.15013404825737,450,0.0,Sufficient
20683,RAIN GIRL CHILDS UMBRELLA,1,3.25,0.002680965147453,0.0187667560321715,0.0080428954423592,0.0268096514745308,143,0.0,Sufficient
20684,STRAWBERRY DREAM CHILDS UMBRELLA,484,1534.0,1.2975871313672922,9.083109919571044,3.8927613941018766,12.975871313672922,293,0.0,Sufficient
20685,RED SPOTTY COIR DOORMAT,5642,36417.04,15.126005361930297,105.88203753351206,45.37801608579088,151.26005361930294,37,114.26005361930294,Reorder
20686,DOLLY MIXTURE CHILDREN'S UMBRELLA,316,1018.0,0.8471849865951743,5.93029490616622,2.5415549597855227,8.471849865951743,117,0.0,Sufficient
20688,BEAUTY SPEED EXPRESSO CUPS,462,306.9,1.2386058981233243,8.67024128686327,3.715817694369973,12.386058981233242,53,0.0,Sufficient
20689,RETRO SISTERS EXPRESSO CUPS,400,436.00000000000006,1.0723860589812333,7.506702412868633,3.2171581769437,10.723860589812332,349,0.0,Sufficient
20692,FLORAL ELEPHANT SOFT TOY,879,3434.25,2.35656836461126,16.49597855227882,7.069705093833781,23.565683646112603,295,0.0,Sufficient
20693,FLORAL DINOSAUR GREEN,26,110.5,0.0697050938337801,0.4879356568364612,0.2091152815013405,0.6970509383378016,455,0.0,Sufficient
20694,FLORAL PINK MONSTER,76,273.48,0.2037533512064343,1.4262734584450405,0.6112600536193029,2.037533512064343,340,0.0,Sufficient
20695,FLORAL BLUE MONSTER,78,315.0,0.2091152815013404,1.4638069705093837,0.6273458445040214,2.091152815013405,137,0.0,Sufficient
20696,FLORAL SOFT CAR TOY,91,341.25,0.2439678284182305,1.707774798927614,0.7319034852546917,2.439678284182306,357,0.0,Sufficient
20697,LITTLE GREEN MONSTER SOFT TOY,22,50.7,0.0589812332439678,0.4128686327077748,0.1769436997319035,0.5898123324396782,482,0.0,Sufficient
20698,LITTLE PINK MONSTER SOFT TOY,27,63.45,0.0723860589812332,0.5067024128686327,0.2171581769436997,0.7238605898123325,240,0.0,Sufficient
20699,MOUSEY LONG LEGS SOFT TOY,180,448.2,0.4825737265415549,3.3780160857908847,1.447721179624665,4.825737265415549,199,0.0,Sufficient
20700,GREEN CAT FLORAL CUSHION COVER ,278,382.5,0.7453083109919572,5.2171581769437,2.2359249329758715,7.453083109919572,234,0.0,Sufficient
20701,PINK CAT FLORAL CUSHION COVER ,276,375.0,0.739946380697051,5.179624664879357,2.219839142091153,7.399463806970511,394,0.0,Sufficient
20702,PINK PADDED MOBILE,644,2693.5,1.7265415549597856,12.0857908847185,5.1796246648793565,17.265415549597854,386,0.0,Sufficient
20703,BLUE PADDED SOFT MOBILE,458,1934.0,1.227882037533512,8.595174262734584,3.683646112600536,12.27882037533512,292,0.0,Sufficient
20704,MR ROBOT SOFT TOY,134,574.5,0.3592493297587131,2.5147453083109923,1.0777479892761397,3.592493297587132,455,0.0,Sufficient
20705,MRS ROBOT SOFT TOY,126,543.7,0.3378016085790885,2.3646112600536195,1.0134048257372654,3.378016085790885,130,0.0,Sufficient
20707,CRAZY DAISY HEART DECORATION,1125,719.85,3.0160857908847185,21.11260053619303,9.048257372654156,30.160857908847184,125,0.0,Sufficient
20711,JUMBO BAG TOYS ,7269,12839.45,19.487935656836463,136.41554959785523,58.46380697050939,194.8793565683646,470,0.0,Sufficient
20712,JUMBO BAG WOODLAND ANIMALS,7721,13951.95,20.69973190348525,144.89812332439678,62.09919571045576,206.99731903485247,242,0.0,Sufficient
20713,JUMBO BAG OWLS,9352,16718.4,25.072386058981238,175.50670241286863,75.2171581769437,250.72386058981232,268,0.0,Sufficient
20714,POSY SHOPPER BAG,1513,586.25,4.056300268096515,28.39410187667561,12.168900804289546,40.56300268096516,368,0.0,Sufficient
20715,LITTLE FLOWER SHOPPER BAG,400,424.0,1.0723860589812333,7.506702412868633,3.2171581769437,10.723860589812332,207,0.0,Sufficient
20716,PARTY FOOD SHOPPER BAG,1081,1336.05,2.8981233243967828,20.28686327077748,8.694369973190348,28.98123324396783,465,0.0,Sufficient
20717,STRAWBERRY SHOPPER BAG,3332,3938.9,8.932975871313673,62.53083109919571,26.798927613941014,89.32975871313673,420,0.0,Sufficient
20718,RED SPOTTY SHOPPER BAG,8071,9343.95,21.638069705093837,151.46648793565683,64.9142091152815,216.38069705093832,146,70.38069705093832,Reorder
20719,WOODLAND CHARLOTTE BAG,10025,7936.25,26.87667560321716,188.1367292225201,80.63002680965147,268.76675603217154,327,0.0,Sufficient
20721,OWLS CHARLOTTE BAG,1,0.85,0.002680965147453,0.0187667560321715,0.0080428954423592,0.0268096514745308,174,0.0,Sufficient
20723,STRAWBERRY CHARLOTTE BAG,7768,6195.9,20.82573726541555,145.78016085790887,62.47721179624665,208.25737265415552,234,0.0,Sufficient
20724,RED SPOTTY CHARLOTTE BAG,13150,10498.9,35.25469168900804,246.7828418230563,105.76407506702412,352.5469168900804,316,36.54691689008041,Reorder
20725,LUNCH BAG RED SPOTTY,20348,31821.4,54.552278820375335,381.8659517426273,163.656836461126,545.5227882037533,243,302.5227882037533,Reorder
20726,LUNCH BAG WOODLAND,11984,18769.6,32.128686327077745,224.90080428954423,96.38605898123323,321.2868632707775,181,140.28686327077747,Reorder
20727,LUNCH BAG  BLACK SKULL.,14492,22500.6,38.85254691689008,271.9678284182305,116.55764075067025,388.5254691689007,161,227.5254691689007,Reorder
20728,LUNCH BAG CARS BLUE,12732,19767.8,34.134048257372655,238.93833780160855,102.40214477211796,341.34048257372655,472,0.0,Sufficient
20729,RED SPOTTY CANDY BAG,4626,1154.9,12.402144772117962,86.81501340482573,37.206434316353885,124.0214477211796,324,0.0,Sufficient
20730,STRAWBERRY CANDY BAG,1659,524.25,4.447721179624665,31.13404825737265,13.343163538873997,44.47721179624665,383,0.0,Sufficient
20731,POSY CANDY BAG,4027,1087.75,10.796246648793566,75.57372654155496,32.388739946380696,107.96246648793566,169,0.0,Sufficient
20733,GOLD MINI TAPE MEASURE ,644,448.4,1.7265415549597856,12.0857908847185,5.1796246648793565,17.265415549597854,105,0.0,Sufficient
20734,SILVER MINI TAPE MEASURE ,1379,1079.85,3.6970509383378016,25.87935656836461,11.091152815013404,36.970509383378015,481,0.0,Sufficient
20735,BLACK MINI TAPE MEASURE ,671,470.95,1.7989276139410189,12.592493297587133,5.396782841823057,17.98927613941019,242,0.0,Sufficient
20736,PINK MINI TAPE MEASURE ,286,230.1,0.7667560321715817,5.367292225201072,2.300268096514745,7.667560321715817,189,0.0,Sufficient
20738,GREEN MINI TAPE MEASURE ,1585,1270.55,4.249329758713137,29.74530831099196,12.74798927613941,42.493297587131366,122,0.0,Sufficient
20747,PICCADILLY TEA SET,309,4212.55,0.8284182305630027,5.798927613941019,2.485254691689008,8.284182305630027,327,0.0,Sufficient
20748,KENSINGTON COFFEE SET,310,2746.5,0.8310991957104558,5.81769436997319,2.493297587131367,8.310991957104557,451,0.0,Sufficient
20749,ASSORTED COLOUR MINI CASES,1336,9667.68,3.581769436997319,25.072386058981238,10.745308310991955,35.81769436997319,61,0.0,Sufficient
20750, RED/WHITE DOT MINI CASES,1978,14333.18,5.302949061662199,37.12064343163539,15.908847184986596,53.02949061662199,277,0.0,Sufficient
20751,FUNKY WASHING UP GLOVES ASSORTED,1829,3806.460000000001,4.903485254691689,34.32439678284182,14.710455764075068,49.034852546916895,304,0.0,Sufficient
20752,RETRO BLUE SPOTTY WASHING UP GLOVES,975,1597.5,2.613941018766756,18.29758713136729,7.841823056300269,26.139410187667565,395,0.0,Sufficient
20753,RETRO PINK SPOT WASHING UP GLOVES,187,391.1,0.5013404825737265,3.5093833780160857,1.5040214477211795,5.013404825737265,396,0.0,Sufficient
20754,RETRO RED SPOTTY WASHING UP GLOVES,3509,6763.74,9.407506702412867,65.85254691689008,28.22252010723861,94.07506702412869,122,0.0,Sufficient
20755,BLUE PAISLEY POCKET BOOK,4807,795.55,12.88739946380697,90.2117962466488,38.66219839142091,128.8739946380697,110,18.87399463806969,Reorder
20756,GREEN FERN POCKET BOOK,5616,763.1999999999999,15.056300268096514,105.3941018766756,45.16890080428954,150.56300268096513,122,28.563002680965127,Reorder
20757,RED DAISY POCKET BOOK ,5159,734.75,13.831099195710456,96.8176943699732,41.493297587131366,138.31099195710456,449,0.0,Sufficient
20758,ABSTRACT CIRCLES POCKET BOOK,5233,797.65,14.029490616621985,98.20643431635388,42.088471849865954,140.29490616621985,90,50.294906166219846,Reorder
20759,CHRYSANTHEMUM POCKET BOOK ,5675,813.35,15.214477211796249,106.50134048257372,45.64343163538874,152.14477211796248,196,0.0,Sufficient
20760,GARDEN PATH POCKET BOOK,5419,1214.95,14.528150134048255,101.6970509383378,43.58445040214477,145.28150134048258,122,23.281501340482578,Reorder
20761,BLUE PAISLEY SKETCHBOOK,312,821.2,0.8364611260053619,5.855227882037534,2.5093833780160857,8.36461126005362,11,0.0,Sufficient
20762,GREEN FERN SKETCHBOOK ,321,811.75,0.8605898123324397,6.024128686327078,2.581769436997319,8.605898123324398,139,0.0,Sufficient
20763,DAISY SKETCHBOOK ,175,420.65,0.4691689008042895,3.2841823056300266,1.4075067024128685,4.691689008042895,229,0.0,Sufficient
20764,ABSTRACT CIRCLES SKETCHBOOK ,476,1257.0,1.2761394101876675,8.932975871313673,3.8284182305630026,12.761394101876675,63,0.0,Sufficient
20765,CHRYSANTHEMUM SKETCHBOOK ,317,759.95,0.8498659517426274,5.949061662198392,2.549597855227882,8.498659517426274,352,0.0,Sufficient
20766,GARDEN PATH SKETCHBOOK,368,946.4,0.9865951742627346,6.906166219839142,2.959785522788204,9.865951742627344,494,0.0,Sufficient
20767,BLUE PAISLEY JOURNAL ,538,1017.3,1.4423592493297588,10.096514745308312,4.327077747989277,14.423592493297589,233,0.0,Sufficient
20768,GREEN FERN JOURNAL ,575,1047.75,1.5415549597855227,10.79088471849866,4.624664879356568,15.415549597855229,234,0.0,Sufficient
20769,DAISY JOURNAL ,341,545.5500000000001,0.9142091152815014,6.39946380697051,2.7426273458445043,9.142091152815016,394,0.0,Sufficient
20770,ABSTRACT CIRCLE JOURNAL ,798,1582.2,2.1394101876675604,14.975871313672922,6.418230563002681,21.3941018766756,412,0.0,Sufficient
20771,CHRYSANTHEMUM  JOURNAL,484,878.7,1.2975871313672922,9.083109919571044,3.8927613941018766,12.975871313672922,135,0.0,Sufficient
20772,GARDEN PATH JOURNAL,710,1192.2,1.903485254691689,13.324396782841823,5.710455764075067,19.03485254691689,139,0.0,Sufficient
20773,BLUE PAISLEY NOTEBOOK,3264,825.6,8.750670241286864,61.25469168900805,26.252010723860597,87.50670241286863,62,25.506702412868638,Reorder
20774,GREEN FERN NOTEBOOK,3375,768.75,9.048257372654156,63.33780160857909,27.144772117962468,90.48257372654156,181,0.0,Sufficient
20775,DAISY NOTEBOOK ,3447,647.55,9.241286863270778,64.68900804289545,27.72386058981233,92.41286863270778,227,0.0,Sufficient
20776,ABSTRACT CIRCLES NOTEBOOK,3187,698.55,8.544235924932975,59.80965147453082,25.632707774798924,85.44235924932974,169,0.0,Sufficient
20777,CHRYSANTHEMUM NOTEBOOK,3437,871.05,9.214477211796249,64.50134048257372,27.64343163538874,92.14477211796246,207,0.0,Sufficient
20778,GARDEN PATH NOTEBOOK ,3584,873.6,9.60857908847185,67.26005361930294,28.825737265415547,96.08579088471848,425,0.0,Sufficient
20780,BLACK EAR MUFF HEADPHONES,153,737.01,0.4101876675603217,2.871313672922252,1.230563002680965,4.101876675603217,256,0.0,Sufficient
20781,GOLD EAR MUFF HEADPHONES,51,237.51,0.1367292225201072,0.9571045576407508,0.4101876675603217,1.3672922252010724,333,0.0,Sufficient
20782,CAMOUFLAGE EAR MUFF HEADPHONES,72,395.28,0.1930294906166219,1.351206434316354,0.5790884718498659,1.93029490616622,448,0.0,Sufficient
20783,HEART EAR MUFF HEADPHONES,130,658.26,0.3485254691689008,2.439678284182306,1.0455764075067024,3.4852546916890086,212,0.0,Sufficient
20784,RED RETRO BAR STOOL,26,970.7,0.0697050938337801,0.4879356568364612,0.2091152815013405,0.6970509383378016,193,0.0,Sufficient
20785,FUSCHIA RETRO BAR STOOL,30,1134.5,0.0804289544235924,0.5630026809651474,0.2412868632707774,0.8042895442359248,132,0.0,Sufficient
20786,BLACK RETRO BAR STOOL,22,830.9,0.0589812332439678,0.4128686327077748,0.1769436997319035,0.5898123324396782,410,0.0,Sufficient
20787,BLUE RETRO BAR STOOL,11,435.4500000000001,0.0294906166219839,0.2064343163538874,0.0884718498659517,0.2949061662198391,264,0.0,Sufficient
20791,BLUE TILED SET OF 3 DRAWERS,5,63.75,0.0134048257372654,0.0938337801608579,0.0402144772117962,0.1340482573726541,303,0.0,Sufficient
20793,BLUE TILED TRAY,265,348.75,0.710455764075067,4.97319034852547,2.1313672922252014,7.104557640750671,289,0.0,Sufficient
20794,BLUE  TILE HOOK,105,267.75,0.2815013404825737,1.9705093833780165,0.8445040214477213,2.815013404825738,334,0.0,Sufficient
20795,LARGE BLUE PROVENCAL CERAMIC BALL,72,136.44,0.1930294906166219,1.351206434316354,0.5790884718498659,1.93029490616622,381,0.0,Sufficient
20796,SMALL BLUE PROVENCAL CERAMIC BALL,27,44.55,0.0723860589812332,0.5067024128686327,0.2171581769436997,0.7238605898123325,107,0.0,Sufficient
20798,CLEAR MILKSHAKE GLASS,423,823.5,1.1340482573726542,7.938337801608579,3.4021447721179627,11.340482573726542,207,0.0,Sufficient
20799,PINK MILKSHAKE GLASS,167,215.5,0.4477211796246649,3.1340482573726542,1.3431635388739946,4.477211796246649,479,0.0,Sufficient
20800,LARGE GLASS SUNDAE DISH CLEAR,996,258.2,2.670241286863271,18.691689008042896,8.010723860589813,26.70241286863271,404,0.0,Sufficient
20801,LARGE PINK GLASS SUNDAE DISH,54,137.7,0.1447721179624665,1.0134048257372654,0.4343163538873995,1.447721179624665,249,0.0,Sufficient
20802,SMALL GLASS SUNDAE DISH CLEAR,259,427.35,0.6943699731903485,4.86058981233244,2.0831099195710454,6.943699731903485,153,0.0,Sufficient
20803,SMALL PINK GLASS SUNDAE DISH,180,297.0,0.4825737265415549,3.3780160857908847,1.447721179624665,4.825737265415549,106,0.0,Sufficient
20804,GLASS CHICKEN BUTTER DISH,283,438.15,0.7587131367292225,5.310991957104557,2.2761394101876675,7.587131367292224,210,0.0,Sufficient
20812,EMBOSSED FLOWER TRELLIS PHOTO FRAME,5,12.75,0.0134048257372654,0.0938337801608579,0.0402144772117962,0.1340482573726541,133,0.0,Sufficient
20814,SILVER FINCH DECORATION,187,206.39,0.5013404825737265,3.5093833780160857,1.5040214477211795,5.013404825737265,196,0.0,Sufficient
20816,GOLD FLOWER CUSHION COVER ,16,108.0,0.0428954423592493,0.3002680965147453,0.128686327077748,0.4289544235924932,335,0.0,Sufficient
20818,GOLD TEDDY BEAR,67,191.25,0.1796246648793565,1.257372654155496,0.5388739946380697,1.796246648793566,473,0.0,Sufficient
20819,SILVER TEDDY BEAR,161,363.75,0.4316353887399464,3.0214477211796247,1.2949061662198391,4.316353887399464,358,0.0,Sufficient
20820,SILVER LOOKING MIRROR,9,44.55,0.0241286863270777,0.1689008042895442,0.0723860589812332,0.2412868632707774,268,0.0,Sufficient
20821,GOLDIE LOOKING MIRROR,10,49.5,0.0268096514745308,0.1876675603217158,0.0804289544235924,0.2680965147453083,157,0.0,Sufficient
20822,SILVER WINE GOBLET,2,9.3,0.0053619302949061,0.0375335120643431,0.0160857908847185,0.0536193029490616,261,0.0,Sufficient
20823,GOLD WINE GOBLET,88,386.8,0.2359249329758713,1.6514745308310992,0.707774798927614,2.359249329758713,452,0.0,Sufficient
20825,GOLD WINE GLASS,360,1229.04,0.96514745308311,6.7560321715817695,2.89544235924933,9.6514745308311,429,0.0,Sufficient
20826,SILVER APERITIF GLASS,79,162.32000000000002,0.2117962466487935,1.482573726541555,0.6353887399463807,2.117962466487936,412,0.0,Sufficient
20827,GOLD APERITIF GLASS,85,175.04000000000002,0.227882037533512,1.5951742627345846,0.6836461126005362,2.278820375335121,355,0.0,Sufficient
20828,GLITTER BUTTERFLY CLIPS,3252,7569.0,8.718498659517426,61.02949061662199,26.15549597855228,87.18498659517427,460,0.0,Sufficient
20829,GLITTER HANGING BUTTERFLY STRING,3456,6864.0,9.265415549597856,64.85790884718499,27.79624664879357,92.65415549597856,156,0.0,Sufficient
20830,SILVER PHOTO FRAME,221,344.1,0.5924932975871313,4.14745308310992,1.777479892761394,5.924932975871314,157,0.0,Sufficient
20831,GOLD PHOTO FRAME,225,322.5,0.6032171581769437,4.222520107238606,1.809651474530831,6.032171581769437,361,0.0,Sufficient
20832,RED FLOCK LOVE HEART PHOTO FRAME,570,479.82,1.5281501340482573,10.6970509383378,4.584450402144772,15.281501340482574,208,0.0,Sufficient
20833,SHAKER THROW  QUILTED,52,811.8,0.1394101876675603,0.9758713136729223,0.418230563002681,1.3941018766756033,317,0.0,Sufficient
20835,FRENCH LATTICE CUSHION COVER ,12,10.2,0.032171581769437,0.225201072386059,0.096514745308311,0.3217158176943699,498,0.0,Sufficient
20836,FRENCH PAISLEY CUSHION COVER,54,108.9,0.1447721179624665,1.0134048257372654,0.4343163538873995,1.447721179624665,426,0.0,Sufficient
20837,FRENCH FLORAL CUSHION COVER ,24,45.60000000000001,0.064343163538874,0.450402144772118,0.193029490616622,0.6434316353887399,433,0.0,Sufficient
20838,FRENCH LATTICE CUSHION COVER ,61,104.35,0.163538873994638,1.1447721179624666,0.4906166219839142,1.635388739946381,137,0.0,Sufficient
20839,FRENCH PAISLEY CUSHION COVER ,61,179.95000000000002,0.163538873994638,1.1447721179624666,0.4906166219839142,1.635388739946381,48,0.0,Sufficient
20840,FRENCH FLORAL CUSHION COVER ,349,771.55,0.935656836461126,6.549597855227882,2.806970509383378,9.35656836461126,347,0.0,Sufficient
20845,ZINC HEART LATTICE 2 WALL PLANTER,54,342.9,0.1447721179624665,1.0134048257372654,0.4343163538873995,1.447721179624665,369,0.0,Sufficient
20846,ZINC HEART LATTICE T-LIGHT HOLDER,675,843.75,1.8096514745308312,12.667560321715818,5.428954423592494,18.096514745308312,138,0.0,Sufficient
20847,ZINC HEART LATTICE CHARGER LARGE,25,93.75,0.067024128686327,0.4691689008042896,0.2010723860589812,0.6702412868632708,276,0.0,Sufficient
20848,ZINC HEART LATTICE CHARGER SMALL,18,53.10000000000001,0.0482573726541554,0.3378016085790885,0.1447721179624664,0.4825737265415549,485,0.0,Sufficient
20849,ZINC HEART LATTICE DOUBLE PLANTER,670,566.1,1.7962466487935658,12.57372654155496,5.3887399463806975,17.962466487935657,450,0.0,Sufficient
20850,ZINC HEART LATTICE PLANTER BOWL,820,713.8000000000001,2.1983914209115283,15.388739946380698,6.595174262734584,21.983914209115284,482,0.0,Sufficient
20851,ZINC HEART LATTICE TRAY OVAL ,325,364.15,0.871313672922252,6.099195710455764,2.613941018766756,8.713136729222521,443,0.0,Sufficient
20854,BLUE PATCH PURSE PINK HEART,210,346.5,0.5630026809651475,3.941018766756033,1.6890080428954426,5.630026809651476,160,0.0,Sufficient
20855,PINK PATCH PURSE BLUE HEART,142,234.3,0.3806970509383378,2.6648793565683646,1.1420911528150133,3.806970509383378,424,0.0,Sufficient
20856,DENIM PATCH PURSE PINK BUTTERFLY,195,321.75,0.5227882037533512,3.6595174262734576,1.5683646112600536,5.227882037533512,487,0.0,Sufficient
20857,BLUE ROSE PATCH PURSE PINK BUTTERFL,222,366.3,0.5951742627345844,4.166219839142091,1.7855227882037532,5.951742627345844,307,0.0,Sufficient
20858,SILVER PURSE GOLD PINK BUTTERFLY,4,6.6,0.0107238605898123,0.0750670241286863,0.032171581769437,0.1072386058981233,108,0.0,Sufficient
20860,GOLD COSMETICS BAG WITH BUTTERFLY,19,39.900000000000006,0.0509383378016085,0.35656836461126,0.1528150134048257,0.5093833780160858,272,0.0,Sufficient
20861,GOLD COSMETIC BAG PINK STAR,44,92.4,0.1179624664879356,0.8257372654155496,0.353887399463807,1.1796246648793565,261,0.0,Sufficient
20862,PINK PATCH PENCIL CASE BLUE HEART,316,652.5300000000001,0.8471849865951743,5.93029490616622,2.5415549597855227,8.471849865951743,153,0.0,Sufficient
20863,BLUE PATCH PENCIL CASE PINK HEART,284,563.19,0.7613941018766756,5.329758713136729,2.2841823056300266,7.613941018766756,355,0.0,Sufficient
20864,DENIM PATCH PENCIL CASE BUTTERFLY,247,483.33,0.6621983914209115,4.6353887399463805,1.9865951742627344,6.621983914209115,121,0.0,Sufficient
20865,PATCHWORK PENCIL CASE BUTTERFLY ,247,485.49,0.6621983914209115,4.6353887399463805,1.9865951742627344,6.621983914209115,69,0.0,Sufficient
20866,BLUE ROSE FABRIC MIRROR,556,486.2,1.4906166219839143,10.4343163538874,4.471849865951743,14.906166219839143,378,0.0,Sufficient
20867,PINK ROSE FABRIC MIRROR,693,605.25,1.8579088471849865,13.005361930294905,5.57372654155496,18.579088471849865,11,7.579088471849865,Reorder
20868,SILVER FABRIC MIRROR,408,278.4,1.093833780160858,7.656836461126006,3.281501340482574,10.93833780160858,394,0.0,Sufficient
20869,GOLD FABRIC MIRROR,320,171.28,0.8579088471849866,6.005361930294907,2.57372654155496,8.579088471849866,313,0.0,Sufficient
20870,OPULENT VELVET CANDLE IN BOX,26,39.3,0.0697050938337801,0.4879356568364612,0.2091152815013405,0.6970509383378016,263,0.0,Sufficient
20871,OPULENT VELVET SET/3 CANDLES,1202,1713.3,3.222520107238606,22.55764075067024,9.667560321715818,32.22520107238606,149,0.0,Sufficient
20877,MODERN CHRISTMAS BAUBLE CANDLE ,10,4.2,0.0268096514745308,0.1876675603217158,0.0804289544235924,0.2680965147453083,462,0.0,Sufficient
20878,SET/9 CHRISTMAS T-LIGHTS SCENTED ,689,833.89,1.8471849865951744,12.93029490616622,5.541554959785523,18.471849865951743,46,0.0,Sufficient
20879,TREE OF NOAH FESTIVE SCENTED CANDLE,50,32.5,0.1340482573726541,0.9383378016085792,0.4021447721179625,1.3404825737265416,169,0.0,Sufficient
20881,MODERN CHRISTMAS TREE CANDLE,2,1.7,0.0053619302949061,0.0375335120643431,0.0160857908847185,0.0536193029490616,18,0.0,Sufficient
20882,MODERN CHRISTMAS TREE CANDLE,2,5.9,0.0053619302949061,0.0375335120643431,0.0160857908847185,0.0536193029490616,242,0.0,Sufficient
20884,MODERN CHRISTMAS TREE CANDLE ,2,4.2,0.0053619302949061,0.0375335120643431,0.0160857908847185,0.0536193029490616,108,0.0,Sufficient
20885,BOX OF 3 PEBBLE CANDLES,1,2.95,0.002680965147453,0.0187667560321715,0.0080428954423592,0.0268096514745308,156,0.0,Sufficient
20886,BOX OF 9 PEBBLE CANDLES,1236,2313.9,3.3136729222520107,23.195710455764075,9.941018766756033,33.13672922252011,313,0.0,Sufficient
20887,BOX OF 6 PEBBLE CANDLES,5,17.25,0.0134048257372654,0.0938337801608579,0.0402144772117962,0.1340482573726541,217,0.0,Sufficient
20888,SET 3 JARDIN DE FEMME SCENT CANDLES,359,499.81,0.9624664879356568,6.737265415549597,2.8873994638069704,9.624664879356567,140,0.0,Sufficient
20889,JARDIN DE FEMME SCENTED CANDLE,656,392.0,1.7587131367292226,12.31099195710456,5.276139410187668,17.587131367292226,413,0.0,Sufficient
20890,SMALL GLASS ROSE SCENTED CANDLE,4,15.0,0.0107238605898123,0.0750670241286863,0.032171581769437,0.1072386058981233,161,0.0,Sufficient
20891,LARGE GLASS ROSE SCENTED CANDLE ,2,15.9,0.0053619302949061,0.0375335120643431,0.0160857908847185,0.0536193029490616,63,0.0,Sufficient
20892,SET/3 TALL GLASS CANDLE HOLDER PINK,86,699.7,0.2305630026809651,1.613941018766756,0.6916890080428955,2.3056300268096512,129,0.0,Sufficient
20893,HANGING BAUBLE T-LIGHT HOLDER SMALL,388,870.6,1.0402144772117965,7.281501340482574,3.120643431635389,10.402144772117964,170,0.0,Sufficient
20894,HANGING BAUBLE T-LIGHT HOLDER LARGE,206,588.5,0.5522788203753352,3.865951742627346,1.6568364611260056,5.522788203753352,417,0.0,Sufficient
20895,VINTAGE NOTEBOOK FRENCH LETTER ,16,47.20000000000001,0.0428954423592493,0.3002680965147453,0.128686327077748,0.4289544235924932,125,0.0,Sufficient
20896,VINTAGE NOTEBOOK PINK FLOWER,38,112.1,0.1018766756032171,0.7131367292225201,0.3056300268096514,1.0187667560321716,84,0.0,Sufficient
20897,VINTAGE NOTEBOOK PARIS DAYS,219,401.25000000000006,0.5871313672922251,4.109919571045576,1.7613941018766754,5.871313672922251,122,0.0,Sufficient
20898,VINTAGE NOTEBOOK TRAVELOGUE,282,546.3000000000001,0.7560321715817694,5.292225201072386,2.268096514745308,7.560321715817693,465,0.0,Sufficient
20899,VINTAGE NOTEBOOK RED ROSE,44,129.8,0.1179624664879356,0.8257372654155496,0.353887399463807,1.1796246648793565,429,0.0,Sufficient
20901,VINTAGE KEEPSAKE BOX PINK FLOWER,30,190.5,0.0804289544235924,0.5630026809651474,0.2412868632707774,0.8042895442359248,431,0.0,Sufficient
20902,VINTAGE KEEPSAKE BOX PARIS DAYS,38,135.7,0.1018766756032171,0.7131367292225201,0.3056300268096514,1.0187667560321716,113,0.0,Sufficient
20903,VINTAGE KEEPSAKE BOX TRAVELOGUE,85,222.95,0.227882037533512,1.5951742627345846,0.6836461126005362,2.278820375335121,349,0.0,Sufficient
20905,VINTAGE KEEPSAKE BOX BEAUTY GIRL,6,38.1,0.0160857908847185,0.1126005361930295,0.0482573726541555,0.1608579088471849,263,0.0,Sufficient
20906,VINTAGE NOTEBOOK BEAUTY GIRL,75,221.25000000000003,0.2010723860589812,1.407506702412869,0.6032171581769437,2.0107238605898123,236,0.0,Sufficient
20910,VINTAGE PHOTO ALBUM PARIS DAYS,74,450.7,0.1983914209115281,1.388739946380697,0.5951742627345844,1.9839142091152813,121,0.0,Sufficient
20913,SET/5 BLUE SPOTTY LID GLASS BOWLS,295,787.05,0.7908847184986595,5.536193029490616,2.3726541554959786,7.908847184986595,482,0.0,Sufficient
20914,SET/5 RED SPOTTY LID GLASS BOWLS,12338,33632.700000000004,33.07774798927614,231.544235924933,99.23324396782844,330.77747989276145,108,222.77747989276145,Reorder
20931,BLUE POT PLANT CANDLE ,348,981.8,0.9329758713136728,6.53083109919571,2.798927613941019,9.32975871313673,162,0.0,Sufficient
20932,PINK POT PLANT CANDLE,116,415.8,0.3109919571045576,2.176943699731903,0.9329758713136728,3.109919571045576,358,0.0,Sufficient
20933,YELLOW POT PLANT CANDLE,470,1174.1,1.260053619302949,8.820375335120643,3.780160857908847,12.60053619302949,411,0.0,Sufficient
20934,SET/3 POT PLANT CANDLES,113,582.85,0.3029490616621983,2.1206434316353886,0.9088471849865952,3.029490616621984,393,0.0,Sufficient
20935,ROUND CACTUS CANDLE,287,517.85,0.7694369973190348,5.386058981233243,2.3083109919571045,7.694369973190348,375,0.0,Sufficient
20936,FORKED CACTUS CANDLE,223,449.05,0.5978552278820375,4.184986595174262,1.7935656836461125,5.978552278820374,347,0.0,Sufficient
20939,ORANGE CANDLE,12,10.2,0.032171581769437,0.225201072386059,0.096514745308311,0.3217158176943699,203,0.0,Sufficient
20940,SET/6 GARDEN GNOME T-LIGHT CANDLES,113,312.55,0.3029490616621983,2.1206434316353886,0.9088471849865952,3.029490616621984,319,0.0,Sufficient
20941,FROG CANDLE,867,643.37,2.324396782841823,16.27077747989276,6.973190348525469,23.243967828418228,172,0.0,Sufficient
20942,SET/6 GINGERBREAD TREE T-LIGHTS,6,7.5,0.0160857908847185,0.1126005361930295,0.0482573726541555,0.1608579088471849,217,0.0,Sufficient
20943,SET/6 GINGERBREAD STAR T-LIGHTS,332,415.0,0.8900804289544236,6.230563002680966,2.670241286863271,8.900804289544237,454,0.0,Sufficient
20950,SET/6  ANGEL T-LIGHTS WHITE/GOLD,652,282.97,1.7479892761394102,12.235924932975871,5.243967828418231,17.4798927613941,178,0.0,Sufficient
20952,PORCELAIN CHERUB BELL SMALL,321,134.82,0.8605898123324397,6.024128686327078,2.581769436997319,8.605898123324398,493,0.0,Sufficient
20953,PORCELAIN CHERUB BELL LARGE,19,31.35,0.0509383378016085,0.35656836461126,0.1528150134048257,0.5093833780160858,170,0.0,Sufficient
20956,PORCELAIN T-LIGHT HOLDERS ASSORTED,1417,1656.05,3.798927613941019,26.592493297587133,11.396782841823056,37.989276139410194,77,0.0,Sufficient
20957,PORCELAIN HANGING BELL SMALL,67,97.15,0.1796246648793565,1.257372654155496,0.5388739946380697,1.796246648793566,298,0.0,Sufficient
20958,PORCELAIN HANGING BELL LARGE,26,50.7,0.0697050938337801,0.4879356568364612,0.2091152815013405,0.6970509383378016,407,0.0,Sufficient
20960,WATERMELON BATH SPONGE,1739,2169.95,4.662198391420912,32.63538873994638,13.986595174262735,46.62198391420911,286,0.0,Sufficient
20961,STRAWBERRY BATH SPONGE ,2237,2705.05,5.997319034852547,41.98123324396783,17.991957104557642,59.97319034852547,313,0.0,Sufficient
20963,APPLE BATH SPONGE,2099,2532.55,5.627345844504021,39.39142091152815,16.882037533512065,56.27345844504022,413,0.0,Sufficient
20964,POLYESTER FILLER PAD 60x40cm,18,45.9,0.0482573726541554,0.3378016085790885,0.1447721179624664,0.4825737265415549,393,0.0,Sufficient
20966,SANDWICH BATH SPONGE,2087,2608.75,5.595174262734584,39.16621983914209,16.785522788203753,55.95174262734584,401,0.0,Sufficient
20967,GREY FLORAL FELTCRAFT SHOULDER BAG,849,3118.59,2.2761394101876675,15.932975871313673,6.828418230563003,22.761394101876675,144,0.0,Sufficient
20968,GREEN FLORAL FELTCRAFT SHOULDER BAG,37,138.75,0.099195710455764,0.6943699731903485,0.2975871313672922,0.9919571045576407,204,0.0,Sufficient
20969,RED FLORAL FELTCRAFT SHOULDER BAG,1260,4593.6,3.3780160857908847,23.646112600536192,10.134048257372656,33.78016085790885,410,0.0,Sufficient
20970,PINK FLORAL FELTCRAFT SHOULDER BAG,1365,4974.39,3.6595174262734576,25.616621983914207,10.978552278820375,36.59517426273458,137,0.0,Sufficient
20971,PINK BLUE FELT CRAFT TRINKET BOX,10593,12295.05,28.39946380697051,198.7962466487936,85.19839142091152,283.99463806970505,42,241.99463806970505,Reorder
20972,PINK CREAM FELT CRAFT TRINKET BOX ,13138,15420.28,35.22252010723861,246.55764075067023,105.66756032171584,352.2252010723861,185,167.22520107238608,Reorder
20973,12 PENCIL SMALL TUBE WOODLAND,5238,3325.5,14.04289544235925,98.30026809651474,42.12868632707775,140.42895442359247,469,0.0,Sufficient
20974,12 PENCILS SMALL TUBE SKULL,6216,3977.2,16.664879356568363,116.65415549597854,49.99463806970509,166.64879356568363,452,0.0,Sufficient
20975,12 PENCILS SMALL TUBE RED SPOTTY,11607,7344.55,31.11796246648793,217.82573726541557,93.3538873994638,311.1796246648793,380,0.0,Sufficient
20976,12 PENCILS SMALL TUBE POSY,518,336.7,1.388739946380697,9.72117962466488,4.166219839142091,13.88739946380697,479,0.0,Sufficient
20977,36 PENCILS TUBE WOODLAND,1968,2456.96,5.276139410187668,36.93297587131367,15.828418230563004,52.76139410187668,384,0.0,Sufficient
20978,36 PENCILS TUBE SKULLS,2193,2683.49,5.879356568364611,41.155495978552274,17.638069705093834,58.79356568364611,31,27.793565683646108,Reorder
20979,36 PENCILS TUBE RED SPOTTY,4280,5176.72,11.474530831099196,80.32171581769437,34.42359249329759,114.74530831099196,247,0.0,Sufficient
20980,36 PENCILS TUBE POSY,145,181.25,0.388739946380697,2.721179624664879,1.166219839142091,3.88739946380697,167,0.0,Sufficient
20981,12 PENCILS TALL TUBE WOODLAND,2634,2164.02,7.061662198391421,49.43163538873995,21.184986595174266,70.61662198391421,47,23.61662198391421,Reorder
20982,12 PENCILS TALL TUBE SKULLS,2651,2248.67,7.107238605898123,49.75067024128686,21.32171581769437,71.07238605898124,239,0.0,Sufficient
20983,12 PENCILS TALL TUBE RED SPOTTY,3449,2906.69,9.246648793565685,64.72654155495978,27.73994638069705,92.46648793565684,374,0.0,Sufficient
20984,12 PENCILS TALL TUBE POSY,2047,732.91,5.487935656836461,38.415549597855225,16.46380697050938,54.87935656836461,60,0.0,Sufficient
20985,HEART CALCULATOR,1132,1393.15,3.03485254691689,21.243967828418228,9.10455764075067,30.348525469168894,447,0.0,Sufficient
20986,BLUE CALCULATOR RULER,550,649.5,1.4745308310991958,10.32171581769437,4.423592493297587,14.745308310991955,273,0.0,Sufficient
20987,GEISHA GIRL CHOPSTICKS SET/5,117,228.15,0.3136729222520107,2.195710455764075,0.941018766756032,3.136729222520107,292,0.0,Sufficient
20988,TRELLIS FLOWER CHOPSTICKS SET/5,24,46.8,0.064343163538874,0.450402144772118,0.193029490616622,0.6434316353887399,36,0.0,Sufficient
20989,URBAN CHIC CHOPSTICKS SET/5,397,744.15,1.064343163538874,7.450402144772118,3.193029490616622,10.64343163538874,235,0.0,Sufficient
20990,SPRING FLOWER CHOPSTICKS SET/5,857,1581.15,2.297587131367292,16.083109919571044,6.892761394101877,22.97587131367292,286,0.0,Sufficient
20991,JAZZ HEARTS MAGNETIC MEMO PAD,7058,850.9000000000001,18.92225201072386,132.455764075067,56.76675603217158,189.22252010723855,295,0.0,Sufficient
20992,JAZZ HEARTS PURSE NOTEBOOK,1731,1257.75,4.640750670241287,32.48525469168901,13.92225201072386,46.40750670241287,106,0.0,Sufficient
20993,JAZZ HEARTS MEMO PAD,10945,1305.49,29.343163538873995,205.402144772118,88.02949061662198,293.43163538873995,293,0.4316353887399486,Reorder
20994,JAZZ HEARTS SPIRAL NOTEPAD,47,39.95,0.1260053619302949,0.8820375335120644,0.3780160857908847,1.260053619302949,376,0.0,Sufficient
20996,JAZZ HEARTS ADDRESS BOOK,3077,923.7,8.249329758713136,57.74530831099195,24.747989276139407,82.49329758713137,457,0.0,Sufficient
20997,ROSE DU SUD CUSHION COVER ,66,326.7,0.1769436997319035,1.2386058981233243,0.5308310991957105,1.7694369973190347,490,0.0,Sufficient
20998,ROSE DU SUD OVEN GLOVE,102,300.90000000000003,0.2734584450402145,1.9142091152815013,0.8203753351206435,2.734584450402145,462,0.0,Sufficient
21000,ROSE DU SUD COSMETICS BAG,572,1306.0,1.5335120643431637,10.734584450402144,4.60053619302949,15.335120643431631,326,0.0,Sufficient
21001,ROSE DU SUD WASHBAG ,44,261.8,0.1179624664879356,0.8257372654155496,0.353887399463807,1.1796246648793565,313,0.0,Sufficient
21002,ROSE DU SUD DRAWSTRING BAG,97,412.25,0.260053619302949,1.8203753351206435,0.7801608579088473,2.600536193029491,156,0.0,Sufficient
21003,ROSE DU SUD CUSHION COVER,9,57.15,0.0241286863270777,0.1689008042895442,0.0723860589812332,0.2412868632707774,13,0.0,Sufficient
21004,ROSE DU SUD CHILDS APRON,105,446.25,0.2815013404825737,1.9705093833780165,0.8445040214477213,2.815013404825738,44,0.0,Sufficient
21007,ETCHED GLASS DROPLET DECORATION,1905,851.23,5.107238605898123,35.75067024128686,15.32171581769437,51.07238605898123,201,0.0,Sufficient
21009,ETCHED GLASS STAR TREE DECORATION,885,1106.25,2.3726541554959786,16.60857908847185,7.117962466487936,23.726541554959784,58,0.0,Sufficient
21010,ETCHED GLASS BIRD TREE DECORATION,806,1007.5,2.160857908847185,15.126005361930297,6.482573726541555,21.608579088471853,26,0.0,Sufficient
21011,GLITTER SNOW PEAR TREE DECORATION,1774,1249.78,4.7560321715817695,33.292225201072384,14.26809651474531,47.56032171581769,181,0.0,Sufficient
21012,ANTIQUE ALL GLASS CANDLESTICK,920,1045.48,2.4664879356568363,17.265415549597854,7.399463806970509,24.664879356568363,229,0.0,Sufficient
21014,SWISS CHALET TREE DECORATION ,538,374.74,1.4423592493297588,10.096514745308312,4.327077747989277,14.423592493297589,167,0.0,Sufficient
21015,DARK BIRD HOUSE TREE DECORATION,182,134.06,0.4879356568364611,3.415549597855228,1.4638069705093837,4.879356568364612,486,0.0,Sufficient
21016,LIGHT BIRD HOUSE TREE DECORATION,804,538.92,2.155495978552279,15.088471849865952,6.466487935656836,21.55495978552279,55,0.0,Sufficient
21017,RED BIRD HOUSE TREE DECORATION,548,358.28,1.4691689008042896,10.284182305630027,4.407506702412869,14.691689008042896,382,0.0,Sufficient
21018,BIRD BOX CHRISTMAS TREE DECORATION,206,175.1,0.5522788203753352,3.865951742627346,1.6568364611260056,5.522788203753352,15,0.0,Sufficient
21025,SPACE FROG,132,165.0,0.353887399463807,2.4772117962466487,1.061662198391421,3.5388739946380694,108,0.0,Sufficient
21026,SPACE OWL,258,322.5,0.6916890080428955,4.841823056300268,2.0750670241286864,6.916890080428955,389,0.0,Sufficient
21027,NINJA RABBIT PINK,177,219.35,0.4745308310991957,3.3217158176943697,1.423592493297587,4.745308310991957,242,0.0,Sufficient
21028,NINJA RABBIT BLACK,121,149.35,0.324396782841823,2.2707774798927614,0.9731903485254692,3.2439678284182305,46,0.0,Sufficient
21030,SPACE CADET RED,109,132.45,0.292225201072386,2.045576407506702,0.8766756032171581,2.9222520107238603,289,0.0,Sufficient
21031,SPACE CADET BLACK,88,106.2,0.2359249329758713,1.6514745308310992,0.707774798927614,2.359249329758713,358,0.0,Sufficient
21032,SPACE CADET WHITE,105,129.35,0.2815013404825737,1.9705093833780165,0.8445040214477213,2.815013404825738,311,0.0,Sufficient
21033,JUMBO BAG CHARLIE AND LOLA TOYS,2519,4616.55,6.753351206434316,47.27345844504021,20.260053619302948,67.53351206434316,190,0.0,Sufficient
21034,REX CASH+CARRY JUMBO SHOPPER,2130,2023.5,5.710455764075067,39.97319034852547,17.1313672922252,57.10455764075067,104,0.0,Sufficient
21035,SET/2 RED SPOTTY TEA TOWELS ,3285,9283.55,8.806970509383378,61.64879356568365,26.420911528150132,88.06970509383379,108,0.0,Sufficient
21036,SET/2 TEA TOWELS MODERN VINTAGE,1,2.55,0.002680965147453,0.0187667560321715,0.0080428954423592,0.0268096514745308,197,0.0,Sufficient
21038,SET/4 MODERN VINTAGE COTTON NAPKINS,83,244.85,0.2225201072386059,1.5576407506702414,0.6675603217158177,2.225201072386059,490,0.0,Sufficient
21039,RED SPOTTY SHOPPING BAG,777,1978.65,2.0831099195710454,14.581769436997318,6.249329758713136,20.83109919571045,125,0.0,Sufficient
21040,MODERN VINTAGE COTTON SHOPPING BAG,834,984.3,2.2359249329758715,15.6514745308311,6.707774798927614,22.359249329758715,200,0.0,Sufficient
21041,RED SPOTTY OVEN GLOVE DOUBLE,1697,4732.150000000001,4.549597855227882,31.84718498659517,13.648793565683643,45.49597855227882,262,0.0,Sufficient
21042,RED SPOTTY APRON ,1125,6206.25,3.0160857908847185,21.11260053619303,9.048257372654156,30.160857908847184,478,0.0,Sufficient
21043,APRON MODERN VINTAGE COTTON,160,592.0,0.4289544235924933,3.0026809651474533,1.28686327077748,4.289544235924933,425,0.0,Sufficient
21051,RIBBONS PURSE ,557,1083.6,1.4932975871313674,10.453083109919572,4.479892761394102,14.932975871313673,480,0.0,Sufficient
21054,NURSE'S BAG SOFT TOY,289,2566.55,0.774798927613941,5.423592493297587,2.324396782841823,7.74798927613941,170,0.0,Sufficient
21055,TOOL BOX SOFT TOY ,186,1664.7,0.4986595174262734,3.4906166219839143,1.4959785522788205,4.986595174262735,265,0.0,Sufficient
21056,DOCTOR'S BAG SOFT TOY,364,3157.8,0.9758713136729222,6.831099195710456,2.927613941018767,9.758713136729224,332,0.0,Sufficient
21058,PARTY INVITES WOODLAND,1186,984.7,3.1796246648793565,22.257372654155496,9.53887399463807,31.796246648793566,137,0.0,Sufficient
21059,PARTY INVITES DINOSAURS,1001,827.4499999999999,2.683646112600536,18.785522788203757,8.050938337801608,26.83646112600536,27,0.0,Sufficient
21060,PARTY INVITES BALLOON GIRL,864,571.8,2.316353887399464,16.214477211796247,6.9490616621983925,23.16353887399464,290,0.0,Sufficient
21061,PARTY INVITES FOOTBALL,927,599.67,2.485254691689008,17.396782841823057,7.455764075067025,24.852546916890084,499,0.0,Sufficient
21062,PARTY INVITES SPACEMAN,533,428.93,1.4289544235924934,10.002680965147452,4.28686327077748,14.289544235924932,232,0.0,Sufficient
21063,PARTY INVITES JAZZ HEARTS,916,755.1999999999999,2.455764075067024,17.19034852546917,7.367292225201072,24.55764075067024,63,0.0,Sufficient
21064,BOOM BOX SPEAKER BOYS,569,2993.55,1.5254691689008042,10.67828418230563,4.576407506702413,15.254691689008045,67,0.0,Sufficient
21065,BOOM BOX SPEAKER GIRLS,32,190.4,0.0857908847184986,0.6005361930294906,0.257372654155496,0.8579088471849865,332,0.0,Sufficient
21066,VINTAGE RED MUG,1571,773.59,4.2117962466487935,29.482573726541556,12.63538873994638,42.11796246648793,369,0.0,Sufficient
21067,VINTAGE RED TEATIME MUG,4316,3055.84,11.571045576407506,80.99731903485255,34.71313672922252,115.71045576407508,183,0.0,Sufficient
21068,VINTAGE BILLBOARD LOVE/HATE MUG,2690,2525.24,7.2117962466487935,50.48257372654155,21.63538873994638,72.11796246648794,289,0.0,Sufficient
21069,VINTAGE BILLBOARD TEA MUG,3076,2914.1,8.246648793565683,57.72654155495978,24.73994638069705,82.46648793565683,123,0.0,Sufficient
21070,VINTAGE BILLBOARD MUG ,888,792.62,2.3806970509383376,16.664879356568363,7.142091152815013,23.806970509383376,297,0.0,Sufficient
21071,VINTAGE BILLBOARD DRINK ME MUG,3305,3471.73,8.86058981233244,62.02412868632708,26.58176943699732,88.60589812332441,440,0.0,Sufficient
21076,SET/20 COLLAGE PAPER NAPKIN ,759,584.67,2.03485254691689,14.24396782841823,6.10455764075067,20.348525469168894,351,0.0,Sufficient
21077,SET/20 WOODLAND PAPER NAPKINS ,2745,1990.53,7.359249329758713,51.51474530831099,22.07774798927614,73.59249329758714,160,0.0,Sufficient
21078,SET/20 STRAWBERRY PAPER NAPKINS ,4068,3135.24,10.90616621983914,76.343163538874,32.71849865951742,109.06166219839142,459,0.0,Sufficient
21080,SET/20 RED SPOTTY PAPER NAPKINS ,17887,13422.31,47.9544235924933,335.6809651474531,143.8632707774799,479.544235924933,136,343.544235924933,Reorder
21081,SET/20 POSIES PAPER NAPKINS,4,3.4,0.0107238605898123,0.0750670241286863,0.032171581769437,0.1072386058981233,164,0.0,Sufficient
21082,SET/20 FRUIT SALAD PAPER NAPKINS ,7062,1764.3,18.932975871313676,132.53083109919572,56.79892761394102,189.32975871313675,499,0.0,Sufficient
21084,SET/6 COLLAGE PAPER CUPS,287,186.55,0.7694369973190348,5.386058981233243,2.3083109919571045,7.694369973190348,395,0.0,Sufficient
21085,SET/6 WOODLAND PAPER CUPS,13712,1843.12,36.76139410187668,257.3297587131367,110.28418230563004,367.6139410187667,483,0.0,Sufficient
21086,SET/6 RED SPOTTY PAPER CUPS,9481,5657.21,25.41823056300268,177.92761394101876,76.25469168900804,254.1823056300268,282,0.0,Sufficient
21087,SET/6 POSIES PAPER CUPS,94,61.1,0.2520107238605898,1.7640750670241288,0.7560321715817695,2.520107238605898,113,0.0,Sufficient
21088,SET/6 FRUIT SALAD PAPER CUPS,14927,1377.91,40.01876675603217,280.1313672922252,120.05630026809652,400.18766756032176,426,0.0,Sufficient
21089,SET/6 GREEN SPRING PAPER CUPS,87,56.55,0.2332439678284182,1.6327077747989276,0.6997319034852547,2.3324396782841825,402,0.0,Sufficient
21090,SET/6 COLLAGE PAPER PLATES,623,339.47,1.6702412868632708,11.691689008042896,5.010723860589812,16.70241286863271,308,0.0,Sufficient
21091,SET/6 WOODLAND PAPER PLATES,13668,1817.16,36.64343163538874,256.5040214477212,109.9302949061662,366.4343163538873,255,111.43431635388733,Reorder
21092,SET/6 STRAWBERRY PAPER PLATES,12806,1504.94,34.33243967828418,240.32707774798928,102.99731903485257,343.32439678284186,185,158.32439678284186,Reorder
21094,SET/6 RED SPOTTY PAPER PLATES,10926,7957.799999999999,29.292225201072387,205.0455764075067,87.87667560321717,292.92225201072387,48,244.92225201072387,Reorder
21095,SET/6 POSIES PAPER PLATES,147,124.95,0.3941018766756032,2.7587131367292224,1.1823056300268096,3.941018766756032,486,0.0,Sufficient
21096,SET/6 FRUIT SALAD  PAPER PLATES,14633,2093.09,39.23056300268097,274.61394101876675,117.6916890080429,392.3056300268096,179,213.30563002680964,Reorder
21097,SET/6 GREEN SPRING  PAPER PLATE,32,27.2,0.0857908847184986,0.6005361930294906,0.257372654155496,0.8579088471849865,256,0.0,Sufficient
21098,CHRISTMAS TOILET ROLL,3489,4133.06,9.353887399463806,65.47721179624665,28.061662198391417,93.53887399463808,35,58.53887399463807,Reorder
21099,SET/6 STRAWBERRY PAPER CUPS,13284,1506.6,35.61394101876676,249.2975871313673,106.84182305630029,356.13941018766764,364,0.0,Sufficient
21100,CHARLIE AND LOLA CHARLOTTE BAG,2181,2798.05,5.847184986595174,40.93029490616622,17.541554959785522,58.47184986595174,315,0.0,Sufficient
21102,"CANDLE IN JAR COLLAGE , VANILLA",65,165.75,0.1742627345844504,1.219839142091153,0.5227882037533512,1.7426273458445043,418,0.0,Sufficient
21106,CREAM SLICE FLANNEL CHOCOLATE SPOT ,515,1480.85,1.3806970509383378,9.664879356568363,4.142091152815014,13.80697050938338,417,0.0,Sufficient
21107,CREAM SLICE FLANNEL PINK SPOT ,1462,4034.500000000001,3.919571045576408,27.43699731903485,11.758713136729222,39.19571045576407,22,17.195710455764072,Reorder
21108,FAIRY CAKE FLANNEL ASSORTED COLOUR,2534,6214.65,6.793565683646112,47.55495978552278,20.380697050938338,67.93565683646112,325,0.0,Sufficient
21109,"LARGE CAKE TOWEL, CHOCOLATE SPOTS",223,1500.45,0.5978552278820375,4.184986595174262,1.7935656836461125,5.978552278820374,400,0.0,Sufficient
21110,LARGE CAKE TOWEL PINK SPOTS,485,3192.15,1.3002680965147453,9.101876675603217,3.900804289544236,13.002680965147452,322,0.0,Sufficient
21111,"SWISS ROLL TOWEL, CHOCOLATE  SPOTS",440,1262.0000000000002,1.1796246648793565,8.257372654155496,3.5388739946380694,11.796246648793566,45,0.0,Sufficient
21112,"SWISS ROLL TOWEL, PINK  SPOTS",840,2444.4000000000005,2.25201072386059,15.76407506702413,6.75603217158177,22.520107238605902,182,0.0,Sufficient
21114,LAVENDER SCENTED FABRIC HEART,4330,5328.9,11.60857908847185,81.26005361930294,34.82573726541555,116.08579088471848,29,87.08579088471848,Reorder
21115,ROSE CARAVAN DOORSTOP,649,4233.55,1.739946380697051,12.179624664879356,5.219839142091153,17.39946380697051,330,0.0,Sufficient
21116,OWL DOORSTOP,482,2314.5,1.292225201072386,9.045576407506704,3.876675603217158,12.92225201072386,273,0.0,Sufficient
21117,BLOND DOLL DOORSTOP,219,360.33,0.5871313672922251,4.109919571045576,1.7613941018766754,5.871313672922251,409,0.0,Sufficient
21118,SHOPPING BAG DOORSTOP,69,104.25,0.1849865951742627,1.2949061662198391,0.5549597855227882,1.849865951742628,151,0.0,Sufficient
21121,SET/10 RED SPOTTY PARTY CANDLES,8952,10734.0,24.0,168.0,72.0,240.0,469,0.0,Sufficient
21122,SET/10 PINK SPOTTY PARTY CANDLES,7241,8704.69,19.412868632707774,135.8900804289544,58.238605898123325,194.12868632707773,380,0.0,Sufficient
21123,SET/10 IVORY SPOTTY PARTY CANDLES,1629,2027.13,4.367292225201072,30.571045576407503,13.101876675603217,43.67292225201072,480,0.0,Sufficient
21124,SET/10 BLUE SPOTTY PARTY CANDLES,6051,7326.63,16.222520107238605,113.55764075067025,48.66756032171581,162.22520107238603,152,10.225201072386028,Reorder
21125,SET 6 FOOTBALL CELEBRATION CANDLES,1487,1390.27,3.986595174262735,27.906166219839143,11.959785522788204,39.86595174262735,101,0.0,Sufficient
21126,SET OF 6 GIRLS CELEBRATION CANDLES,1723,1559.99,4.619302949061662,32.33512064343164,13.857908847184987,46.193029490616624,363,0.0,Sufficient
21127,COLOURFUL FISHING GNOME,284,838.6,0.7613941018766756,5.329758713136729,2.2841823056300266,7.613941018766756,331,0.0,Sufficient
21128,GOLD FISHING GNOME,51,194.45,0.1367292225201072,0.9571045576407508,0.4101876675603217,1.3672922252010724,297,0.0,Sufficient
21129,SILVER FISHING GNOME ,60,377.0,0.1608579088471849,1.1260053619302948,0.4825737265415549,1.6085790884718496,224,0.0,Sufficient
21130,COLOURFUL STANDING GNOME,706,1115.7,1.8927613941018768,13.249329758713136,5.67828418230563,18.92761394101877,456,0.0,Sufficient
21131,GOLD STANDING GNOME,160,620.0,0.4289544235924933,3.0026809651474533,1.28686327077748,4.289544235924933,351,0.0,Sufficient
21132,SILVER STANDING GNOME   ,41,174.25,0.1099195710455764,0.7694369973190349,0.3297587131367292,1.099195710455764,60,0.0,Sufficient
21133,PAINTED BIRD ASSORTED CHRISTMAS,409,691.21,1.096514745308311,7.675603217158177,3.289544235924933,10.96514745308311,162,0.0,Sufficient
21134,VICTORIAN METAL POSTCARD CHRISTMAS,351,579.15,0.941018766756032,6.5871313672922245,2.8230563002680964,9.41018766756032,195,0.0,Sufficient
21135,VICTORIAN  METAL POSTCARD SPRING,3111,5257.59,8.340482573726542,58.38337801608579,25.021447721179623,83.40482573726541,72,11.404825737265412,Reorder
21136,PAINTED METAL PEARS ASSORTED,5910,9637.5,15.84450402144772,110.91152815013405,47.53351206434317,158.44504021447722,199,0.0,Sufficient
21137,BLACK RECORD COVER FRAME,8219,28129.89,22.03485254691689,154.24396782841825,66.10455764075067,220.3485254691689,134,86.34852546916892,Reorder
21143,ANTIQUE GLASS HEART DECORATION ,1830,3482.1,4.906166219839142,34.343163538873995,14.718498659517426,49.06166219839142,159,0.0,Sufficient
21144,PINK POODLE HANGING DECORATION ,505,220.79,1.353887399463807,9.47721179624665,4.061662198391421,13.53887399463807,323,0.0,Sufficient
21145,ANTIQUE GLASS PLACE SETTING,717,841.53,1.9222520107238603,13.455764075067025,5.766756032171582,19.222520107238605,67,0.0,Sufficient
21146,ANTIQUE GLASS RIDGED HANGING BALL,775,1453.65,2.0777479892761392,14.544235924932975,6.233243967828418,20.77747989276139,351,0.0,Sufficient
21147,JINGLE BELLS TREE DECORATION,245,364.5,0.6568364611260054,4.597855227882038,1.970509383378016,6.568364611260054,314,0.0,Sufficient
21153,RED SPOTTY TABLECLOTH ,370,3832.5,0.9919571045576407,6.943699731903485,2.975871313672922,9.919571045576408,189,0.0,Sufficient
21154,RED SPOTTY OVEN GLOVE ,3978,4720.94,10.664879356568363,74.65415549597856,31.994638069705097,106.64879356568366,179,0.0,Sufficient
21155,RED SPOTTY PEG BAG,3406,6489.62,9.1313672922252,63.91957104557641,27.39410187667561,91.313672922252,335,0.0,Sufficient
21156,RED SPOTTY CHILDS APRON,6074,10889.4,16.284182305630026,113.98927613941018,48.85254691689008,162.84182305630026,280,0.0,Sufficient
21157,RED SPOTTY WASHBAG,572,1196.28,1.5335120643431637,10.734584450402144,4.60053619302949,15.335120643431631,63,0.0,Sufficient
21158,MOODY GIRL DOOR HANGER ,1102,951.1,2.954423592493298,20.680965147453083,8.863270777479894,29.544235924932977,453,0.0,Sufficient
21159,MOODY BOY  DOOR HANGER ,964,781.48,2.584450402144772,18.091152815013405,7.753351206434316,25.84450402144772,110,0.0,Sufficient
21160,KEEP OUT GIRLS DOOR HANGER ,763,485.23,2.045576407506702,14.319034852546917,6.136729222520106,20.455764075067023,490,0.0,Sufficient
21161,KEEP OUT BOYS DOOR HANGER ,2175,1451.6699999999998,5.831099195710456,40.81769436997319,17.493297587131366,58.31099195710456,273,0.0,Sufficient
21162,TOXIC AREA  DOOR HANGER ,913,782.17,2.447721179624665,17.134048257372655,7.343163538873995,24.47721179624665,62,0.0,Sufficient
21163,DO NOT TOUCH MY STUFF DOOR HANGER ,1577,997.85,4.227882037533512,29.595174262734588,12.683646112600538,42.27882037533513,69,0.0,Sufficient
21164,HOME SWEET HOME METAL SIGN ,4182,11206.02,11.211796246648792,78.48257372654156,33.63538873994638,112.11796246648794,117,0.0,Sufficient
21165,BEWARE OF THE CAT METAL SIGN ,5124,7784.76,13.737265415549595,96.16085790884718,41.21179624664879,137.37265415549598,14,123.37265415549598,Reorder
21166,COOK WITH WINE METAL SIGN ,9599,17023.41,25.734584450402146,180.14209115281503,77.20375335120644,257.34584450402144,112,145.34584450402144,Reorder
21167,WHITE SAGE INCENSE,848,170.58,2.2734584450402147,15.914209115281505,6.820375335120644,22.734584450402146,205,0.0,Sufficient
21169,YOU'RE CONFUSING ME METAL SIGN ,4432,6796.0,11.882037533512063,83.17426273458446,35.6461126005362,118.82037533512066,271,0.0,Sufficient
21171,BATHROOM METAL SIGN ,1398,1911.9,3.74798927613941,26.23592493297587,11.24396782841823,37.4798927613941,374,0.0,Sufficient
21172,PARTY METAL SIGN ,4166,5767.099999999999,11.168900804289544,78.1823056300268,33.506702412868634,111.68900804289544,489,0.0,Sufficient
21173,LOO ROLL  METAL SIGN ,321,527.25,0.8605898123324397,6.024128686327078,2.581769436997319,8.605898123324398,381,0.0,Sufficient
21174,POTTERING IN THE SHED METAL SIGN,5403,9587.57,14.485254691689008,101.39678284182304,43.45576407506702,144.85254691689008,359,0.0,Sufficient
21175,GIN + TONIC DIET METAL SIGN,8408,16319.3,22.54155495978552,157.79088471849866,67.62466487935657,225.41554959785523,56,169.41554959785523,Reorder
21179,NO JUNK MAIL METAL SIGN,2281,2051.73,6.115281501340482,42.806970509383376,18.345844504021446,61.15281501340482,364,0.0,Sufficient
21181,PLEASE ONE PERSON  METAL SIGN,12492,24511.28,33.49061662198391,234.43431635388737,100.47184986595173,334.90616621983906,320,14.906166219839063,Reorder
21185, HOME SWEET HOME  BLACKBOARD,120,741.36,0.3217158176943699,2.252010723860589,0.96514745308311,3.217158176943699,433,0.0,Sufficient
21186,WHITE DOVE HONEYCOMB PAPER GARLAND,5017,7729.05,13.450402144772118,94.15281501340483,40.35120643431635,134.5040214477212,317,0.0,Sufficient
21187,WHITE BELL HONEYCOMB PAPER GARLAND ,1015,1566.75,2.721179624664879,19.04825737265416,8.163538873994638,27.211796246648795,153,0.0,Sufficient
21188,3D HEARTS  HONEYCOMB PAPER GARLAND,562,1625.1,1.5067024128686326,10.546916890080428,4.520107238605898,15.067024128686327,278,0.0,Sufficient
21189,WHITE HONEYCOMB PAPER GARLAND ,378,594.5,1.0134048257372654,7.093833780160858,3.040214477211796,10.134048257372656,379,0.0,Sufficient
21190,PINK HEARTS PAPER GARLAND,700,1106.0,1.876675603217158,13.136729222520106,5.630026809651474,18.76675603217158,133,0.0,Sufficient
21191,LARGE WHITE HONEYCOMB PAPER BELL  ,850,1607.0600000000002,2.278820375335121,15.951742627345846,6.8364611260053625,22.78820375335121,115,0.0,Sufficient
21192,WHITE BELL HONEYCOMB PAPER ,963,1521.35,2.581769436997319,18.072386058981238,7.745308310991957,25.81769436997319,167,0.0,Sufficient
21193,WHITE HONEYCOMB PAPER FAN ,84,158.36,0.225201072386059,1.576407506702413,0.675603217158177,2.25201072386059,156,0.0,Sufficient
21194,PINK  HONEYCOMB PAPER FAN,65,134.04,0.1742627345844504,1.219839142091153,0.5227882037533512,1.7426273458445043,154,0.0,Sufficient
21195,PINK  HONEYCOMB PAPER BALL ,211,423.42,0.5656836461126006,3.959785522788204,1.6970509383378016,5.656836461126005,129,0.0,Sufficient
21196,ROUND WHITE CONFETTI IN TUBE,69,113.85,0.1849865951742627,1.2949061662198391,0.5549597855227882,1.849865951742628,328,0.0,Sufficient
21197,MULTICOLOUR  CONFETTI IN TUBE,182,300.3,0.4879356568364611,3.415549597855228,1.4638069705093837,4.879356568364612,284,0.0,Sufficient
21198,WHITE HEART CONFETTI IN TUBE,227,374.55,0.6085790884718498,4.260053619302949,1.8257372654155493,6.085790884718498,101,0.0,Sufficient
21199,PINK  HEART CONFETTI IN TUBE,306,504.9,0.8203753351206434,5.742627345844504,2.46112600536193,8.203753351206434,67,0.0,Sufficient
21200,MULTICOLOUR HONEYCOMB PAPER GARLAND,277,451.45,0.7426273458445041,5.198391420911529,2.2278820375335124,7.426273458445041,448,0.0,Sufficient
21201,TROPICAL  HONEYCOMB PAPER GARLAND ,1467,3341.25,3.932975871313673,27.530831099195712,11.79892761394102,39.329758713136734,355,0.0,Sufficient
21202,DOLLY HONEYCOMB GARLAND,367,574.35,0.9839142091152816,6.88739946380697,2.9517426273458445,9.839142091152814,238,0.0,Sufficient
21203,BUTTERFLIES  HONEYCOMB GARLAND,1445,2240.25,3.873994638069705,27.11796246648794,11.621983914209116,38.739946380697056,483,0.0,Sufficient
21204,DAISIES  HONEYCOMB GARLAND ,1059,1646.55,2.839142091152815,19.873994638069703,8.517426273458444,28.391420911528147,126,0.0,Sufficient
21205,MULTICOLOUR 3D BALLS GARLAND,393,937.35,1.0536193029490617,7.375335120643432,3.160857908847185,10.536193029490615,327,0.0,Sufficient
21206,STRAWBERRY HONEYCOMB  GARLAND ,851,1394.55,2.2815013404825737,15.970509383378015,6.844504021447721,22.81501340482573,288,0.0,Sufficient
21207,SKULL AND CROSSBONES  GARLAND ,2513,3828.05,6.737265415549598,47.160857908847184,20.211796246648795,67.37265415549598,136,0.0,Sufficient
21208,PASTEL COLOUR HONEYCOMB FAN,108,178.2,0.289544235924933,2.026809651474531,0.8686327077747991,2.89544235924933,402,0.0,Sufficient
21209,MULTICOLOUR HONEYCOMB FAN,213,349.05,0.5710455764075067,3.997319034852547,1.71313672922252,5.710455764075068,405,0.0,Sufficient
21210,SET OF 72 RETRO SPOT PAPER  DOILIES,9176,12811.0,24.60053619302949,172.20375335120644,73.80160857908848,246.00536193029487,138,108.00536193029492,Reorder
21211,SET OF 72 SKULL PAPER  DOILIES,1520,2069.6,4.075067024128686,28.52546916890081,12.22520107238606,40.75067024128687,67,0.0,Sufficient
21212,PACK OF 72 RETRO SPOT CAKE CASES,57505,27637.06,154.16890080428954,1079.1823056300268,462.5067024128686,1541.6890080428957,131,1410.6890080428957,Reorder
21213,PACK OF 72 SKULL CAKE CASES,24455,11588.57,65.56300268096514,458.941018766756,196.6890080428954,655.6300268096513,10,645.6300268096513,Reorder
21214,SET OF 72 IVORY PAPER DOILIES,1884,2578.2,5.050938337801608,35.356568364611256,15.152815013404826,50.50938337801608,248,0.0,Sufficient
21215, IVORY PAPER CUP CAKE CASES ,3263,1601.99,8.74798927613941,61.23592493297588,26.24396782841823,87.47989276139411,299,0.0,Sufficient
21216,"SET 3 RED SPOT TIN TEA,COFFEE,SUGAR",1698,7867.5,4.552278820375335,31.865951742627345,13.656836461126003,45.52278820375335,105,0.0,Sufficient
21217,RED SPOTTY ROUND CAKE TINS,1744,16611.8,4.6756032171581765,32.72922252010724,14.02680965147453,46.756032171581765,135,0.0,Sufficient
21218,RED SPOTTY BISCUIT TIN,2673,9420.25,7.166219839142091,50.16353887399464,21.498659517426272,71.66219839142092,127,0.0,Sufficient
21219,SET/4 BADGES BALLOON GIRL,535,666.85,1.4343163538873995,10.040214477211796,4.302949061662199,14.343163538873997,57,0.0,Sufficient
21220,SET/4 BADGES DOGS,287,358.75,0.7694369973190348,5.386058981233243,2.3083109919571045,7.694369973190348,98,0.0,Sufficient
21221,SET/4 BADGES CUTE CREATURES,262,327.5,0.7024128686327078,4.916890080428955,2.1072386058981234,7.024128686327078,497,0.0,Sufficient
21222,SET/4 BADGES BEETLES,336,420.0,0.900804289544236,6.305630026809652,2.702412868632708,9.00804289544236,246,0.0,Sufficient
21223,SET/4 BADGES WOODLAND ANIMAL,482,564.5,1.292225201072386,9.045576407506704,3.876675603217158,12.92225201072386,382,0.0,Sufficient
21224,SET/4 SKULL BADGES,1252,1561.2,3.35656836461126,23.49597855227882,10.06970509383378,33.5656836461126,394,0.0,Sufficient
21225,POCKET MIRROR BUTTERFLY ,2,2.5,0.0053619302949061,0.0375335120643431,0.0160857908847185,0.0536193029490616,281,0.0,Sufficient
21226,POCKET MIRROR WOODLAND,115,143.75,0.3083109919571045,2.158176943699732,0.9249329758713136,3.0831099195710454,198,0.0,Sufficient
21228,"POCKET MIRROR ""GLAMOROUS""",90,112.5,0.2412868632707774,1.6890080428954424,0.7238605898123325,2.412868632707774,496,0.0,Sufficient
21231,SWEETHEART CERAMIC TRINKET BOX,12932,15168.64,34.67024128686327,242.6916890080429,104.01072386058982,346.70241286863273,201,145.7024128686327,Reorder
21232,STRAWBERRY CERAMIC TRINKET BOX,25330,29694.86,67.9088471849866,475.3619302949062,203.7265415549598,679.088471849866,456,223.088471849866,Reorder
21238,RED SPOTTY CUP,5212,4252.36,13.973190348525469,97.81233243967829,41.9195710455764,139.7319034852547,78,61.73190348525469,Reorder
21239,PINK  SPOTTY CUP,3964,3232.12,10.627345844504022,74.39142091152816,31.88203753351207,106.27345844504023,287,0.0,Sufficient
21240,BLUE  SPOTTY CUP,3670,2994.7,9.839142091152816,68.87399463806972,29.517426273458447,98.39142091152816,358,0.0,Sufficient
21241,GREEN SPOTTY CUP,2140,1756.6,5.737265415549598,40.160857908847184,17.211796246648795,57.37265415549598,256,0.0,Sufficient
21242,RED SPOTTY PLATE ,3438,5527.98,9.2171581769437,64.5201072386059,27.651474530831106,92.171581769437,460,0.0,Sufficient
21243,PINK  SPOTTY PLATE ,3095,4931.03,8.297587131367292,58.08310991957104,24.892761394101875,82.97587131367291,85,0.0,Sufficient
21244,BLUE  SPOTTY PLATE ,2650,4225.06,7.10455764075067,49.73190348525469,21.31367292225201,71.0455764075067,163,0.0,Sufficient
21245,GREEN  SPOTTY PLATE ,1433,2329.61,3.841823056300268,26.89276139410188,11.525469168900806,38.41823056300268,153,0.0,Sufficient
21246,RED SPOTTY BIG BOWL,449,2205.75,1.2037533512064342,8.42627345844504,3.6112600536193034,12.037533512064345,444,0.0,Sufficient
21247,SET OF RED SALAD SERVERS ,400,596.0,1.0723860589812333,7.506702412868633,3.2171581769437,10.723860589812332,494,0.0,Sufficient
21248,DOOR HANGER  MUM + DADS ROOM,821,921.65,2.201072386058981,15.407506702412867,6.603217158176943,22.01072386058981,95,0.0,Sufficient
21249,WOODLAND  HEIGHT CHART STICKERS ,899,2394.05,2.4101876675603218,16.871313672922252,7.230563002680965,24.10187667560321,194,0.0,Sufficient
21250,SET OF SKULL WALL STICKERS,304,699.4,0.8150134048257373,5.705093833780161,2.445040214477212,8.150134048257373,294,0.0,Sufficient
21251,DINOSAUR HEIGHT CHART STICKER SET,381,966.75,1.021447721179625,7.150134048257373,3.064343163538874,10.214477211796249,471,0.0,Sufficient
21252,SET OF MEADOW  FLOWER STICKERS,161,375.65,0.4316353887399464,3.0214477211796247,1.2949061662198391,4.316353887399464,229,0.0,Sufficient
21253,SET OF PICTURE FRAME  STICKERS,166,426.7000000000001,0.4450402144772118,3.115281501340483,1.3351206434316354,4.450402144772118,78,0.0,Sufficient
21255,"FRENCH BOTTLE , LAVENDER",422,677.1,1.1313672922252012,7.919571045576408,3.3941018766756037,11.31367292225201,56,0.0,Sufficient
21256,"FRENCH BOTTLE, BRASSERIE DES ARTIST",282,446.1,0.7560321715817694,5.292225201072386,2.268096514745308,7.560321715817693,103,0.0,Sufficient
21257,VICTORIAN SEWING BOX MEDIUM,797,5966.150000000001,2.136729222520107,14.95710455764075,6.410187667560321,21.367292225201076,247,0.0,Sufficient
21258,VICTORIAN SEWING BOX LARGE,939,10897.65,2.517426273458445,17.621983914209117,7.552278820375335,25.174262734584453,455,0.0,Sufficient
21259,VICTORIAN SEWING BOX SMALL ,1142,6518.900000000001,3.0616621983914207,21.431635388739945,9.184986595174262,30.616621983914207,462,0.0,Sufficient
21260,FIRST AID TIN,2306,7356.5,6.18230563002681,43.27613941018767,18.54691689008043,61.82305630026809,213,0.0,Sufficient
21261,GREEN GOOSE FEATHER CHRISTMAS TREE ,78,314.1,0.2091152815013404,1.4638069705093837,0.6273458445040214,2.091152815013405,409,0.0,Sufficient
21262,WHITE GOOSE FEATHER CHRISTMAS TREE ,199,671.0500000000001,0.5335120643431636,3.734584450402145,1.6005361930294906,5.335120643431635,227,0.0,Sufficient
21263,GREEN GOOSE FEATHER TREE 60CM,125,267.75,0.3351206434316354,2.345844504021448,1.0053619302949062,3.351206434316354,483,0.0,Sufficient
21264,WHITE GOOSE FEATHER TREE 60CM ,98,287.1,0.2627345844504021,1.8391420911528151,0.7882037533512065,2.6273458445040214,441,0.0,Sufficient
21265,PINK GOOSE FEATHER TREE 60CM,187,420.65,0.5013404825737265,3.5093833780160857,1.5040214477211795,5.013404825737265,350,0.0,Sufficient
21267,VINTAGE PINK TINSEL REEL ,13,27.3,0.03485254691689,0.2439678284182306,0.1045576407506702,0.3485254691689008,48,0.0,Sufficient
21268,VINTAGE BLUE TINSEL REEL,383,209.58,1.0268096514745308,7.187667560321716,3.0804289544235925,10.268096514745308,109,0.0,Sufficient
21269,ANTIQUE CREAM CUTLERY SHELF ,78,663.0,0.2091152815013404,1.4638069705093837,0.6273458445040214,2.091152815013405,298,0.0,Sufficient
21270,ANTIQUE CREAM CUTLERY CUPBOARD,25,318.75,0.067024128686327,0.4691689008042896,0.2010723860589812,0.6702412868632708,263,0.0,Sufficient
21272,SALLE DE BAIN HOOK,1702,2075.54,4.563002680965147,31.94101876675603,13.68900804289544,45.63002680965147,231,0.0,Sufficient
21274,EMBOSSED HEART 3 DRAWER SHELF,159,2012.85,0.4262734584450402,2.983914209115281,1.2788203753351206,4.262734584450402,366,0.0,Sufficient
21275,ZINC TOP  2 DOOR WOODEN SHELF ,233,1325.35,0.6246648793565683,4.372654155495979,1.873994638069705,6.246648793565684,32,0.0,Sufficient
21276,TWO EMBOSSED HEART MINI DRAWERS,676,1544.2,1.8123324396782845,12.68632707774799,5.436997319034853,18.12332439678284,259,0.0,Sufficient
21277,FRENCH STYLE EMBOSSED HEART CABINET,23,504.85,0.0616621983914209,0.4316353887399464,0.1849865951742627,0.6166219839142091,19,0.0,Sufficient
21278,VINTAGE KITCHEN PRINT PUDDINGS,2664,1273.2,7.142091152815014,49.9946380697051,21.42627345844504,71.42091152815014,255,0.0,Sufficient
21279,VINTAGE KITCHEN PRINT FRUITS,3406,1178.1,9.1313672922252,63.91957104557641,27.39410187667561,91.313672922252,334,0.0,Sufficient
21280,VINTAGE KITCHEN PRINT VEGETABLES,3251,1548.45,8.715817694369973,61.010723860589806,26.14745308310992,87.15817694369971,109,0.0,Sufficient
21281,VINTAGE KITCHEN PRINT SEAFOOD,3615,1478.25,9.691689008042896,67.84182305630026,29.075067024128685,96.91689008042894,299,0.0,Sufficient
21282,NATURAL BARK CANDLE LARGE,337,1369.25,0.903485254691689,6.324396782841824,2.7104557640750677,9.034852546916891,189,0.0,Sufficient
21283,NATURAL BARK CANDLE SMALL,491,1496.75,1.3163538873994638,9.214477211796249,3.949061662198392,13.16353887399464,232,0.0,Sufficient
21284,RETRO SPOT CANDLE  SMALL,1109,1155.89,2.973190348525469,20.812332439678283,8.919571045576408,29.73190348525469,403,0.0,Sufficient
21285,RETRO SPOT CANDLE  MEDIUM,624,874.8000000000001,1.672922252010724,11.710455764075068,5.018766756032171,16.72922252010724,259,0.0,Sufficient
21286,RETRO SPOT CANDLE  LARGE,707,1128.45,1.8954423592493297,13.268096514745308,5.686327077747989,18.954423592493296,156,0.0,Sufficient
21287,SCENTED VELVET LOUNGE CANDLE ,2316,1078.44,6.20911528150134,43.46380697050938,18.62734584450402,62.0911528150134,451,0.0,Sufficient
21288,STRIPEY CHOCOLATE NESTING BOXES,604,1346.6,1.6193029490616622,11.335120643431637,4.857908847184986,16.19302949061662,105,0.0,Sufficient
21289,LARGE STRIPES CHOCOLATE GIFT BAG,831,785.15,2.227882037533512,15.595174262734584,6.683646112600536,22.278820375335123,266,0.0,Sufficient
21291,SMALL SPOTTY CHOCOLATE GIFT BAG ,1531,1291.27,4.10455764075067,28.73190348525469,12.31367292225201,41.0455764075067,334,0.0,Sufficient
21292,SMALL STRIPES CHOCOLATE GIFT BAG ,1600,839.68,4.289544235924933,30.026809651474533,12.8686327077748,42.89544235924933,13,29.89544235924933,Reorder
21293,MIRRORED DOVE WALL DECORATION,155,325.5,0.4155495978552279,2.908847184986595,1.2466487935656836,4.155495978552279,25,0.0,Sufficient
21294,ETCHED GLASS COASTER,690,862.5,1.8498659517426272,12.94906166219839,5.549597855227882,18.498659517426272,289,0.0,Sufficient
21298,EDWARDIAN 2 DRAWER WALL CABINET ,52,755.8,0.1394101876675603,0.9758713136729223,0.418230563002681,1.3941018766756033,345,0.0,Sufficient
21299,EDWARDIAN TOILET ROLL UNIT ,161,838.35,0.4316353887399464,3.0214477211796247,1.2949061662198391,4.316353887399464,256,0.0,Sufficient
21300,ANTIQUE EDWARDIAN DRESSER,52,737.4,0.1394101876675603,0.9758713136729223,0.418230563002681,1.3941018766756033,267,0.0,Sufficient
21303,FILIGREE WALL MIRROR  ANTIQUE WHITE,92,848.8,0.2466487935656836,1.7265415549597856,0.739946380697051,2.4664879356568363,485,0.0,Sufficient
21304,ARCHED GREY MIRROR,84,540.6,0.225201072386059,1.576407506702413,0.675603217158177,2.25201072386059,393,0.0,Sufficient
21306,SET/4 DAISY MIRROR MAGNETS,185,140.82,0.4959785522788204,3.4718498659517425,1.487935656836461,4.959785522788204,169,0.0,Sufficient
21307,SET/4 BUTTERFLY MIRROR MAGNETS,649,537.3,1.739946380697051,12.179624664879356,5.219839142091153,17.39946380697051,484,0.0,Sufficient
21308,LOUVRE VANITY MIRROR,129,653.85,0.3458445040214477,2.420911528150134,1.0375335120643432,3.4584450402144773,349,0.0,Sufficient
21309,LOUVRE CHALKBOARD,49,325.6,0.131367292225201,0.9195710455764076,0.3941018766756032,1.3136729222520107,161,0.0,Sufficient
21310,CAPIZ CHANDELIER,4,119.8,0.0107238605898123,0.0750670241286863,0.032171581769437,0.1072386058981233,405,0.0,Sufficient
21311,SET/4 BIRD MIRROR MAGNETS ,236,330.48,0.6327077747989276,4.428954423592494,1.8981233243967828,6.327077747989277,187,0.0,Sufficient
21312,LARGE CHUNKY GLASS ROMAN BOWL,293,1097.75,0.7855227882037533,5.498659517426273,2.35656836461126,7.855227882037534,172,0.0,Sufficient
21313,GLASS HEART T-LIGHT HOLDER ,3116,2323.73,8.353887399463806,58.47721179624664,25.061662198391417,83.53887399463807,389,0.0,Sufficient
21314,SMALL GLASS HEART TRINKET POT,6928,13480.8,18.57372654155496,130.01608579088474,55.72117962466488,185.73726541554964,42,143.73726541554964,Reorder
21316,SMALL CHUNKY GLASS ROMAN  BOWL,521,854.5500000000001,1.3967828418230563,9.777479892761397,4.190348525469169,13.967828418230564,426,0.0,Sufficient
21317,GLASS SPHERE CANDLE STAND MEDIUM,234,670.5,0.6273458445040214,4.39142091152815,1.8820375335120645,6.273458445040214,454,0.0,Sufficient
21318,GLASS CHALICE BLUE SMALL ,258,411.3,0.6916890080428955,4.841823056300268,2.0750670241286864,6.916890080428955,188,0.0,Sufficient
21319,GLASS CHALICE GREEN  SMALL ,327,510.75,0.8766756032171582,6.136729222520107,2.6300268096514747,8.766756032171582,436,0.0,Sufficient
21320,GLASS CHALICE GREEN  LARGE ,172,417.0,0.4611260053619302,3.227882037533512,1.383378016085791,4.611260053619303,110,0.0,Sufficient
21321,GLASS CHALICE BLUE  LARGE ,108,245.25,0.289544235924933,2.026809651474531,0.8686327077747991,2.89544235924933,277,0.0,Sufficient
21322,GLASS SPHERE CANDLE STAND LARGE ,299,562.45,0.8016085790884718,5.611260053619303,2.404825737265416,8.016085790884718,332,0.0,Sufficient
21323,HANGING MEDINA LANTERN LARGE,704,2201.25,1.8873994638069704,13.211796246648792,5.662198391420912,18.873994638069703,74,0.0,Sufficient
21324,HANGING MEDINA LANTERN SMALL,877,2230.75,2.351206434316354,16.458445040214478,7.053619302949062,23.51206434316354,426,0.0,Sufficient
21326,AGED GLASS SILVER T-LIGHT HOLDER,7406,4559.5,19.85522788203753,138.98659517426273,59.5656836461126,198.5522788203753,177,21.55227882037533,Reorder
21327,SKULLS WRITING SET ,992,1634.4,2.6595174262734584,18.616621983914207,7.978552278820375,26.59517426273458,339,0.0,Sufficient
21328,BALLOONS  WRITING SET ,919,1506.75,2.4638069705093835,17.246648793565683,7.391420911528151,24.638069705093837,52,0.0,Sufficient
21329,DINOSAURS  WRITING SET ,1051,1697.19,2.8176943699731902,19.72386058981233,8.453083109919572,28.176943699731904,53,0.0,Sufficient
21330,WOODLAND ANIMAL  WRITING SET ,1357,2133.05,3.6380697050938338,25.46648793565684,10.9142091152815,36.38069705093834,294,0.0,Sufficient
21331,MOROCCAN BEATEN METAL DISH LARGE,93,653.49,0.2493297587131367,1.7453083109919572,0.7479892761394102,2.493297587131368,406,0.0,Sufficient
21332,MOROCCAN BEATEN METAL MIRROR,248,1299.6,0.6648793565683646,4.654155495978552,1.9946380697050936,6.648793565683645,21,0.0,Sufficient
21333,CLASSIC WHITE FRAME,974,2849.3,2.611260053619303,18.27882037533512,7.833780160857909,26.11260053619303,104,0.0,Sufficient
21335,LIBRARY LAMP,36,754.1999999999999,0.0965147453083109,0.675603217158177,0.2895442359249329,0.96514745308311,311,0.0,Sufficient
21336,GOLD WASHBAG,1781,380.99,4.774798927613941,33.42359249329758,14.324396782841823,47.74798927613941,395,0.0,Sufficient
21337,SILVER WASHBAG,30,88.50000000000001,0.0804289544235924,0.5630026809651474,0.2412868632707774,0.8042895442359248,262,0.0,Sufficient
21338,MARAKESH LANTERN SMALL ,196,848.35,0.5254691689008043,3.6782841823056303,1.576407506702413,5.254691689008043,251,0.0,Sufficient
21339,MARAKESH LANTERN LARGE,30,544.5,0.0804289544235924,0.5630026809651474,0.2412868632707774,0.8042895442359248,44,0.0,Sufficient
21340,CLASSIC METAL BIRDCAGE PLANT HOLDER,789,7918.55,2.1152815013404824,14.806970509383376,6.345844504021447,21.152815013404823,224,0.0,Sufficient
21341,KASBAH LANTERN WITH GLASS ,56,250.8,0.1501340482573726,1.0509383378016084,0.4504021447721179,1.5013404825737262,346,0.0,Sufficient
21343,GOLD JEWELERY BOX,20,92.0,0.0536193029490616,0.3753351206434316,0.1608579088471849,0.5361930294906166,99,0.0,Sufficient
21344,MOROCCAN BEATEN METAL DISH,150,568.5000000000001,0.4021447721179624,2.8150134048257374,1.206434316353887,4.021447721179625,273,0.0,Sufficient
21347,GOTHIC CARRIAGE LANTERN,8,47.6,0.0214477211796246,0.1501340482573726,0.064343163538874,0.2144772117962466,102,0.0,Sufficient
21348,PINK SPOTS CHOCOLATE NESTING BOXES ,677,1535.5500000000002,1.8150134048257371,12.70509383378016,5.445040214477212,18.15013404825737,419,0.0,Sufficient
21349,IVY HEART WREATH,486,3152.5,1.3029490616621984,9.120643431635388,3.908847184986595,13.029490616621985,467,0.0,Sufficient
21350,GINGHAM HEART WREATH,224,644.8000000000001,0.6005361930294906,4.203753351206434,1.801608579088472,6.005361930294905,99,0.0,Sufficient
21351,CINAMMON & ORANGE WREATH,918,2572.5,2.46112600536193,17.22788203753351,7.383378016085791,24.611260053619304,427,0.0,Sufficient
21352,EUCALYPTUS & PINECONE  WREATH,445,1208.55,1.193029490616622,8.351206434316353,3.579088471849865,11.930294906166218,124,0.0,Sufficient
21353,SILVER SLEIGHBELL  WREATH,18,143.1,0.0482573726541554,0.3378016085790885,0.1447721179624664,0.4825737265415549,114,0.0,Sufficient
21354,TOAST ITS - BEST MUM,1705,1977.65,4.571045576407506,31.997319034852545,13.71313672922252,45.71045576407506,400,0.0,Sufficient
21355,TOAST ITS - I LOVE YOU ,2633,3109.25,7.058981233243967,49.41286863270777,21.1769436997319,70.58981233243966,205,0.0,Sufficient
21356,TOAST ITS - FAIRY FLOWER,862,1070.3,2.310991957104558,16.176943699731904,6.9329758713136735,23.109919571045577,323,0.0,Sufficient
21357,TOAST ITS - DINOSAUR,1295,1611.67,3.4718498659517425,24.3029490616622,10.415549597855229,34.71849865951742,123,0.0,Sufficient
21358,TOAST ITS - HAPPY BIRTHDAY,715,886.55,1.9168900804289544,13.41823056300268,5.750670241286863,19.168900804289542,84,0.0,Sufficient
21359,RELAX LARGE WOOD LETTERS,76,1170.2,0.2037533512064343,1.4262734584450405,0.6112600536193029,2.037533512064343,422,0.0,Sufficient
21360,JOY LARGE WOOD LETTERS,398,2457.1,1.0670241286863271,7.46916890080429,3.201072386058981,10.67024128686327,385,0.0,Sufficient
21361,LOVE LARGE WOOD LETTERS ,450,5543.1,1.206434316353887,8.445040214477212,3.619302949061662,12.064343163538874,429,0.0,Sufficient
21363,HOME SMALL WOOD LETTERS,725,3588.75,1.9436997319034848,13.605898123324396,5.831099195710456,19.43699731903485,226,0.0,Sufficient
21364,PEACE SMALL WOOD LETTERS,419,2896.65,1.123324396782842,7.863270777479894,3.3699731903485257,11.23324396782842,286,0.0,Sufficient
21365,MIRRORED WALL ART STARS,102,219.3,0.2734584450402145,1.9142091152815013,0.8203753351206435,2.734584450402145,258,0.0,Sufficient
21366,MIRRORED WALL ART PHOTO FRAMES,132,513.0,0.353887399463807,2.4772117962466487,1.061662198391421,3.5388739946380694,173,0.0,Sufficient
21367,MIRRORED WALL ART GENTS,35,48.45,0.0938337801608579,0.6568364611260054,0.2815013404825737,0.938337801608579,403,0.0,Sufficient
21368,MIRRORED WALL ART LADIES,33,43.35,0.0884718498659517,0.6193029490616622,0.2654155495978552,0.8847184986595173,366,0.0,Sufficient
21369,MIRRORED WALL ART SPLODGES,30,52.5,0.0804289544235924,0.5630026809651474,0.2412868632707774,0.8042895442359248,466,0.0,Sufficient
21370,MIRRORED WALL ART FOXY,35,99.85,0.0938337801608579,0.6568364611260054,0.2815013404825737,0.938337801608579,417,0.0,Sufficient
21371,MIRRORED WALL ART POPPIES,93,114.75,0.2493297587131367,1.7453083109919572,0.7479892761394102,2.493297587131368,201,0.0,Sufficient
21372,MIRRORED WALL ART TABLE LAMP,74,117.5,0.1983914209115281,1.388739946380697,0.5951742627345844,1.9839142091152813,236,0.0,Sufficient
21373,MIRRORED WALL ART SNOWFLAKES,122,147.9,0.3270777479892761,2.289544235924933,0.9812332439678284,3.270777479892762,186,0.0,Sufficient
21374,MIRRORED WALL ART SKULLS,164,315.0,0.4396782841823056,3.07774798927614,1.3190348525469169,4.396782841823057,108,0.0,Sufficient
21375,LARGE CAMPHOR WOOD FIELD MUSHROOM ,72,266.4,0.1930294906166219,1.351206434316354,0.5790884718498659,1.93029490616622,45,0.0,Sufficient
21376,LARGE  TALL CAMPHOR WOOD TOADSTOOL ,143,572.9499999999999,0.3833780160857908,2.683646112600536,1.1501340482573723,3.833780160857908,475,0.0,Sufficient
21377,SMALL CAMPHOR WOOD FIELD  MUSHROOM,358,383.1,0.9597855227882036,6.718498659517426,2.879356568364611,9.597855227882036,496,0.0,Sufficient
21378,SMALL TALL CAMPHOR WOOD TOADSTOOL,393,426.45,1.0536193029490617,7.375335120643432,3.160857908847185,10.536193029490615,105,0.0,Sufficient
21379, CAMPHOR WOOD PORTOBELLO MUSHROOM,407,308.41,1.0911528150134049,7.638069705093834,3.2734584450402147,10.911528150134048,161,0.0,Sufficient
21380,WOODEN HAPPY BIRTHDAY GARLAND,2802,7913.1,7.512064343163539,52.584450402144775,22.53619302949062,75.12064343163539,160,0.0,Sufficient
21381,MINI WOODEN HAPPY BIRTHDAY GARLAND,3231,5175.27,8.662198391420912,60.63538873994638,25.98659517426273,86.62198391420911,199,0.0,Sufficient
21382,SET/4 SPRING FLOWER DECORATION,95,280.25000000000006,0.2546916890080429,1.7828418230563003,0.7640750670241288,2.5469168900804293,233,0.0,Sufficient
21383,PACK OF 12 STICKY BUNNIES,1115,712.75,2.989276139410188,20.924932975871315,8.967828418230564,29.89276139410188,46,0.0,Sufficient
21384,IVORY HANGING DECORATION  BUTTERFLY,1733,1466.81,4.646112600536193,32.52278820375335,13.93833780160858,46.46112600536193,277,0.0,Sufficient
21385,IVORY HANGING DECORATION  HEART,6663,5435.79,17.863270777479894,125.04289544235924,53.58981233243968,178.63270777479892,378,0.0,Sufficient
21386,IVORY HANGING DECORATION  EGG,408,343.68,1.093833780160858,7.656836461126006,3.281501340482574,10.93833780160858,192,0.0,Sufficient
21387,IVORY HANGING DECORATION  RABBIT,25,21.25,0.067024128686327,0.4691689008042896,0.2010723860589812,0.6702412868632708,22,0.0,Sufficient
21388,IVORY HANGING DECORATION  CHICKEN,287,243.95,0.7694369973190348,5.386058981233243,2.3083109919571045,7.694369973190348,288,0.0,Sufficient
21389,IVORY HANGING DECORATION  BIRD,1138,964.18,3.0509383378016084,21.35656836461126,9.152815013404826,30.50938337801609,226,0.0,Sufficient
21390,FILIGRIS HEART WITH BUTTERFLY,6874,8346.26,18.428954423592494,129.00268096514745,55.28686327077748,184.2895442359249,364,0.0,Sufficient
21391,FRENCH EMROIDR LAVENDER SCENT HEART,327,686.7,0.8766756032171582,6.136729222520107,2.6300268096514747,8.766756032171582,370,0.0,Sufficient
21392,RED SPOTTY PUDDING BOWL,7497,1366.38,20.099195710455763,140.69436997319033,60.297587131367294,200.99195710455763,295,0.0,Sufficient
21393,BLUE  SPOTTY PUDDING BOWL,5216,1119.36,13.983914209115282,97.88739946380696,41.95174262734584,139.8391420911528,282,0.0,Sufficient
21394,RED SPOTTY BEAKER ,139,256.65,0.3726541554959786,2.60857908847185,1.1179624664879355,3.726541554959786,378,0.0,Sufficient
21395,BLUE SPOTTY BEAKER ,126,245.7,0.3378016085790885,2.3646112600536195,1.0134048257372654,3.378016085790885,71,0.0,Sufficient
21396,RED SPOTTY EGG CUP ,909,1081.53,2.4369973190348526,17.05898123324397,7.310991957104558,24.369973190348528,93,0.0,Sufficient
21397,BLUE  SPOTTY EGG CUP ,1008,1205.28,2.702412868632708,18.91689008042896,8.107238605898123,27.02412868632708,377,0.0,Sufficient
21398,RED  SPOTTY COFFEE  MUG,737,1392.3,1.9758713136729225,13.831099195710456,5.927613941018767,19.758713136729224,226,0.0,Sufficient
21399,BLUE  SPOTTY  COFFEE MUG,307,611.1,0.8230563002680965,5.761394101876675,2.4691689008042896,8.230563002680965,351,0.0,Sufficient
21400,RED PUDDING SPOON,190,79.8,0.5093833780160858,3.5656836461126007,1.5281501340482575,5.093833780160859,406,0.0,Sufficient
21401,BLUE PUDDING SPOON,384,161.28,1.029490616621984,7.206434316353888,3.088471849865952,10.29490616621984,196,0.0,Sufficient
21402,RED  EGG  SPOON,299,125.58,0.8016085790884718,5.611260053619303,2.404825737265416,8.016085790884718,28,0.0,Sufficient
21403,BLUE EGG  SPOON,433,181.86,1.160857908847185,8.126005361930297,3.4825737265415557,11.608579088471853,186,0.0,Sufficient
21407,BROWN CHECK CAT DOORSTOP ,907,3692.25,2.4316353887399464,17.021447721179626,7.294906166219839,24.316353887399465,109,0.0,Sufficient
21408,SPOTTY PINK DUCK DOORSTOP,362,1277.58,0.970509383378016,6.793565683646112,2.911528150134048,9.70509383378016,405,0.0,Sufficient
21409,SPOTTY COCKEREL DOORSTOP,1,4.25,0.002680965147453,0.0187667560321715,0.0080428954423592,0.0268096514745308,454,0.0,Sufficient
21410,COUNTRY COTTAGE  DOORSTOP GREEN,259,1036.75,0.6943699731903485,4.86058981233244,2.0831099195710454,6.943699731903485,242,0.0,Sufficient
21411,GINGHAM HEART  DOORSTOP RED,1252,4872.88,3.35656836461126,23.49597855227882,10.06970509383378,33.5656836461126,412,0.0,Sufficient
21412,VINTAGE GOLD TINSEL REEL,233,111.3,0.6246648793565683,4.372654155495979,1.873994638069705,6.246648793565684,85,0.0,Sufficient
21413,PERIWINKLE T-LIGHT HOLDER,3099,1018.35,8.308310991957105,58.158176943699736,24.924932975871315,83.08310991957106,274,0.0,Sufficient
21414,SCALLOP SHELL SOAP DISH,1613,777.3,4.324396782841824,30.270777479892764,12.97319034852547,43.24396782841824,464,0.0,Sufficient
21415,CLAM SHELL SMALL ,120,242.16000000000005,0.3217158176943699,2.252010723860589,0.96514745308311,3.217158176943699,293,0.0,Sufficient
21416,CLAM SHELL LARGE,742,557.7,1.989276139410188,13.924932975871316,5.967828418230563,19.89276139410188,215,0.0,Sufficient
21417,COCKLE SHELL DISH,136,284.1,0.3646112600536193,2.552278820375335,1.093833780160858,3.646112600536193,232,0.0,Sufficient
21418,STARFISH SOAP DISH,102,260.1,0.2734584450402145,1.9142091152815013,0.8203753351206435,2.734584450402145,393,0.0,Sufficient
21419,CONCH SHELL,1252,535.8,3.35656836461126,23.49597855227882,10.06970509383378,33.5656836461126,61,0.0,Sufficient
21420,OYSTER TRINKET BOX,67,211.75,0.1796246648793565,1.257372654155496,0.5388739946380697,1.796246648793566,348,0.0,Sufficient
21421,PORCELAIN ROSE LARGE ,1484,1734.16,3.9785522788203753,27.84986595174263,11.935656836461126,39.78552278820376,376,0.0,Sufficient
21422,PORCELAIN ROSE SMALL,1539,1266.55,4.126005361930295,28.88203753351206,12.378016085790884,41.260053619302944,153,0.0,Sufficient
21424,WOODLAND STORAGE BOX LARGE ,555,1127.49,1.4879356568364612,10.415549597855229,4.463806970509384,14.879356568364614,382,0.0,Sufficient
21425,SKULLS STORAGE BOX LARGE,383,740.09,1.0268096514745308,7.187667560321716,3.0804289544235925,10.268096514745308,78,0.0,Sufficient
21426,WOODLAND STORAGE BOX SMALL,750,929.4,2.0107238605898123,14.075067024128684,6.032171581769437,20.10723860589812,108,0.0,Sufficient
21427,SKULLS STORAGE BOX SMALL,373,551.7,1.0,7.0,3.0,10.0,405,0.0,Sufficient
21428,SET3 BOOK BOX GREEN GINGHAM FLOWER ,1703,6620.75,4.565683646112601,31.95978552278821,13.697050938337805,45.656836461126005,34,11.656836461126003,Reorder
21429,RED GINGHAM ROSE JEWELLERY BOX,4494,7280.7,12.048257372654156,84.3378016085791,36.14477211796247,120.48257372654156,445,0.0,Sufficient
21430,SET/3 RED GINGHAM ROSE STORAGE BOX,1590,5779.14,4.262734584450402,29.83914209115281,12.788203753351205,42.62734584450402,388,0.0,Sufficient
21431,GREEN GINGHAM FLOWER JEWELLERY BOX,1412,2281.8,3.785522788203753,26.498659517426272,11.35656836461126,37.85522788203753,478,0.0,Sufficient
21432,SET OF 3 CASES WOODLAND DESIGN,927,5298.650000000001,2.485254691689008,17.396782841823057,7.455764075067025,24.852546916890084,493,0.0,Sufficient
21437,24 HANGING EASTER EGGS FLORAL TUB,654,2222.1,1.7533512064343164,12.273458445040214,5.2600536193029495,17.533512064343164,62,0.0,Sufficient
21438,TUB 24 HANGING EASTER EGGS SPOTTY,360,1177.2,0.96514745308311,6.7560321715817695,2.89544235924933,9.6514745308311,160,0.0,Sufficient
21439,BASKET OF TOADSTOOLS,825,1031.25,2.211796246648793,15.482573726541554,6.6353887399463805,22.11796246648793,153,0.0,Sufficient
21440,12 MINI TOADSTOOL PEGS,465,581.25,1.2466487935656836,8.726541554959786,3.7399463806970505,12.466487935656836,66,0.0,Sufficient
21441,BLUE BIRDHOUSE DECORATION,491,327.11,1.3163538873994638,9.214477211796249,3.949061662198392,13.16353887399464,48,0.0,Sufficient
21442,GREEN BIRDHOUSE DECORATION,497,332.21,1.3324396782841823,9.327077747989277,3.9973190348525462,13.324396782841823,118,0.0,Sufficient
21443,OLIVE CHALET BIRDFEEDER,251,681.25,0.6729222520107239,4.710455764075067,2.018766756032172,6.729222520107238,190,0.0,Sufficient
21444,BLUE CHALET BIRDFEEDER,273,763.75,0.7319034852546917,5.123324396782842,2.1957104557640754,7.319034852546918,51,0.0,Sufficient
21445,12 PINK ROSE PEG PLACE SETTINGS,1260,1486.08,3.3780160857908847,23.646112600536192,10.134048257372656,33.78016085790885,195,0.0,Sufficient
21446,12 RED ROSE PEG PLACE SETTINGS,767,949.63,2.0563002680965146,14.394101876675602,6.168900804289544,20.56300268096515,432,0.0,Sufficient
21447,12 IVORY ROSE PEG PLACE SETTINGS,1647,1969.83,4.415549597855228,30.908847184986595,13.246648793565685,44.15549597855228,407,0.0,Sufficient
21448,12 DAISY PEGS IN WOOD BOX,576,950.4,1.5442359249329758,10.809651474530831,4.632707774798927,15.442359249329758,232,0.0,Sufficient
21450,DISTRESSED CANDLE STICK WHITE,13,77.35,0.03485254691689,0.2439678284182306,0.1045576407506702,0.3485254691689008,131,0.0,Sufficient
21452,TOADSTOOL MONEY BOX,1080,3126.0000000000005,2.89544235924933,20.26809651474531,8.68632707774799,28.9544235924933,142,0.0,Sufficient
21454,PAINTED PINK RABBIT ,302,256.7,0.8096514745308311,5.6675603217158175,2.428954423592493,8.09651474530831,172,0.0,Sufficient
21455,PAINTED YELLOW WOODEN DAISY,231,196.35,0.6193029490616622,4.335120643431635,1.8579088471849865,6.193029490616621,224,0.0,Sufficient
21456,2 PICTURE BOOK EGGS EASTER CHICKS,557,531.25,1.4932975871313674,10.453083109919572,4.479892761394102,14.932975871313673,230,0.0,Sufficient
21457,2 PICTURE BOOK EGGS EASTER DUCKS,548,520.0,1.4691689008042896,10.284182305630027,4.407506702412869,14.691689008042896,244,0.0,Sufficient
21458,2 PICTURE BOOK EGGS EASTER BUNNY,560,535.0,1.5013404825737264,10.509383378016086,4.504021447721179,15.013404825737265,340,0.0,Sufficient
21459,YELLOW EASTER EGG HUNT START POST,175,319.65,0.4691689008042895,3.2841823056300266,1.4075067024128685,4.691689008042895,155,0.0,Sufficient
21460,GREEN EASTER EGG HUNT START POST,70,136.5,0.1876675603217158,1.3136729222520107,0.5630026809651474,1.876675603217158,248,0.0,Sufficient
21461,BLUE EASTER EGG HUNT START POST,69,134.54999999999998,0.1849865951742627,1.2949061662198391,0.5549597855227882,1.849865951742628,85,0.0,Sufficient
21462,"NURSERY A,B,C PAINTED LETTERS",211,1411.45,0.5656836461126006,3.959785522788204,1.6970509383378016,5.656836461126005,18,0.0,Sufficient
21463,MIRRORED DISCO BALL ,699,3766.7,1.873994638069705,13.117962466487937,5.621983914209115,18.73994638069705,83,0.0,Sufficient
21464,DISCO BALL ROTATOR BATTERY OPERATED,310,1316.5,0.8310991957104558,5.81769436997319,2.493297587131367,8.310991957104557,451,0.0,Sufficient
21465,PINK FLOWER CROCHET FOOD COVER,504,1736.4,1.351206434316354,9.458445040214478,4.053619302949062,13.51206434316354,410,0.0,Sufficient
21466,RED FLOWER CROCHET FOOD COVER,566,2112.9,1.517426273458445,10.621983914209114,4.552278820375335,15.174262734584447,262,0.0,Sufficient
21467,CHERRY CROCHET FOOD COVER,740,2106.6,1.9839142091152813,13.88739946380697,5.951742627345844,19.839142091152816,239,0.0,Sufficient
21468,BUTTERFLY CROCHET FOOD COVER,498,1675.5,1.3351206434316354,9.345844504021448,4.005361930294907,13.351206434316357,16,0.0,Sufficient
21469,POLKA DOT RAFFIA FOOD COVER,849,2236.95,2.2761394101876675,15.932975871313673,6.828418230563003,22.761394101876675,183,0.0,Sufficient
21470,FLOWER VINE RAFFIA FOOD COVER,689,2468.55,1.8471849865951744,12.93029490616622,5.541554959785523,18.471849865951743,150,0.0,Sufficient
21471,STRAWBERRY RAFFIA FOOD COVER,740,2659.8,1.9839142091152813,13.88739946380697,5.951742627345844,19.839142091152816,177,0.0,Sufficient
21472,LADYBIRD + BEE RAFFIA FOOD COVER,889,3256.95,2.383378016085791,16.683646112600535,7.150134048257373,23.833780160857906,179,0.0,Sufficient
21473,SWEETHEART CREAM STEEL TABLE RECT,127,2533.65,0.3404825737265415,2.383378016085791,1.021447721179625,3.404825737265416,402,0.0,Sufficient
21474,SWEETHEART CREAM STEEL FOLDIN BENCH,203,4049.85,0.5442359249329759,3.809651474530831,1.6327077747989276,5.442359249329758,443,0.0,Sufficient
21475,SWEETHEART CREAM STEEL FOLDIN CHAIR,1,14.95,0.002680965147453,0.0187667560321715,0.0080428954423592,0.0268096514745308,292,0.0,Sufficient
21476,STEEL SWEETHEART ROUND TABLE CREAM,96,1400.55,0.257372654155496,1.801608579088472,0.772117962466488,2.57372654155496,131,0.0,Sufficient
21477,STRING OF 20 ROSE LIGHTS,262,2962.5,0.7024128686327078,4.916890080428955,2.1072386058981234,7.024128686327078,203,0.0,Sufficient
21478,SILVER SKULL HOT WATER BOTTLE ,179,662.61,0.4798927613941018,3.359249329758713,1.4396782841823057,4.798927613941018,14,0.0,Sufficient
21479,WHITE SKULL HOT WATER BOTTLE ,2217,8050.23,5.943699731903485,41.6058981233244,17.831099195710454,59.436997319034845,38,21.436997319034845,Reorder
21480,PINK STRIPE HOT WATER BOTTLE,245,679.5500000000001,0.6568364611260054,4.597855227882038,1.970509383378016,6.568364611260054,174,0.0,Sufficient
21481,FAWN BLUE HOT WATER BOTTLE,4893,13398.35,13.117962466487937,91.82573726541554,39.3538873994638,131.17962466487933,431,0.0,Sufficient
21482,MUSHROOM BLUE HOT WATER BOTTLE,665,1889.75,1.7828418230563003,12.479892761394105,5.3485254691689015,17.828418230563003,348,0.0,Sufficient
21484,CHICK GREY HOT WATER BOTTLE,2678,8759.1,7.1796246648793565,50.257372654155496,21.53887399463807,71.79624664879357,145,0.0,Sufficient
21485,RED SPOT HEART HOT WATER BOTTLE,4181,19476.55,11.20911528150134,78.46380697050938,33.62734584450402,112.0911528150134,374,0.0,Sufficient
21486,PINK HEART DOTS HOT WATER BOTTLE,841,2466.87,2.254691689008043,15.7828418230563,6.7640750670241285,22.54691689008043,330,0.0,Sufficient
21488,RED WHITE SCARF  HOT WATER BOTTLE,2157,7914.150000000001,5.7828418230563,40.4798927613941,17.348525469168898,57.828418230563,351,0.0,Sufficient
21489,BLUE WHITE SCARF HOT WATER BOTTLE,16,63.2,0.0428954423592493,0.3002680965147453,0.128686327077748,0.4289544235924932,154,0.0,Sufficient
21490,SET OF THREE 50'S GIFT WRAPS ,598,1047.6,1.6032171581769437,11.222520107238603,4.809651474530831,16.032171581769436,336,0.0,Sufficient
21491,SET OF THREE VINTAGE GIFT WRAPS,2827,5167.049999999999,7.579088471849866,53.053619302949066,22.7372654155496,75.79088471849866,226,0.0,Sufficient
21493, VINTAGE DESIGN GIFT TAGS,247,209.95,0.6621983914209115,4.6353887399463805,1.9865951742627344,6.621983914209115,310,0.0,Sufficient
21494,ROTATING LEAVES T-LIGHT HOLDER,1661,2125.55,4.453083109919571,31.171581769436997,13.359249329758711,44.53083109919571,141,0.0,Sufficient
21495,SKULLS WRAP,6665,2763.3,17.8686327077748,125.0804289544236,53.6058981233244,178.68632707774802,301,0.0,Sufficient
21496,WOODLAND CREATURES  WRAP,25,10.5,0.067024128686327,0.4691689008042896,0.2010723860589812,0.6702412868632708,79,0.0,Sufficient
21497,FANCY FONTS BIRTHDAY WRAP,8975,3579.5,24.06166219839142,168.43163538873995,72.18498659517427,240.61662198391423,261,0.0,Sufficient
21498,RED SPOTS  WRAP ,16550,6667.0,44.36997319034853,310.5898123324397,133.10991957104557,443.69973190348526,424,19.699731903485254,Reorder
21499,BLUE SPOTS  WRAP,8475,3377.5,22.72117962466488,159.04825737265418,68.16353887399464,227.2117962466488,284,0.0,Sufficient
21500,PINK SPOTS  WRAP ,9675,3875.5,25.93833780160858,181.56836461126005,77.81501340482573,259.38337801608577,454,0.0,Sufficient
21503,TOYBOX  WRAP ,1075,451.5,2.8820375335120643,20.17426273458445,8.646112600536192,28.82037533512064,373,0.0,Sufficient
21504,SKULLS GREETING CARD,3038,1214.76,8.144772117962466,57.01340482573726,24.4343163538874,81.44772117962466,191,0.0,Sufficient
21506,"FANCY FONT BIRTHDAY CARD, ",6038,2415.7200000000003,16.187667560321717,113.31367292225202,48.56300268096516,161.87667560321717,176,0.0,Sufficient
21507,"ELEPHANT, BIRTHDAY CARD, ",4860,1956.24,13.029490616621985,91.20643431635388,39.088471849865954,130.29490616621985,100,30.29490616621985,Reorder
21508,VINTAGE KID DOLLY CARD ,4151,1669.26,11.128686327077748,77.90080428954424,33.38605898123325,111.28686327077747,211,0.0,Sufficient
21509,COWBOYS AND INDIANS BIRTHDAY CARD ,4982,1995.24,13.35656836461126,93.4959785522788,40.069705093833775,133.56568364611255,355,0.0,Sufficient
21511,VINTAGE COLLAGE  GREETING  CARD ,40,16.8,0.1072386058981233,0.7506702412868633,0.3217158176943699,1.0723860589812333,28,0.0,Sufficient
21518,BANK ACCOUNT  GREETING  CARD ,763,314.7,2.045576407506702,14.319034852546917,6.136729222520106,20.455764075067023,48,0.0,Sufficient
21519,GIN & TONIC DIET GREETING CARD ,3896,1588.08,10.445040214477212,73.11528150134048,31.33512064343164,104.45040214477211,135,0.0,Sufficient
21520,BOOZE & WOMEN GREETING CARD ,469,195.54,1.257372654155496,8.801608579088471,3.772117962466488,12.573726541554958,460,0.0,Sufficient
21523,FANCY FONT HOME SWEET HOME DOORMAT,3578,22511.72,9.592493297587133,67.14745308310992,28.77747989276139,95.92493297587131,182,0.0,Sufficient
21524,SPOTTY  HOME SWEET HOME DOORMAT,3460,21508.22,9.276139410187668,64.93297587131367,27.828418230563003,92.76139410187668,150,0.0,Sufficient
21525,BEWARE OF THE CAT DOORMAT,2,13.5,0.0053619302949061,0.0375335120643431,0.0160857908847185,0.0536193029490616,251,0.0,Sufficient
21527,RETRO SPOT TRADITIONAL TEAPOT ,2831,20057.49,7.589812332439679,53.12868632707775,22.76943699731904,75.89812332439679,229,0.0,Sufficient
21528,DAIRY MAID TRADITIONAL TEAPOT ,659,3756.25,1.7667560321715818,12.367292225201073,5.3002680965147455,17.66756032171582,135,0.0,Sufficient
21529,RETRO SPOT CERAMIC TOASTRACK,462,1548.9,1.2386058981233243,8.67024128686327,3.715817694369973,12.386058981233242,67,0.0,Sufficient
21530,DAIRY MAID CERAMIC TOASTRACK,162,470.7000000000001,0.4343163538873995,3.0402144772117965,1.3029490616621984,4.343163538873995,157,0.0,Sufficient
21531,RETRO SPOT SUGAR JAM BOWL,2471,5909.55,6.624664879356568,46.37265415549598,19.873994638069703,66.24664879356568,485,0.0,Sufficient
21532,DAIRY MAID SUGAR JAM BOWL,1372,1358.4,3.67828418230563,25.747989276139407,11.03485254691689,36.782841823056295,465,0.0,Sufficient
21533,RETRO SPOT LARGE MILK JUG,1930,9136.3,5.174262734584451,36.21983914209115,15.522788203753352,51.7426273458445,326,0.0,Sufficient
21534,DAIRY MAID LARGE MILK JUG,533,2522.85,1.4289544235924934,10.002680965147452,4.28686327077748,14.289544235924932,392,0.0,Sufficient
21535,RETRO SPOT SMALL MILK JUG,4132,10077.6,11.07774798927614,77.54423592493298,33.233243967828415,110.7774798927614,370,0.0,Sufficient
21536,DAIRY MAID  SMALL  MILK JUG,215,451.5,0.5764075067024129,4.03485254691689,1.7292225201072386,5.7640750670241285,432,0.0,Sufficient
21537,RETRO SPOTS PUDDING BOWL,681,2841.25,1.8257372654155497,12.780160857908848,5.4772117962466496,18.257372654155496,10,8.257372654155496,Reorder
21538,DAIRY MAID  PUDDING BOWL,1296,1860.0,3.474530831099196,24.32171581769437,10.423592493297589,34.74530831099196,396,0.0,Sufficient
21539,RETRO SPOTS BUTTER DISH,1683,7894.05,4.512064343163539,31.58445040214477,13.536193029490615,45.12064343163539,470,0.0,Sufficient
21540,DAIRY MAID CERAMIC BUTTER DISH,1298,2195.5,3.479892761394102,24.359249329758715,10.439678284182309,34.79892761394102,357,0.0,Sufficient
21541,DINOSAURS WATER TRANSFER TATTOOS ,1782,1469.9,4.777479892761394,33.44235924932976,14.332439678284182,47.77479892761394,199,0.0,Sufficient
21542,WOODLAND WATER TRANSFER TATTOOS ,1748,1443.4,4.686327077747989,32.80428954423592,14.058981233243966,46.86327077747988,200,0.0,Sufficient
21543,BUTTERFLY WATER TRANSFER TATTOOS ,267,186.95,0.7158176943699732,5.010723860589812,2.1474530831099194,7.158176943699732,378,0.0,Sufficient
21544,SKULLS  WATER TRANSFER TATTOOS ,3932,3123.0,10.541554959785524,73.79088471849866,31.624664879356573,105.41554959785525,418,0.0,Sufficient
21545,CERAMIC BIRDHOUSE BUTTERFLY SMALL,678,1527.05,1.8176943699731904,12.723860589812332,5.453083109919572,18.176943699731904,321,0.0,Sufficient
21547,CERAMIC BIRDHOUSE CRESTED TIT SMALL,620,1473.65,1.6621983914209115,11.63538873994638,4.986595174262734,16.621983914209114,426,0.0,Sufficient
21548,CERAMIC BIRDHOUSE FINCH BLUE ROOF,641,1535.6,1.7184986595174263,12.029490616621985,5.155495978552279,17.184986595174266,431,0.0,Sufficient
21549,CERAMIC BIRDHOUSE RED ROOF SMALL,539,1222.85,1.445040214477212,10.115281501340483,4.335120643431636,14.45040214477212,126,0.0,Sufficient
21550,CERAMIC BIRDHOUSE CRESTED TIT LARGE,285,1437.75,0.7640750670241286,5.348525469168901,2.292225201072386,7.640750670241287,143,0.0,Sufficient
21551,CERAMIC BIRDHOUSE BUTTERFLY LARGE,165,772.95,0.4423592493297587,3.096514745308311,1.327077747989276,4.423592493297587,67,0.0,Sufficient
21552,CERAMIC BIRDHOUSE BLACK ROSE  LARGE,162,805.6500000000001,0.4343163538873995,3.0402144772117965,1.3029490616621984,4.343163538873995,53,0.0,Sufficient
21553,CERAMIC BIRDHOUSE FINCH BLUE  LARGE,75,393.6,0.2010723860589812,1.407506702412869,0.6032171581769437,2.0107238605898123,182,0.0,Sufficient
21554,CERAMIC BIRDHOUSE RED ROOF LARGE,163,729.85,0.4369973190348525,3.058981233243968,1.3109919571045576,4.369973190348525,169,0.0,Sufficient
21555,CERAMIC STRAWBERRY TRINKET TRAY,267,659.25,0.7158176943699732,5.010723860589812,2.1474530831099194,7.158176943699732,182,0.0,Sufficient
21556,CERAMIC STRAWBERRY MONEY BOX,581,1459.95,1.5576407506702412,10.903485254691688,4.672922252010723,15.576407506702411,326,0.0,Sufficient
21557,SET OF 6 FUNKY BEAKERS,323,945.65,0.8659517426273459,6.061662198391421,2.5978552278820377,8.659517426273458,312,0.0,Sufficient
21558,SKULL LUNCHBOX WITH CUTLERY ,1961,4680.15,5.257372654155496,36.80160857908847,15.772117962466488,52.57372654155496,158,0.0,Sufficient
21559,STRAWBERRY LUNCHBOX WITH CUTLERY,4170,9902.7,11.179624664879356,78.2573726541555,33.538873994638074,111.79624664879358,89,22.796246648793584,Reorder
21561,DINOSAUR LUNCHBOX WITH CUTLERY,1644,3970.8,4.407506702412869,30.852546916890084,13.222520107238608,44.07506702412869,383,0.0,Sufficient
21562,HAWAIIAN GRASS SKIRT ,345,558.36,0.9249329758713136,6.474530831099195,2.774798927613941,9.249329758713136,222,0.0,Sufficient
21563,RED HEART SHAPE LOVE BUCKET ,1354,3850.3,3.6300268096514743,25.41018766756032,10.890080428954423,36.30026809651474,212,0.0,Sufficient
21564,PINK  HEART SHAPE LOVE BUCKET ,895,2592.2500000000005,2.399463806970509,16.796246648793566,7.198391420911529,23.994638069705097,261,0.0,Sufficient
21576,LETS GO SHOPPING COTTON TOTE BAG,433,950.25,1.160857908847185,8.126005361930297,3.4825737265415557,11.608579088471853,238,0.0,Sufficient
21577,SAVE THE PLANET COTTON TOTE BAG,1687,3471.75,4.522788203753351,31.65951742627346,13.568364611260057,45.22788203753352,173,0.0,Sufficient
21578,WOODLAND DESIGN  COTTON TOTE BAG,1334,2983.5,3.576407506702413,25.03485254691689,10.72922252010724,35.76407506702413,236,0.0,Sufficient
21579,LOLITA  DESIGN  COTTON TOTE BAG,815,1016.15,2.184986595174262,15.29490616621984,6.554959785522788,21.84986595174263,156,0.0,Sufficient
21580,RABBIT  DESIGN  COTTON TOTE BAG,279,609.75,0.7479892761394102,5.235924932975872,2.2439678284182305,7.479892761394102,29,0.0,Sufficient
21581,SKULLS  DESIGN  COTTON TOTE BAG,874,1139.9,2.3431635388739944,16.40214477211796,7.029490616621983,23.43163538873994,450,0.0,Sufficient
21582,KINGS CHOICE SMALL TUBE MATCHES,117,193.05,0.3136729222520107,2.195710455764075,0.941018766756032,3.136729222520107,411,0.0,Sufficient
21584,RETRO SPOT SMALL TUBE MATCHES,2774,4432.3,7.436997319034853,52.05898123324397,22.31099195710456,74.36997319034853,56,18.36997319034853,Reorder
21585,SWALLOW SMALL TUBE MATCHES,1,1.65,0.002680965147453,0.0187667560321715,0.0080428954423592,0.0268096514745308,242,0.0,Sufficient
21586,KINGS CHOICE GIANT TUBE MATCHES,1910,4453.8,5.120643431635389,35.844504021447726,15.361930294906166,51.20643431635389,314,0.0,Sufficient
21587,COSY HOUR GIANT TUBE MATCHES,1988,4961.4,5.329758713136729,37.30831099195711,15.989276139410189,53.297587131367294,23,30.29758713136729,Reorder
21588,RETRO SPOT GIANT  TUBE MATCHES,1896,4405.5,5.083109919571045,35.58176943699732,15.249329758713136,50.83109919571046,152,0.0,Sufficient
21589,SWALLOW GIANT TUBE MATCHES,1115,2573.25,2.989276139410188,20.924932975871315,8.967828418230564,29.89276139410188,424,0.0,Sufficient
21590,KINGS CHOICE CIGAR BOX MATCHES ,3438,4128.78,9.2171581769437,64.5201072386059,27.651474530831106,92.171581769437,10,82.17158176943701,Reorder
21591,COSY HOUR CIGAR BOX MATCHES ,2248,2805.44,6.02680965147453,42.187667560321714,18.080428954423592,60.26809651474531,382,0.0,Sufficient
21592,RETRO SPOT  CIGAR BOX MATCHES ,3818,4517.14,10.235924932975871,71.6514745308311,30.707774798927616,102.35924932975873,63,39.35924932975871,Reorder
21593,SWALLOW CIGAR BOX MATCHES ,1390,1628.06,3.726541554959785,26.0857908847185,11.179624664879356,37.265415549597854,383,0.0,Sufficient
21609,SET 12 LAVENDER  BOTANICAL T-LIGHTS,740,2096.6000000000004,1.9839142091152813,13.88739946380697,5.951742627345844,19.839142091152816,268,0.0,Sufficient
21610,SET 12 PEAR BOTANICAL T-LIGHTS,529,1493.35,1.418230563002681,9.927613941018768,4.254691689008043,14.18230563002681,153,0.0,Sufficient
21611,SET OF 12 LILY BOTANICAL T-LIGHTS,735,2110.65,1.970509383378016,13.793565683646111,5.911528150134048,19.70509383378016,480,0.0,Sufficient
21612,SET 12 WILDFLOWER BOTANICAL T-LIGHT,676,1912.6,1.8123324396782845,12.68632707774799,5.436997319034853,18.12332439678284,450,0.0,Sufficient
21613,S/12 VANILLA  BOTANICAL T-LIGHTS,403,1181.65,1.0804289544235923,7.563002680965148,3.2412868632707776,10.804289544235926,468,0.0,Sufficient
21614,SET OF 12 ROSE BOTANICAL T-LIGHTS,1559,4311.05,4.1796246648793565,29.257372654155496,12.53887399463807,41.79624664879357,21,20.79624664879357,Reorder
21615,4 LAVENDER BOTANICAL DINNER CANDLES,283,983.25,0.7587131367292225,5.310991957104557,2.2761394101876675,7.587131367292224,339,0.0,Sufficient
21616,4 PEAR BOTANICAL DINNER CANDLES,337,1188.75,0.903485254691689,6.324396782841824,2.7104557640750677,9.034852546916891,233,0.0,Sufficient
21617,4 LILY  BOTANICAL DINNER CANDLES,324,1182.0,0.868632707774799,6.080428954423593,2.6058981233243967,8.68632707774799,281,0.0,Sufficient
21618,4 WILDFLOWER BOTANICAL CANDLES,296,1059.0,0.7935656836461126,5.554959785522788,2.3806970509383376,7.935656836461126,465,0.0,Sufficient
21619,4 VANILLA BOTANICAL CANDLES,156,585.0,0.4182305630026809,2.927613941018767,1.2546916890080428,4.18230563002681,367,0.0,Sufficient
21620,S/4 ROSE    BOTANICAL  CANDLE,205,765.75,0.5495978552278821,3.8471849865951744,1.648793565683646,5.495978552278821,469,0.0,Sufficient
21621,VINTAGE UNION JACK BUNTING,3990,33750.96,10.6970509383378,74.87935656836461,32.0911528150134,106.97050938337802,417,0.0,Sufficient
21622,VINTAGE UNION JACK CUSHION COVER,3188,16883.72,8.546916890080428,59.828418230563,25.640750670241285,85.46916890080429,165,0.0,Sufficient
21623,VINTAGE UNION JACK MEMOBOARD,3902,28746.54,10.46112600536193,73.2278820375335,31.38337801608579,104.61126005361928,382,0.0,Sufficient
21624,VINTAGE UNION JACK DOORSTOP,1518,8868.58,4.06970509383378,28.48793565683646,12.20911528150134,40.6970509383378,17,23.6970509383378,Reorder
21625,VINTAGE UNION JACK APRON,553,3643.35,1.482573726541555,10.378016085790886,4.447721179624665,14.825737265415553,131,0.0,Sufficient
21626,VINTAGE UNION JACK PENNANT,686,1337.6999999999998,1.839142091152815,12.873994638069703,5.517426273458445,18.391420911528147,357,0.0,Sufficient
21627,ELEPHANT CARNIVAL POUFFE,95,1314.65,0.2546916890080429,1.7828418230563003,0.7640750670241288,2.5469168900804293,173,0.0,Sufficient
21628,TRIANGULAR POUFFE VINTAGE ,65,918.95,0.1742627345844504,1.219839142091153,0.5227882037533512,1.7426273458445043,99,0.0,Sufficient
21629,SQUARE FLOOR CUSHION VINTAGE PINK ,52,413.4,0.1394101876675603,0.9758713136729223,0.418230563002681,1.3941018766756033,145,0.0,Sufficient
21630,FLOOR CUSHION ELEPHANT CARNIVAL,53,474.35,0.1420911528150134,0.994638069705094,0.4262734584450403,1.420911528150134,195,0.0,Sufficient
21631,HIPPY CHIC DECORATIVE PARASOL,51,650.25,0.1367292225201072,0.9571045576407508,0.4101876675603217,1.3672922252010724,325,0.0,Sufficient
21632,VINTAGE PINK DECORATIVE PARASOL,42,535.5,0.1126005361930295,0.7882037533512065,0.3378016085790885,1.126005361930295,187,0.0,Sufficient
21633,SUNFLOWER DECORATIVE PARASOL,40,510.0,0.1072386058981233,0.7506702412868633,0.3217158176943699,1.0723860589812333,37,0.0,Sufficient
21634,ASSORTED MINI MADRAS NOTEBOOK,770,962.5,2.064343163538874,14.450402144772118,6.193029490616622,20.64343163538874,229,0.0,Sufficient
21635,MADRAS NOTEBOOK LARGE ,130,487.5,0.3485254691689008,2.439678284182306,1.0455764075067024,3.4852546916890086,366,0.0,Sufficient
21636,MADRAS NOTEBOOK MEDIUM,92,234.6,0.2466487935656836,1.7265415549597856,0.739946380697051,2.4664879356568363,50,0.0,Sufficient
21637,ASSORTED SANSKRIT MINI NOTEBOOK,1165,1401.53,3.123324396782842,21.86327077747989,9.369973190348526,31.23324396782842,237,0.0,Sufficient
21638,ASSORTED TUTTI FRUTTI NOTEBOOK,761,1598.1,2.040214477211796,14.281501340482572,6.120643431635388,20.40214477211796,201,0.0,Sufficient
21639,ASSORTED TUTTI FRUTTI KEYRING,249,211.65,0.6675603217158177,4.672922252010724,2.0026809651474533,6.675603217158177,420,0.0,Sufficient
21640,ASSORTED TUTTI FRUTTI  FOB NOTEBOOK,1474,1252.9,3.951742627345845,27.66219839142091,11.855227882037534,39.51742627345845,456,0.0,Sufficient
21641,ASSORTED TUTTI FRUTTI KEYRING BALL,439,373.15,1.1769436997319034,8.238605898123323,3.5308310991957104,11.769436997319032,154,0.0,Sufficient
21642,ASSORTED TUTTI FRUTTI PEN,1769,1472.4499999999998,4.742627345844504,33.19839142091153,14.227882037533512,47.42627345844504,210,0.0,Sufficient
21643,ASSORTED TUTTI FRUTTI MIRROR,833,1036.69,2.233243967828418,15.632707774798927,6.699731903485255,22.33243967828418,426,0.0,Sufficient
21644,ASSORTED TUTTI FRUTTI HEART BOX,793,991.25,2.1260053619302948,14.882037533512063,6.378016085790884,21.260053619302948,221,0.0,Sufficient
21645,ASSORTED TUTTI FRUTTI ROUND BOX,939,1549.35,2.517426273458445,17.621983914209117,7.552278820375335,25.174262734584453,470,0.0,Sufficient
21647,ASSORTED TUTTI FRUTTI LARGE PURSE,684,1436.4,1.8337801608579087,12.83646112600536,5.501340482573726,18.337801608579085,229,0.0,Sufficient
21648,ASSORTED TUTTI FRUTTI SMALL PURSE,1990,2391.74,5.335120643431635,37.34584450402144,16.005361930294903,53.351206434316346,249,0.0,Sufficient
21649,ASSORTED TUTTI FRUTTI PHOTO FRAME,413,1120.75,1.1072386058981234,7.750670241286864,3.32171581769437,11.072386058981234,422,0.0,Sufficient
21650,ASSORTED TUTTI FRUTTI BRACELET,600,390.0,1.6085790884718498,11.26005361930295,4.825737265415549,16.0857908847185,406,0.0,Sufficient
21651,HANGING GLASS ETCHED TEALIGHT,1212,1927.8,3.2493297587131367,22.745308310991955,9.74798927613941,32.493297587131366,55,0.0,Sufficient
21652,GLASS ETCHED T-LIGHT HOLDER MEDIUM,867,1625.85,2.324396782841823,16.27077747989276,6.973190348525469,23.243967828418228,44,0.0,Sufficient
21653,GLASS ETCHED T-LIGHT HOLDER LARGE,1203,2397.3,3.225201072386059,22.576407506702413,9.675603217158177,32.25201072386059,262,0.0,Sufficient
21654,RIDGED GLASS FINGER BOWL,201,277.05,0.5388739946380697,3.772117962466488,1.616621983914209,5.3887399463806975,399,0.0,Sufficient
21655,HANGING RIDGE GLASS T-LIGHT HOLDER,1266,1963.86,3.3941018766756037,23.758713136729224,10.18230563002681,33.94101876675603,91,0.0,Sufficient
21656,RIDGED GLASS POSY VASE ,704,963.2,1.8873994638069704,13.211796246648792,5.662198391420912,18.873994638069703,380,0.0,Sufficient
21657,MILK BOTTLE WITH GLASS STOPPER ,210,1423.5,0.5630026809651475,3.941018766756033,1.6890080428954426,5.630026809651476,265,0.0,Sufficient
21658,GLASS  BEURRE DISH,1261,4823.030000000001,3.3806970509383376,23.664879356568363,10.142091152815013,33.806970509383376,206,0.0,Sufficient
21659,GLASS CAKE STAND,110,1591.7,0.2949061662198391,2.064343163538874,0.8847184986595173,2.949061662198392,312,0.0,Sufficient
21661,VINTAGE GLASS TEA CADDY,216,1261.2,0.579088471849866,4.053619302949062,1.737265415549598,5.79088471849866,418,0.0,Sufficient
21662,VINTAGE GLASS COFFEE CADDY,165,969.75,0.4423592493297587,3.096514745308311,1.327077747989276,4.423592493297587,459,0.0,Sufficient
21663,VINTAGE GLASS SUGAR CADDY,69,404.55,0.1849865951742627,1.2949061662198391,0.5549597855227882,1.849865951742628,19,0.0,Sufficient
21664,RIDGED GLASS STORAGE JAR CREAM LID,140,516.36,0.3753351206434316,2.6273458445040214,1.1260053619302948,3.753351206434316,321,0.0,Sufficient
21665,TRIANGULAR RIDGED GLASS POSY HOLDER,766,475.1,2.0536193029490617,14.375335120643433,6.160857908847185,20.53619302949061,295,0.0,Sufficient
21666, RIDGED GLASS T-LIGHT HOLDER,1294,761.9000000000001,3.4691689008042896,24.284182305630026,10.407506702412867,34.69168900804289,251,0.0,Sufficient
21667,GLASS CAKE COVER AND PLATE,327,5242.65,0.8766756032171582,6.136729222520107,2.6300268096514747,8.766756032171582,260,0.0,Sufficient
21668,RED STRIPE CERAMIC DRAWER KNOB,4422,5309.22,11.855227882037534,82.98659517426273,35.5656836461126,118.55227882037534,374,0.0,Sufficient
21669,BLUE STRIPE CERAMIC DRAWER KNOB,5043,5978.31,13.5201072386059,94.64075067024127,40.56032171581769,135.20107238605897,14,121.20107238605895,Reorder
21670,BLUE SPOT CERAMIC DRAWER KNOB,4163,5003.71,11.160857908847184,78.12600536193028,33.48257372654155,111.60857908847184,128,0.0,Sufficient
21671,RED SPOT CERAMIC DRAWER KNOB,4928,5816.32,13.211796246648792,92.48257372654156,39.63538873994638,132.11796246648794,298,0.0,Sufficient
21672,WHITE SPOT RED CERAMIC DRAWER KNOB,5805,6837.33,15.563002680965148,108.94101876675605,46.689008042895445,155.63002680965147,383,0.0,Sufficient
21673,WHITE SPOT BLUE CERAMIC DRAWER KNOB,5364,6297.4800000000005,14.380697050938338,100.66487935656836,43.14209115281501,143.80697050938338,74,69.80697050938338,Reorder
21674,RIDGED GLASS PENDANT LAMPSHADE,43,680.8499999999999,0.1152815013404825,0.806970509383378,0.3458445040214477,1.1528150134048256,155,0.0,Sufficient
21675,BUTTERFLIES STICKERS,1082,919.7,2.900804289544236,20.30563002680965,8.702412868632708,29.00804289544236,233,0.0,Sufficient
21676,FLOWERS  STICKERS,909,611.61,2.4369973190348526,17.05898123324397,7.310991957104558,24.369973190348528,248,0.0,Sufficient
21677,HEARTS  STICKERS,1250,1059.38,3.351206434316354,23.45844504021448,10.053619302949064,33.512064343163544,186,0.0,Sufficient
21678,PAISLEY PATTERN  STICKERS,418,276.34,1.1206434316353888,7.8445040214477215,3.3619302949061662,11.206434316353889,276,0.0,Sufficient
21679,SKULLS  STICKERS,3693,2912.85,9.900804289544237,69.30563002680965,29.70241286863271,99.00804289544236,350,0.0,Sufficient
21680,WOODLAND  STICKERS,1914,1552.02,5.131367292225201,35.91957104557641,15.394101876675604,51.31367292225202,291,0.0,Sufficient
21681,GIANT MEDINA STAMPED METAL BOWL ,226,2144.3,0.6058981233243967,4.241286863270777,1.8176943699731904,6.058981233243967,72,0.0,Sufficient
21682,LARGE MEDINA STAMPED METAL BOWL ,391,1885.05,1.0482573726541555,7.337801608579088,3.1447721179624666,10.482573726541554,226,0.0,Sufficient
21683,MEDIUM MEDINA STAMPED METAL BOWL ,638,1805.3,1.710455764075067,11.973190348525469,5.131367292225201,17.10455764075067,351,0.0,Sufficient
21684,SMALL MEDINA STAMPED METAL BOWL ,940,723.4,2.520107238605898,17.640750670241285,7.560321715817694,25.20107238605898,324,0.0,Sufficient
21685,MEDINA STAMPED METAL TRAY ,3,44.85,0.0080428954423592,0.0563002680965147,0.0241286863270777,0.0804289544235924,292,0.0,Sufficient
21686,MEDINA STAMPED METAL STOOL,29,1068.5500000000002,0.0777479892761394,0.5442359249329758,0.2332439678284182,0.777479892761394,186,0.0,Sufficient
21687,SILVER PLATE CANDLE BOWL LARGE,446,1619.58,1.195710455764075,8.369973190348524,3.587131367292225,11.957104557640749,470,0.0,Sufficient
21688,SILVER PLATE CANDLE BOWL SMALL,576,1699.2000000000005,1.5442359249329758,10.809651474530831,4.632707774798927,15.442359249329758,426,0.0,Sufficient
21689,SILVER VANILLA  FLOWER CANDLE POT,246,885.06,0.6595174262734584,4.616621983914209,1.9785522788203755,6.595174262734584,107,0.0,Sufficient
21690,SILVER  CANDLEPOT JARDIN ,244,914.2,0.6541554959785523,4.579088471849866,1.9624664879356568,6.541554959785524,114,0.0,Sufficient
21691,SILVER VANILLA FLOWER CANDLE POT,240,898.56,0.6434316353887399,4.504021447721179,1.93029490616622,6.434316353887398,108,0.0,Sufficient
21692,SILVER LATTICE VANILLA CANDLE POT,484,1796.28,1.2975871313672922,9.083109919571044,3.8927613941018766,12.975871313672922,394,0.0,Sufficient
21693,SMALL HAMMERED SILVER CANDLEPOT ,495,1457.85,1.327077747989276,9.289544235924932,3.9812332439678286,13.27077747989276,414,0.0,Sufficient
21694,SMALL REGAL  SILVER CANDLEPOT ,261,769.9500000000002,0.6997319034852547,4.898123324396783,2.0991957104557644,6.997319034852548,320,0.0,Sufficient
21695,SMALL SILVER FLOWER CANDLE POT,307,896.0500000000001,0.8230563002680965,5.761394101876675,2.4691689008042896,8.230563002680965,15,0.0,Sufficient
21696,SMALL SILVER TRELLIS CANDLEPOT,532,1569.4000000000003,1.4262734584450405,9.983914209115282,4.278820375335121,14.262734584450405,485,0.0,Sufficient
21697,SET 5 MINI DOUGHNUT FRIDGE MAGNET ,372,295.08000000000004,0.9973190348525468,6.981233243967829,2.991957104557641,9.97319034852547,474,0.0,Sufficient
21698,MOCK LOBSTER FRIDGE MAGNET,184,151.72,0.4932975871313673,3.453083109919571,1.479892761394102,4.932975871313673,206,0.0,Sufficient
21699,SET 5 MINI CHOCOLATE FRIDGE MAGNETS,108,82.44,0.289544235924933,2.026809651474531,0.8686327077747991,2.89544235924933,360,0.0,Sufficient
21700,BIG DOUGHNUT FRIDGE MAGNETS,4537,3775.33,12.163538873994638,85.14477211796246,36.49061662198391,121.63538873994636,142,0.0,Sufficient
21702,SET 5 MINI GATEAUX  FRIDGE MAGNETS,2636,918.68,7.067024128686327,49.46916890080429,21.201072386058986,70.67024128686327,367,0.0,Sufficient
21703,BAG 125g SWIRLY MARBLES,5227,2072.94,14.013404825737265,98.09383378016084,42.04021447721179,140.13404825737263,268,0.0,Sufficient
21704,BAG 250g SWIRLY MARBLES,11929,8977.45,31.98123324396783,223.8686327077748,95.94369973190348,319.81233243967824,446,0.0,Sufficient
21705,BAG 500g SWIRLY MARBLES,1043,1615.35,2.796246648793565,19.57372654155496,8.388739946380696,27.962466487935654,32,0.0,Sufficient
21706,"FOLDING UMBRELLA , RED/WHITE SPOT",984,3214.8,2.6380697050938338,18.46648793565684,7.914209115281501,26.380697050938338,494,0.0,Sufficient
21707,"FOLDING UMBRELLA , BLACK/BLUE  SPOT",832,3332.4,2.2305630026809653,15.613941018766758,6.691689008042896,22.30563002680965,62,0.0,Sufficient
21708,FOLDING UMBRELLA  CREAM/MULTI  SPOT,413,1396.35,1.1072386058981234,7.750670241286864,3.32171581769437,11.072386058981234,174,0.0,Sufficient
21709,FOLDING UMBRELLA  CHOC/WHITE  SPOT,555,2177.25,1.4879356568364612,10.415549597855229,4.463806970509384,14.879356568364614,211,0.0,Sufficient
21710,FOLDING UMBRELLA  PINK/WHITE  SPOT,612,1661.4,1.6407506702412868,11.485254691689008,4.92225201072386,16.407506702412867,467,0.0,Sufficient
21711,FOLDING UMBRELLA  WHITE/RED  SPOT,274,996.3,0.7345844504021448,5.142091152815014,2.2037533512064345,7.345844504021448,92,0.0,Sufficient
21713,CITRONELLA CANDLE FLOWERPOT,1885,3068.25,5.053619302949062,35.375335120643435,15.160857908847184,50.53619302949062,154,0.0,Sufficient
21714,CITRONELLA CANDLE GARDEN POT,2279,2359.87,6.109919571045577,42.76943699731903,18.32975871313673,61.09919571045576,94,0.0,Sufficient
21715,GIRLS VINTAGE TIN SEASIDE BUCKET,2098,4855.62,5.624664879356568,39.37265415549598,16.873994638069703,56.24664879356568,87,0.0,Sufficient
21716,BOYS VINTAGE TIN SEASIDE BUCKET,2159,4896.81,5.788203753351207,40.51742627345845,17.36461126005362,57.88203753351207,466,0.0,Sufficient
21717,EASTER TIN BUCKET,1000,2424.0,2.680965147453083,18.766756032171585,8.04289544235925,26.80965147453083,375,0.0,Sufficient
21718,RED METAL BEACH SPADE ,2415,2815.15,6.474530831099195,45.32171581769437,19.423592493297587,64.74530831099196,10,54.74530831099196,Reorder
21719,LOVELY BONBON STICKER SHEET,553,468.49,1.482573726541555,10.378016085790886,4.447721179624665,14.825737265415553,60,0.0,Sufficient
21720,CAKE SHOP  STICKER SHEET,979,817.59,2.624664879356569,18.37265415549598,7.873994638069705,26.246648793565683,182,0.0,Sufficient
21721,CANDY SHOP  STICKER SHEET,867,733.8299999999999,2.324396782841823,16.27077747989276,6.973190348525469,23.243967828418228,214,0.0,Sufficient
21722,SWEET PUDDING STICKER SHEET,230,195.5,0.6166219839142091,4.316353887399464,1.8498659517426272,6.166219839142091,269,0.0,Sufficient
21723,ALPHABET HEARTS STICKER SHEET,466,396.1,1.249329758713137,8.745308310991957,3.74798927613941,12.493297587131368,455,0.0,Sufficient
21724,PANDA AND BUNNIES STICKER SHEET,583,495.55,1.5630026809651474,10.94101876675603,4.689008042895442,15.630026809651472,458,0.0,Sufficient
21725,SWEETIES  STICKERS,786,668.1,2.1072386058981234,14.750670241286864,6.32171581769437,21.072386058981238,378,0.0,Sufficient
21726,MULTI HEARTS  STICKERS,833,695.05,2.233243967828418,15.632707774798927,6.699731903485255,22.33243967828418,497,0.0,Sufficient
21728,METAL MEDINA LANTERN ,294,2670.6,0.7882037533512064,5.517426273458445,2.364611260053619,7.882037533512063,297,0.0,Sufficient
21729,SMALL MARAKESH METAL  LANTERN ,114,354.5,0.3056300268096514,2.1394101876675604,0.9168900804289544,3.056300268096515,43,0.0,Sufficient
21730,GLASS STAR FROSTED T-LIGHT HOLDER,703,3317.4500000000003,1.8847184986595171,13.193029490616622,5.654155495978552,18.84718498659517,357,0.0,Sufficient
21731,RED TOADSTOOL LED NIGHT LIGHT,14985,23050.65,40.17426273458445,281.2198391420912,120.52278820375336,401.7426273458445,104,297.74262734584454,Reorder
21732,RED HANGING METAL STAR TLIGHT HLDR,923,3199.17,2.474530831099196,17.321715817694372,7.423592493297587,24.74530831099196,81,0.0,Sufficient
21733,RED HANGING HEART T-LIGHT HOLDER,9855,27300.61,26.420911528150132,184.94638069705096,79.26273458445041,264.20911528150134,48,216.2091152815013,Reorder
21734,SMALL MARAKESH LANTERN ON STICK,55,206.25,0.1474530831099195,1.032171581769437,0.4423592493297587,1.4745308310991958,163,0.0,Sufficient
21735,TWO DOOR CURIO CABINET,589,6798.45,1.579088471849866,11.05361930294906,4.737265415549597,15.790884718498658,259,0.0,Sufficient
21736,GOLD SCROLL GLASS T-LIGHT HOLDER,98,205.8,0.2627345844504021,1.8391420911528151,0.7882037533512065,2.6273458445040214,171,0.0,Sufficient
21737,SET 3 WICKER LOG BASKETS,397,7320.15,1.064343163538874,7.450402144772118,3.193029490616622,10.64343163538874,447,0.0,Sufficient
21738,COSY SLIPPER SHOES SMALL  RED ,360,1042.8000000000002,0.96514745308311,6.7560321715817695,2.89544235924933,9.6514745308311,127,0.0,Sufficient
21739,COSY SLIPPER SHOES SMALL GREEN,238,697.3000000000001,0.6380697050938338,4.466487935656836,1.9142091152815013,6.380697050938338,268,0.0,Sufficient
21740,COSY SLIPPER SHOES LARGE RED,164,483.80000000000007,0.4396782841823056,3.07774798927614,1.3190348525469169,4.396782841823057,388,0.0,Sufficient
21741,COSY SLIPPER SHOES LARGE GREEN,517,1505.9500000000005,1.386058981233244,9.702412868632708,4.158176943699732,13.86058981233244,315,0.0,Sufficient
21742,LARGE ROUND WICKER PLATTER ,238,1416.1,0.6380697050938338,4.466487935656836,1.9142091152815013,6.380697050938338,277,0.0,Sufficient
21743,STAR PORTABLE TABLE LIGHT ,1106,3089.9000000000005,2.96514745308311,20.75603217158177,8.89544235924933,29.651474530831106,458,0.0,Sufficient
21744,SNOWFLAKE PORTABLE TABLE LIGHT ,364,1073.8000000000002,0.9758713136729222,6.831099195710456,2.927613941018767,9.758713136729224,63,0.0,Sufficient
21745,GAOLERS KEYS DECORATIVE GARDEN ,1776,5690.96,4.761394101876675,33.32975871313673,14.284182305630026,47.61394101876675,245,0.0,Sufficient
21746,SMALL RED SPOT  WINDMILL,2665,3185.33,7.144772117962466,50.01340482573726,21.4343163538874,71.44772117962466,398,0.0,Sufficient
21747,SMALL SKULL WINDMILL,1546,1761.5,4.144772117962466,29.01340482573726,12.434316353887398,41.44772117962466,487,0.0,Sufficient
21749,LARGE RED SPOT WINDMILL,3554,6686.4,9.528150134048255,66.6970509383378,28.58445040214477,95.28150134048256,231,0.0,Sufficient
21750, LARGE SKULL WINDMILL,215,439.5,0.5764075067024129,4.03485254691689,1.7292225201072386,5.7640750670241285,260,0.0,Sufficient
21752,GLASS CAKE STAND MIRRORED BASE,68,972.6,0.1823056300268096,1.2761394101876675,0.546916890080429,1.8230563002680964,322,0.0,Sufficient
21754,HOME BUILDING BLOCK WORD,4784,28028.3,12.82573726541555,89.78016085790884,38.47721179624665,128.2573726541555,410,0.0,Sufficient
21755,LOVE BUILDING BLOCK WORD,3521,20640.85,9.439678284182303,66.07774798927613,28.319034852546917,94.39678284182304,121,0.0,Sufficient
21756,BATH BUILDING BLOCK WORD,805,4762.150000000001,2.158176943699732,15.107238605898122,6.474530831099195,21.58176943699732,264,0.0,Sufficient
21757,LIGHTHOUSE PRINTED METAL SIGN,63,311.85,0.1689008042895442,1.1823056300268098,0.5067024128686327,1.6890080428954426,312,0.0,Sufficient
21758,VINTAGE SHELLS PRINT,69,445.05,0.1849865951742627,1.2949061662198391,0.5549597855227882,1.849865951742628,416,0.0,Sufficient
21759,METAL WALL SHELF UNIT WITH HOOKS,27,968.08,0.0723860589812332,0.5067024128686327,0.2171581769436997,0.7238605898123325,216,0.0,Sufficient
21760,FRENCH STYLE WALL DRESSER,15,1740.0,0.0402144772117962,0.2815013404825737,0.1206434316353887,0.4021447721179624,238,0.0,Sufficient
21761,WOOD AND GLASS MEDICINE CABINET,57,1575.15,0.1528150134048257,1.0697050938337802,0.4584450402144772,1.5281501340482575,350,0.0,Sufficient
21763,VINTAGE WOODEN BAR STOOL,37,988.15,0.099195710455764,0.6943699731903485,0.2975871313672922,0.9919571045576407,407,0.0,Sufficient
21764,VINTAGE WOODEN PLATE RACK,17,659.1500000000001,0.0455764075067024,0.3190348525469169,0.1367292225201072,0.4557640750670241,75,0.0,Sufficient
21765,HANGING METAL BIRD BATH,338,2613.9,0.906166219839142,6.343163538873995,2.7184986595174263,9.06166219839142,84,0.0,Sufficient
21767,FRENCH STYLE WIRE DOOR CABINET ,1,29.95,0.002680965147453,0.0187667560321715,0.0080428954423592,0.0268096514745308,444,0.0,Sufficient
21768,WALL MOUNTED VINTAGE ORGANISER,447,5339.79,1.198391420911528,8.388739946380696,3.5951742627345844,11.98391420911528,112,0.0,Sufficient
21769,VINTAGE POST OFFICE CABINET,123,7954.87,0.3297587131367292,2.3083109919571045,0.9892761394101875,3.297587131367292,431,0.0,Sufficient
21770,OPEN CLOSED METAL SIGN,1322,6630.3,3.544235924932976,24.80965147453083,10.632707774798927,35.442359249329755,201,0.0,Sufficient
21772,VINTAGE METAL CAKE STAND CREAM ,1,12.75,0.002680965147453,0.0187667560321715,0.0080428954423592,0.0268096514745308,261,0.0,Sufficient
21773,DECORATIVE ROSE BATHROOM BOTTLE,356,440.44,0.9544235924932976,6.680965147453083,2.863270777479893,9.544235924932975,235,0.0,Sufficient
21774,DECORATIVE CATS BATHROOM BOTTLE,438,526.98,1.1742627345844503,8.219839142091152,3.522788203753351,11.742627345844502,303,0.0,Sufficient
21775,DECORATIVE FLORE BATHROOM BOTTLE,228,285.0,0.6112600536193029,4.278820375335121,1.8337801608579087,6.11260053619303,315,0.0,Sufficient
21777,RECIPE BOX WITH METAL HEART,1057,8046.150000000001,2.8337801608579087,19.83646112600536,8.501340482573726,28.337801608579085,107,0.0,Sufficient
21779,MA CAMPAGNE MINI WOODEN CHEST,301,1097.8000000000002,0.806970509383378,5.648793565683646,2.420911528150134,8.06970509383378,347,0.0,Sufficient
21780,MA CAMPAGNE 4 DRAWER WALL SHELF,125,835.55,0.3351206434316354,2.345844504021448,1.0053619302949062,3.351206434316354,295,0.0,Sufficient
21781,MA CAMPAGNE CUTLERY BOX,464,6701.4,1.2439678284182305,8.707774798927613,3.731903485254692,12.439678284182303,344,0.0,Sufficient
21784,SHOE SHINE BOX ,188,1847.4,0.5040214477211796,3.528150134048257,1.512064343163539,5.040214477211796,356,0.0,Sufficient
21785,RAIN PONCHO ,1564,1199.8,4.193029490616622,29.351206434316357,12.579088471849866,41.93029490616622,444,0.0,Sufficient
21786,RAIN HAT WITH RED SPOTS,5546,2019.72,14.8686327077748,104.0804289544236,44.6058981233244,148.686327077748,456,0.0,Sufficient
21787,RAIN PONCHO WITH RED SPOTS,5992,4445.2,16.064343163538872,112.45040214477211,48.19302949061662,160.64343163538874,491,0.0,Sufficient
21788,KIDS RAIN MAC BLUE,2038,1645.9,5.463806970509383,38.24664879356568,16.39142091152815,54.63806970509384,317,0.0,Sufficient
21789,KIDS RAIN MAC PINK,1983,1594.35,5.316353887399464,37.21447721179624,15.94906166219839,53.16353887399463,258,0.0,Sufficient
21790,VINTAGE SNAP CARDS,12398,9985.02,33.238605898123325,232.67024128686327,99.71581769436996,332.38605898123325,175,157.38605898123325,Reorder
21791,VINTAGE HEADS AND TAILS CARD GAME ,9972,11638.12,26.734584450402146,187.14209115281503,80.20375335120644,267.34584450402144,490,0.0,Sufficient
21792,CLASSIC FRENCH STYLE BASKET GREEN ,147,979.45,0.3941018766756032,2.7587131367292224,1.1823056300268096,3.941018766756032,481,0.0,Sufficient
21793,CLASSIC FRENCH STYLE BASKET BROWN,48,324.0,0.128686327077748,0.900804289544236,0.386058981233244,1.28686327077748,344,0.0,Sufficient
21794,CLASSIC FRENCH STYLE BASKET NATURAL,177,1169.15,0.4745308310991957,3.3217158176943697,1.423592493297587,4.745308310991957,39,0.0,Sufficient
21795,SET OF 3 BLUE STRIPE BASKET,436,3632.97,1.168900804289544,8.182305630026809,3.5067024128686324,11.68900804289544,256,0.0,Sufficient
21796,SET OF 3 RED STRIPE BASKETS,323,2769.44,0.8659517426273459,6.061662198391421,2.5978552278820377,8.659517426273458,115,0.0,Sufficient
21801,CHRISTMAS TREE DECORATION WITH BELL,1563,656.4599999999999,4.190348525469169,29.33243967828418,12.571045576407506,41.90348525469169,60,0.0,Sufficient
21802,CHRISTMAS TREE HEART DECORATION,1575,661.5,4.222520107238606,29.55764075067024,12.667560321715818,42.22520107238606,90,0.0,Sufficient
21803,CHRISTMAS TREE STAR DECORATION,1543,648.06,4.136729222520107,28.95710455764075,12.410187667560322,41.36729222520107,142,0.0,Sufficient
21804,WHITE CHRISTMAS GARLAND STARS TREES,377,1413.75,1.0107238605898123,7.075067024128686,3.032171581769437,10.107238605898123,294,0.0,Sufficient
21805,WHITE CHRISTMAS TREE DECORATION ,2124,874.8,5.694369973190349,39.86058981233244,17.083109919571047,56.94369973190349,397,0.0,Sufficient
21806,WHITE CHRISTMAS HEART DECORATION,2590,1079.16,6.943699731903485,48.6058981233244,20.83109919571045,69.43699731903484,147,0.0,Sufficient
21807,WHITE CHRISTMAS STAR DECORATION,2752,1147.2,7.378016085790884,51.64611260053619,22.13404825737265,73.78016085790884,193,0.0,Sufficient
21808,"CHRISTMAS GARLAND STARS,TREES",715,1691.25,1.9168900804289544,13.41823056300268,5.750670241286863,19.168900804289542,410,0.0,Sufficient
21809,CHRISTMAS HANGING TREE WITH BELL,1030,1232.78,2.761394101876676,19.32975871313673,8.284182305630027,27.61394101876676,339,0.0,Sufficient
21810,CHRISTMAS HANGING STAR WITH BELL,1116,1340.28,2.991957104557641,20.94369973190349,8.975871313672922,29.919571045576408,282,0.0,Sufficient
21811,CHRISTMAS HANGING HEART WITH BELL,1526,1880.14,4.091152815013404,28.63806970509383,12.273458445040212,40.911528150134046,349,0.0,Sufficient
21812,GARLAND WITH HEARTS AND BELLS,404,1999.8,1.0831099195710456,7.58176943699732,3.249329758713137,10.831099195710458,481,0.0,Sufficient
21813,GARLAND WITH STARS AND BELLS,249,1232.5500000000002,0.6675603217158177,4.672922252010724,2.0026809651474533,6.675603217158177,78,0.0,Sufficient
21814,HEART T-LIGHT HOLDER ,582,841.4999999999999,1.5603217158176943,10.92225201072386,4.680965147453083,15.603217158176944,43,0.0,Sufficient
21815, STAR  T-LIGHT HOLDER ,522,754.5,1.3994638069705094,9.796246648793566,4.198391420911529,13.994638069705095,271,0.0,Sufficient
21816,CHRISTMAS TREE T-LIGHT HOLDER,374,542.3,1.002680965147453,7.018766756032171,3.008042895442359,10.02680965147453,62,0.0,Sufficient
21817,GLITTER CHRISTMAS TREE,842,715.6999999999999,2.257372654155496,15.801608579088471,6.772117962466488,22.57372654155496,459,0.0,Sufficient
21818,GLITTER CHRISTMAS HEART ,1602,1342.98,4.294906166219839,30.064343163538872,12.884718498659517,42.94906166219839,214,0.0,Sufficient
21819,GLITTER CHRISTMAS STAR ,1366,1161.1,3.662198391420912,25.635388739946382,10.986595174262735,36.62198391420912,135,0.0,Sufficient
21820,GLITTER HEART GARLAND WITH BELLS ,482,1768.62,1.292225201072386,9.045576407506704,3.876675603217158,12.92225201072386,244,0.0,Sufficient
21821,GLITTER STAR GARLAND WITH BELLS ,430,1590.9,1.1528150134048258,8.06970509383378,3.4584450402144773,11.528150134048255,52,0.0,Sufficient
21822,GLITTER CHRISTMAS TREE WITH BELLS,332,647.4,0.8900804289544236,6.230563002680966,2.670241286863271,8.900804289544237,249,0.0,Sufficient
21823,PAINTED METAL HEART WITH HOLLY BELL,1083,1551.15,2.903485254691689,20.324396782841823,8.710455764075068,29.03485254691689,468,0.0,Sufficient
21824,PAINTED METAL STAR WITH HOLLY BELLS,872,1245.1999999999998,2.3378016085790883,16.364611260053618,7.013404825737265,23.378016085790883,380,0.0,Sufficient
21825,PAINTED METAL TREE WITH HOLLY BELLS,722,1027.6999999999998,1.935656836461126,13.549597855227882,5.806970509383378,19.35656836461126,120,0.0,Sufficient
21826,EIGHT PIECE DINOSAUR SET,1606,1966.46,4.305630026809651,30.13941018766756,12.916890080428953,43.05630026809651,258,0.0,Sufficient
21827,EIGHT PIECE CREEPY CRAWLIE SET,809,1006.69,2.168900804289544,15.182305630026809,6.506702412868632,21.68900804289544,160,0.0,Sufficient
21828,EIGHT PIECE SNAKE  SET,751,897.71,2.013404825737265,14.093833780160857,6.040214477211796,20.13404825737265,192,0.0,Sufficient
21829,DINOSAUR KEYRINGS ASSORTED,7910,1644.9,21.20643431635389,148.44504021447722,63.61930294906166,212.0643431635389,345,0.0,Sufficient
21830,ASSORTED CREEPY CRAWLIES,5149,2117.94,13.804289544235925,96.63002680965148,41.41286863270777,138.04289544235922,104,34.042895442359224,Reorder
21832,CHOCOLATE CALCULATOR,2266,3618.9,6.075067024128686,42.525469168900806,18.22520107238606,60.75067024128687,468,0.0,Sufficient
21833,CAMOUFLAGE LED TORCH,3603,5985.39,9.659517426273458,67.61662198391421,28.978552278820374,96.5951742627346,383,0.0,Sufficient
21836,GINGHAM OVEN GLOVE RED HEART ,223,836.25,0.5978552278820375,4.184986595174262,1.7935656836461125,5.978552278820374,409,0.0,Sufficient
21837,CROSS STITCH ALPHABET CUSHION COVER,216,1285.2,0.579088471849866,4.053619302949062,1.737265415549598,5.79088471849866,17,0.0,Sufficient
21838,DADDY MOUSE RED GINGHAM BOW TIE,1,5.45,0.002680965147453,0.0187667560321715,0.0080428954423592,0.0268096514745308,397,0.0,Sufficient
21839,MUMMY MOUSE RED GINGHAM RIBBON,197,1052.65,0.5281501340482574,3.6970509383378016,1.584450402144772,5.281501340482574,369,0.0,Sufficient
21841,BABY MOUSE RED GINGHAM DRESS,355,1479.25,0.9517426273458444,6.662198391420912,2.8552278820375334,9.517426273458446,397,0.0,Sufficient
21842,PINK HEART CANDY BUTTON CALCULATOR,541,1257.15,1.450402144772118,10.152815013404826,4.351206434316354,14.50402144772118,193,0.0,Sufficient
21843,RETRO SPOT CAKE STAND,4056,41457.64,10.873994638069703,76.11796246648794,32.62198391420912,108.73994638069706,290,0.0,Sufficient
21844,RETRO SPOT MUG,3418,9466.3,9.163538873994638,64.14477211796246,27.49061662198391,91.63538873994636,204,0.0,Sufficient
21845,DAIRY MAID STRIPE MUG,531,1508.85,1.4235924932975872,9.96514745308311,4.270777479892762,14.235924932975871,361,0.0,Sufficient
21846,PINK DIAMANTE PEN IN GIFT BOX,876,1527.6,2.3485254691689006,16.439678284182303,7.045576407506702,23.485254691689004,204,0.0,Sufficient
21847,GREEN  DIAMANTE PEN IN GIFT BOX,243,403.65,0.6514745308310992,4.560321715817694,1.9544235924932976,6.514745308310991,164,0.0,Sufficient
21849,SILVER DIAMANTE PEN IN GIFT BOX,428,858.6,1.1474530831099197,8.032171581769438,3.4423592493297592,11.474530831099198,102,0.0,Sufficient
21850,BLUE  DIAMANTE PEN IN GIFT BOX,266,428.7,0.7131367292225201,4.991957104557641,2.1394101876675604,7.131367292225201,169,0.0,Sufficient
21851,LILAC DIAMANTE PEN IN GIFT BOX,362,622.7,0.970509383378016,6.793565683646112,2.911528150134048,9.70509383378016,443,0.0,Sufficient
21852,EMPIRE TEDDY,1,6.95,0.002680965147453,0.0187667560321715,0.0080428954423592,0.0268096514745308,70,0.0,Sufficient
21864,UNION JACK FLAG PASSPORT COVER ,955,1897.26,2.5603217158176945,17.922252010723863,7.680965147453083,25.603217158176943,131,0.0,Sufficient
21865,PINK UNION JACK  PASSPORT COVER ,549,1152.9,1.4718498659517427,10.3029490616622,4.415549597855228,14.718498659517426,60,0.0,Sufficient
21866,UNION JACK FLAG LUGGAGE TAG,1147,1429.19,3.0750670241286864,21.52546916890081,9.22520107238606,30.750670241286866,412,0.0,Sufficient
21867,PINK UNION JACK  LUGGAGE TAG,732,910.44,1.9624664879356568,13.737265415549595,5.88739946380697,19.624664879356565,286,0.0,Sufficient
21868,POTTING SHED TEA MUG,6570,7595.7,17.613941018766756,123.2975871313673,52.84182305630027,176.13941018766758,14,162.13941018766758,Reorder
21869,POTTING SHED COFFEE MUG,1245,1430.85,3.3378016085790883,23.364611260053618,10.013404825737265,33.37801608579088,475,0.0,Sufficient
21870,I CAN ONLY PLEASE ONE PERSON MUG,4855,5787.17,13.016085790884718,91.11260053619304,39.04825737265416,130.1608579088472,101,29.16085790884719,Reorder
21871,SAVE THE PLANET MUG,5969,6516.85,16.00268096514745,112.01876675603216,48.00804289544236,160.02680965147454,179,0.0,Sufficient
21872,GLAMOROUS  MUG,3789,3654.77,10.158176943699733,71.10723860589813,30.4745308310992,101.58176943699732,326,0.0,Sufficient
21873,IF YOU CAN'T STAND THE HEAT MUG,414,510.66,1.1099195710455765,7.769436997319035,3.329758713136729,11.099195710455763,31,0.0,Sufficient
21874,GIN AND TONIC MUG,3390,3935.4,9.088471849865952,63.61930294906166,27.26541554959785,90.88471849865952,414,0.0,Sufficient
21875,KINGS CHOICE MUG,4708,5234.36,12.621983914209116,88.35388739946382,37.86595174262735,126.21983914209116,335,0.0,Sufficient
21876,POTTERING MUG,1798,2217.86,4.820375335120644,33.742627345844504,14.46112600536193,48.20375335120643,10,38.20375335120643,Reorder
21877,HOME SWEET HOME MUG,8614,8823.5,23.093833780160857,161.656836461126,69.28150134048258,230.93833780160855,142,88.93833780160858,Reorder
21878,PACK OF 6 SANDCASTLE FLAGS ASSORTED,2991,2303.67,8.018766756032171,56.1313672922252,24.056300268096518,80.18766756032171,242,0.0,Sufficient
21879,HEARTS GIFT TAPE,348,225.0,0.9329758713136728,6.53083109919571,2.798927613941019,9.32975871313673,21,0.0,Sufficient
21880,RED AND WHITE SPOT TAPE,559,363.35,1.4986595174262736,10.490616621983914,4.495978552278821,14.986595174262735,355,0.0,Sufficient
21881,CUTE CATS TAPE,221,143.65,0.5924932975871313,4.14745308310992,1.777479892761394,5.924932975871314,55,0.0,Sufficient
21882,SKULLS TAPE,330,213.3,0.8847184986595175,6.193029490616622,2.6541554959785523,8.847184986595174,43,0.0,Sufficient
21883,STARS GIFT TAPE ,733,475.25000000000006,1.96514745308311,13.756032171581769,5.89544235924933,19.6514745308311,442,0.0,Sufficient
21884,CAKES AND BOWS GIFT  TAPE,216,139.20000000000002,0.579088471849866,4.053619302949062,1.737265415549598,5.79088471849866,87,0.0,Sufficient
21888,BINGO SET,1713,6327.99,4.592493297587131,32.14745308310992,13.777479892761392,45.92493297587131,227,0.0,Sufficient
21889,WOODEN BOX OF DOMINOES,6408,7652.42,17.179624664879356,120.25737265415547,51.53887399463807,171.79624664879356,310,0.0,Sufficient
21890,S/6 WOODEN SKITTLES IN COTTON BAG,2263,6209.150000000001,6.067024128686327,42.46916890080429,18.201072386058986,60.67024128686327,420,0.0,Sufficient
21891,TRADITIONAL WOODEN SKIPPING ROPE,3896,4703.56,10.445040214477212,73.11528150134048,31.33512064343164,104.45040214477211,82,22.450402144772116,Reorder
21892,TRADITIONAL WOODEN CATCH CUP GAME ,4460,5283.92,11.95710455764075,83.69973190348526,35.871313672922255,119.57104557640751,291,0.0,Sufficient
21893,POTTING SHED SEED TIN,164,523.0,0.4396782841823056,3.07774798927614,1.3190348525469169,4.396782841823057,258,0.0,Sufficient
21894,POTTING SHED SEED ENVELOPES,690,816.9,1.8498659517426272,12.94906166219839,5.549597855227882,18.498659517426272,56,0.0,Sufficient
21895,POTTING SHED SOW 'N' GROW SET,529,1540.25,1.418230563002681,9.927613941018768,4.254691689008043,14.18230563002681,130,0.0,Sufficient
21896,POTTING SHED TWINE,1352,2467.98,3.624664879356569,25.37265415549598,10.873994638069703,36.24664879356568,223,0.0,Sufficient
21897,POTTING SHED CANDLE CITRONELLA,455,1337.45,1.2198391420911527,8.538873994638069,3.6595174262734576,12.198391420911529,248,0.0,Sufficient
21898,POTTING SHED ROSE CANDLE,315,926.85,0.8445040214477212,5.911528150134048,2.533512064343164,8.445040214477212,65,0.0,Sufficient
21899,"KEY FOB , GARAGE DESIGN",4016,2526.76,10.766756032171582,75.36729222520107,32.30026809651474,107.6675603217158,359,0.0,Sufficient
21900,"KEY FOB , SHED",5081,3219.01,13.621983914209116,95.35388739946382,40.86595174262735,136.21983914209116,116,20.21983914209116,Reorder
21901,"KEY FOB , BACK DOOR ",4383,2765.31,11.750670241286864,82.25469168900804,35.25201072386059,117.50670241286863,328,0.0,Sufficient
21902,"KEY FOB , FRONT  DOOR ",3401,2127.01,9.117962466487937,63.82573726541554,27.353887399463805,91.17962466487934,57,34.17962466487934,Reorder
21903,MAN FLU METAL SIGN,2233,4255.8,5.986595174262734,41.90616621983914,17.959785522788202,59.86595174262735,70,0.0,Sufficient
21904,HOUSE WRECKING METAL SIGN ,690,1057.5,1.8498659517426272,12.94906166219839,5.549597855227882,18.498659517426272,346,0.0,Sufficient
21905,MORE BUTTER METAL SIGN ,844,1289.34,2.2627345844504023,15.839142091152816,6.788203753351207,22.62734584450402,35,0.0,Sufficient
21906,PHARMACIE FIRST AID TIN,1174,7974.34,3.1474530831099194,22.03217158176944,9.442359249329758,31.474530831099194,301,0.0,Sufficient
21907,I'M ON HOLIDAY METAL SIGN,2776,5700.6,7.442359249329758,52.09651474530831,22.327077747989275,74.42359249329759,266,0.0,Sufficient
21908,CHOCOLATE THIS WAY METAL SIGN,5911,11135.72,15.847184986595174,110.9302949061662,47.54155495978552,158.47184986595173,17,141.47184986595173,Reorder
21910,WAY OUT METAL SIGN ,999,1273.95,2.67828418230563,18.747989276139407,8.03485254691689,26.78284182305629,122,0.0,Sufficient
21911,GARDEN METAL SIGN ,2285,3463.05,6.126005361930295,42.88203753351206,18.378016085790883,61.260053619302944,364,0.0,Sufficient
21912,VINTAGE SNAKES & LADDERS,1855,6795.69,4.97319034852547,34.812332439678286,14.919571045576408,49.73190348525469,262,0.0,Sufficient
21913,VINTAGE SEASIDE JIGSAW PUZZLES,703,2522.49,1.8847184986595171,13.193029490616622,5.654155495978552,18.84718498659517,189,0.0,Sufficient
21914,BLUE HARMONICA IN BOX ,4725,5856.09,12.667560321715818,88.67292225201072,38.002680965147455,126.67560321715816,216,0.0,Sufficient
21915,RED  HARMONICA IN BOX ,16049,18054.47,43.02680965147453,301.1876675603217,129.08042895442358,430.26809651474525,312,118.26809651474524,Reorder
21916,SET 12 RETRO WHITE CHALK STICKS,6157,2483.7,16.506702412868634,115.54691689008044,49.5201072386059,165.06702412868634,136,29.06702412868634,Reorder
21917,SET 12 KIDS  WHITE CHALK STICKS,3835,1589.1,10.281501340482574,71.97050938337802,30.84450402144772,102.81501340482572,65,37.81501340482573,Reorder
21918,SET 12 KIDS COLOUR  CHALK STICKS,7226,2913.96,19.37265415549598,135.60857908847186,58.11796246648794,193.7265415549598,223,0.0,Sufficient
21922,UNION STRIPE WITH FRINGE  HAMMOCK,525,3973.75,1.407506702412869,9.85254691689008,4.222520107238606,14.075067024128684,23,0.0,Sufficient
21923,RED/CREAM STRIPE FRINGE HAMMOCK,325,2483.75,0.871313672922252,6.099195710455764,2.613941018766756,8.713136729222521,483,0.0,Sufficient
21924,BLUE/CREAM STRIPE FRINGE HAMMOCK,304,2307.8,0.8150134048257373,5.705093833780161,2.445040214477212,8.150134048257373,37,0.0,Sufficient
21925,UNION STRIPE CUSHION COVER ,787,960.95,2.1099195710455763,14.769436997319032,6.329758713136728,21.09919571045576,480,0.0,Sufficient
21926,RED/CREAM STRIPE CUSHION COVER ,578,714.9,1.549597855227882,10.847184986595174,4.648793565683646,15.49597855227882,87,0.0,Sufficient
21927,BLUE/CREAM STRIPE CUSHION COVER ,597,738.65,1.6005361930294906,11.203753351206434,4.801608579088471,16.005361930294903,225,0.0,Sufficient
21928,JUMBO BAG SCANDINAVIAN PAISLEY,13882,24214.9,37.2171581769437,260.5201072386059,111.6514745308311,372.17158176943695,395,0.0,Sufficient
21929,JUMBO BAG PINK VINTAGE PAISLEY,14526,25422.7,38.943699731903486,272.6058981233244,116.83109919571046,389.4369973190349,374,15.436997319034845,Reorder
21930,JUMBO STORAGE BAG SKULLS,6833,12332.35,18.31903485254692,128.23324396782843,54.95710455764075,183.1903485254692,163,20.190348525469176,Reorder
21931,JUMBO STORAGE BAG SUKI,14712,26443.4,39.44235924932976,276.09651474530835,118.32707774798928,394.4235924932976,23,371.4235924932976,Reorder
21932,SCANDINAVIAN PAISLEY PICNIC BAG,1065,2936.15,2.8552278820375334,19.98659517426273,8.5656836461126,28.55227882037533,196,0.0,Sufficient
21933,PINK VINTAGE PAISLEY PICNIC BAG,1397,3807.55,3.745308310991957,26.2171581769437,11.235924932975871,37.45308310991957,321,0.0,Sufficient
21934,SKULL SHOULDER BAG,1991,3109.15,5.337801608579088,37.36461126005362,16.013404825737265,53.37801608579089,380,0.0,Sufficient
21935,SUKI  SHOULDER BAG,3285,5118.25,8.806970509383378,61.64879356568365,26.420911528150132,88.06970509383379,16,72.06970509383379,Reorder
21936,RED/WHITE SPOT PICNIC BAG,3637,10101.15,9.750670241286864,68.25469168900804,29.252010723860597,97.50670241286863,12,85.50670241286863,Reorder
21937,STRAWBERRY   PICNIC BAG,2221,6171.95,5.954423592493297,41.68096514745308,17.86327077747989,59.54423592493297,120,0.0,Sufficient
21942,SKULLS DESIGN FLANNEL,1161,556.65,3.1126005361930296,21.78820375335121,9.337801608579088,31.126005361930297,416,0.0,Sufficient
21943,CAKES AND RABBITS DESIGN FLANNEL ,330,256.38,0.8847184986595175,6.193029490616622,2.6541554959785523,8.847184986595174,247,0.0,Sufficient
21944,KITTENS DESIGN FLANNEL,1306,633.2199999999999,3.5013404825737267,24.50938337801609,10.50402144772118,35.01340482573727,372,0.0,Sufficient
21945,STRAWBERRIES  DESIGN FLANNEL ,1305,679.05,3.4986595174262733,24.490616621983914,10.49597855227882,34.98659517426273,248,0.0,Sufficient
21946,PARTY TIME DESIGN FLANNEL,507,248.91,1.3592493297587132,9.514745308310992,4.07774798927614,13.592493297587133,283,0.0,Sufficient
21947,SET OF 6 HEART CHOPSTICKS,790,982.94,2.117962466487936,14.825737265415553,6.353887399463807,21.17962466487936,303,0.0,Sufficient
21948,SET OF 6 CAKE CHOPSTICKS,1580,1765.24,4.235924932975872,29.651474530831106,12.707774798927614,42.35924932975872,236,0.0,Sufficient
21949,SET OF 6 STRAWBERRY CHOPSTICKS,1758,1992.3,4.71313672922252,32.99195710455764,14.13941018766756,47.13136729222521,380,0.0,Sufficient
21950,SET OF 6 DOTS CHOPSTICKS,185,197.05,0.4959785522788204,3.4718498659517425,1.487935656836461,4.959785522788204,24,0.0,Sufficient
21955,UNION JACK GUNS & ROSES  DOORMAT,2577,14593.97,6.908847184986596,48.361930294906166,20.726541554959788,69.08847184986595,201,0.0,Sufficient
21967,PACK OF 12 SKULL TISSUES,10521,2809.17,28.20643431635389,197.4450402144772,84.61930294906166,282.06434316353887,482,0.0,Sufficient
21972,SET OF 36 DINOSAUR PAPER DOILIES,708,1026.6,1.8981233243967828,13.28686327077748,5.694369973190348,18.98123324396783,128,0.0,Sufficient
21973,SET OF 36 MUSHROOM PAPER DOILIES,1461,2032.05,3.9168900804289546,27.41823056300268,11.750670241286864,39.16890080428954,494,0.0,Sufficient
21974,SET OF 36 PAISLEY FLOWER DOILIES,4619,6436.799999999999,12.383378016085793,86.68364611260054,37.15013404825737,123.83378016085793,37,86.83378016085791,Reorder
21975,PACK OF 60 DINOSAUR CAKE CASES,18906,8970.779999999999,50.68632707774799,354.8042895442359,152.05898123324397,506.8632707774799,211,295.8632707774799,Reorder
21976,PACK OF 60 MUSHROOM CAKE CASES,9280,4667.2,24.87935656836461,174.15549597855227,74.63806970509383,248.79356568364608,48,200.79356568364608,Reorder
21977,PACK OF 60 PINK PAISLEY CAKE CASES,30871,15045.1,82.76407506702412,579.3485254691689,248.2922252010724,827.6407506702412,450,377.6407506702412,Reorder
21980,PACK OF 12 RED SPOTTY TISSUES ,24750,6512.999999999999,66.3538873994638,464.4772117962466,199.0616621983914,663.5388739946379,282,381.5388739946379,Reorder
21981,PACK OF 12 WOODLAND TISSUES ,20787,5406.93,55.72922252010724,390.1045576407506,167.1876675603217,557.2922252010724,240,317.2922252010724,Reorder
21982,PACK OF 12 SUKI TISSUES ,24687,7852.889999999999,66.18498659517427,463.2949061662199,198.5549597855228,661.8498659517427,95,566.8498659517427,Reorder
21983,PACK OF 12 BLUE PAISLEY TISSUES ,3922,1106.16,10.514745308310992,73.60321715817695,31.544235924932977,105.14745308310992,483,0.0,Sufficient
21984,PACK OF 12 PINK PAISLEY TISSUES ,21979,5916.07,58.92493297587132,412.4745308310992,176.77479892761394,589.2493297587131,135,454.2493297587131,Reorder
21985,PACK OF 12 HEARTS DESIGN TISSUES ,16337,5931.95,43.79892761394102,306.5924932975871,131.39678284182304,437.98927613941015,309,128.98927613941015,Reorder
21986,PACK OF 12 PINK SPOT TISSUES ,9161,3351.83,24.560321715817693,171.92225201072387,73.68096514745308,245.60321715817696,34,211.60321715817696,Reorder
21987,PACK OF 6 SKULL PAPER CUPS,4287,2605.11,11.493297587131368,80.45308310991958,34.479892761394105,114.93297587131369,154,0.0,Sufficient
21988,PACK OF 6 SKULL PAPER PLATES,5472,3895.2,14.67024128686327,102.69168900804289,44.010723860589806,146.70241286863268,22,124.70241286863268,Reorder
21989,PACK OF 20 SKULL PAPER NAPKINS,6024,4314.0,16.15013404825737,113.0509383378016,48.45040214477211,161.5013404825737,221,0.0,Sufficient
21990,MODERN FLORAL STATIONERY SET,585,1116.15,1.5683646112600536,10.978552278820375,4.705093833780161,15.683646112600536,34,0.0,Sufficient
21991,BOHEMIAN COLLAGE STATIONERY SET,405,664.35,1.0857908847184987,7.600536193029491,3.257372654155496,10.857908847184987,77,0.0,Sufficient
21992,VINTAGE PAISLEY STATIONERY SET,923,1825.25,2.474530831099196,17.321715817694372,7.423592493297587,24.74530831099196,403,0.0,Sufficient
21993,FLORAL FOLK STATIONERY SET,698,1264.7,1.871313672922252,13.099195710455763,5.613941018766756,18.71313672922252,76,0.0,Sufficient
22021,BLUE FELT EASTER EGG BASKET,979,1568.55,2.624664879356569,18.37265415549598,7.873994638069705,26.246648793565683,242,0.0,Sufficient
22023,EMPIRE BIRTHDAY CARD,3729,1483.38,9.997319034852548,69.98123324396782,29.99195710455764,99.97319034852546,118,0.0,Sufficient
22024,RAINY LADIES BIRTHDAY CARD,2935,1175.82,7.868632707774799,55.08042895442359,23.605898123324398,78.68632707774799,155,0.0,Sufficient
22025,RING OF ROSES BIRTHDAY CARD,2065,826.26,5.536193029490617,38.75335120643432,16.60857908847185,55.361930294906166,120,0.0,Sufficient
22026,BANQUET BIRTHDAY  CARD  ,2344,960.72,6.2841823056300266,43.98927613941019,18.85254691689008,62.84182305630027,237,0.0,Sufficient
22027,TEA PARTY BIRTHDAY CARD,6751,2738.22,18.099195710455763,126.69436997319036,54.297587131367294,180.99195710455763,120,60.99195710455763,Reorder
22028,PENNY FARTHING BIRTHDAY CARD,3216,1290.96,8.621983914209116,60.35388739946381,25.865951742627345,86.21983914209116,479,0.0,Sufficient
22029,SPACE BOY BIRTHDAY CARD,9361,3734.34,25.096514745308312,175.6756032171582,75.28954423592494,250.96514745308315,43,207.96514745308315,Reorder
22030,SWALLOWS GREETING CARD,7135,2882.94,19.128686327077748,133.90080428954423,57.38605898123325,191.28686327077747,120,71.28686327077747,Reorder
22031,BOTANICAL LAVENDER BIRTHDAY CARD,612,255.6,1.6407506702412868,11.485254691689008,4.92225201072386,16.407506702412867,273,0.0,Sufficient
22032,BOTANICAL LILY GREETING CARD,542,226.8,1.4530831099195711,10.171581769436996,4.359249329758713,14.53083109919571,433,0.0,Sufficient
22033,BOTANICAL ROSE GREETING CARD,1216,503.52,3.260053619302949,22.820375335120644,9.780160857908848,32.60053619302949,378,0.0,Sufficient
22034,ROBIN CHRISTMAS CARD,1533,635.22,4.109919571045577,28.76943699731904,12.32975871313673,41.09919571045577,245,0.0,Sufficient
22035,VINTAGE CARAVAN GREETING CARD ,2548,1044.24,6.831099195710456,47.81769436997319,20.49329758713137,68.31099195710456,92,0.0,Sufficient
22036,DINOSAUR BIRTHDAY CARD,1618,668.76,4.337801608579088,30.364611260053618,13.013404825737265,43.37801608579088,51,0.0,Sufficient
22037,ROBOT BIRTHDAY CARD,3088,1288.32,8.27882037533512,57.95174262734584,24.83646112600536,82.78820375335121,434,0.0,Sufficient
22038,BOTANICAL LAVENDER GIFT WRAP ,675,281.5,1.8096514745308312,12.667560321715818,5.428954423592494,18.096514745308312,110,0.0,Sufficient
22039,BOTANICAL LILY GIFT WRAP,600,248.0,1.6085790884718498,11.26005361930295,4.825737265415549,16.0857908847185,15,1.0857908847184987,Reorder
22040,BOTANICAL ROSE GIFT WRAP,2090,839.8,5.603217158176943,39.2225201072386,16.80965147453083,56.03217158176943,189,0.0,Sufficient
22041,"RECORD FRAME 7"" SINGLE SIZE ",3350,7338.3,8.981233243967829,62.8686327077748,26.94369973190349,89.81233243967829,291,0.0,Sufficient
22042,CHRISTMAS CARD SINGING ANGEL,1313,446.58,3.520107238605898,24.640750670241285,10.560321715817691,35.20107238605898,329,0.0,Sufficient
22043,CHRISTMAS CARD SCREEN PRINT ,936,304.8,2.5093833780160857,17.5656836461126,7.528150134048257,25.093833780160857,235,0.0,Sufficient
22044,CHRISTMAS CARD STACK OF PRESENTS,1153,365.58,3.091152815013405,21.638069705093837,9.273458445040214,30.91152815013405,452,0.0,Sufficient
22045,SPACE BOY GIFT WRAP,8040,3318.8,21.554959785522787,150.8847184986595,64.66487935656836,215.5495978552279,449,0.0,Sufficient
22046,TEA PARTY  WRAPPING PAPER ,4100,1674.0,10.99195710455764,76.94369973190348,32.97587131367292,109.9195710455764,324,0.0,Sufficient
22047,EMPIRE GIFT WRAP,4875,1977.5,13.06970509383378,91.48793565683648,39.20911528150134,130.6970509383378,374,0.0,Sufficient
22048,BIRTHDAY BANQUET GIFT WRAP,1865,783.3,5.0,35.0,15.0,50.0,463,0.0,Sufficient
22049,WRAP CHRISTMAS SCREEN PRINT,2525,755.75,6.769436997319035,47.38605898123325,20.308310991957107,67.69436997319036,238,0.0,Sufficient
22050,PINK PAISLEY ROSE GIFT WRAP,2100,866.0,5.630026809651475,39.41018766756032,16.890080428954423,56.30026809651474,386,0.0,Sufficient
22051,BLUE SCANDINAVIAN PAISLEY WRAP,2225,918.5,5.96514745308311,41.756032171581765,17.89544235924933,59.651474530831095,298,0.0,Sufficient
22052,VINTAGE CARAVAN GIFT WRAP,2950,1219.0,7.908847184986596,55.361930294906166,23.726541554959788,79.08847184986595,446,0.0,Sufficient
22053,EMPIRE DESIGN ROSETTE,282,352.5,0.7560321715817694,5.292225201072386,2.268096514745308,7.560321715817693,159,0.0,Sufficient
22054,MINI CAKE STAND HANGING HEARTS,321,520.05,0.8605898123324397,6.024128686327078,2.581769436997319,8.605898123324398,286,0.0,Sufficient
22055,MINI CAKE STAND  HANGING STRAWBERY,3245,5069.45,8.699731903485254,60.89812332439678,26.099195710455763,86.99731903485254,207,0.0,Sufficient
22056,CERAMIC PLATE LOVE HEART DESIGN,596,619.84,1.5978552278820377,11.184986595174262,4.793565683646112,15.978552278820374,79,0.0,Sufficient
22057,CERAMIC PLATE STRAWBERRY DESIGN,2341,2860.01,6.276139410187668,43.93297587131367,18.828418230563003,62.76139410187668,121,0.0,Sufficient
22058,CERAMIC LOVE HEARTS DESIGN MUG,503,749.47,1.3485254691689008,9.439678284182303,4.045576407506703,13.485254691689008,13,0.4852546916890077,Reorder
22059,CERAMIC STRWBERRY DESIGN MUG,3170,4380.58,8.498659517426274,59.49061662198392,25.49597855227882,84.98659517426273,359,0.0,Sufficient
22060,LARGE CAKE STAND HANGING HEARTS,485,4194.07,1.3002680965147453,9.101876675603217,3.900804289544236,13.002680965147452,340,0.0,Sufficient
22061,LARGE CAKE STAND  HANGING STRAWBERY,1536,13639.47,4.117962466487936,28.82573726541555,12.353887399463808,41.17962466487936,455,0.0,Sufficient
22062,CERAMIC BOWL WITH LOVE HEART DESIGN,157,448.75000000000006,0.420911528150134,2.9463806970509383,1.262734584450402,4.20911528150134,327,0.0,Sufficient
22063,CERAMIC BOWL WITH STRAWBERRY DESIGN,1636,4461.400000000001,4.386058981233244,30.70241286863271,13.158176943699733,43.86058981233244,359,0.0,Sufficient
22064,PINK DOUGHNUT TRINKET POT ,4669,7263.45,12.517426273458446,87.62198391420912,37.552278820375335,125.17426273458446,104,21.17426273458446,Reorder
22065,CHRISTMAS PUDDING TRINKET POT ,1915,2680.75,5.134048257372654,35.938337801608576,15.40214477211796,51.34048257372653,161,0.0,Sufficient
22066,LOVE HEART TRINKET POT,1174,1625.5,3.1474530831099194,22.03217158176944,9.442359249329758,31.474530831099194,320,0.0,Sufficient
22067,CHOC TRUFFLE GOLD TRINKET POT ,1410,2204.1,3.780160857908847,26.46112600536193,11.340482573726542,37.80160857908847,146,0.0,Sufficient
22068, BLACK PIRATE TREASURE CHEST,508,831.0,1.3619302949061662,9.533512064343164,4.085790884718499,13.619302949061662,256,0.0,Sufficient
22069, BROWN  PIRATE TREASURE CHEST ,422,681.9,1.1313672922252012,7.919571045576408,3.3941018766756037,11.31367292225201,396,0.0,Sufficient
22070,SMALL RETRO SPOT MUG IN BOX  RED,883,3285.33,2.3672922252010724,16.571045576407506,7.101876675603217,23.67292225201072,252,0.0,Sufficient
22071,SMALL RETRO SPOT MUG IN BOX  WHITE,809,2981.91,2.168900804289544,15.182305630026809,6.506702412868632,21.68900804289544,40,0.0,Sufficient
22072,TEA CUP AND SAUCER RETRO SPOT,1426,5212.86,3.823056300268096,26.761394101876675,11.46916890080429,38.23056300268097,49,0.0,Sufficient
22073,RETRO SPOT STORAGE JAR,1667,6067.65,4.46916890080429,31.284182305630026,13.407506702412867,44.69168900804289,238,0.0,Sufficient
22074,6 RIBBONS SHIMMERING PINKS ,746,942.9,2.0,14.0,6.0,20.0,45,0.0,Sufficient
22075,6 RIBBONS ELEGANT CHRISTMAS ,1525,2415.4500000000003,4.088471849865952,28.619302949061662,12.265415549597856,40.88471849865952,417,0.0,Sufficient
22076,6 RIBBONS EMPIRE  ,1085,1759.05,2.908847184986595,20.361930294906166,8.726541554959786,29.088471849865957,232,0.0,Sufficient
22077,6 RIBBONS RUSTIC CHARM,7647,12415.95,20.501340482573728,143.50938337801608,61.50402144772119,205.01340482573727,15,190.01340482573727,Reorder
22078,RIBBON REEL LACE DESIGN ,2542,5215.7,6.815013404825737,47.70509383378016,20.44504021447721,68.15013404825737,331,0.0,Sufficient
22079,RIBBON REEL HEARTS DESIGN ,3056,4896.4,8.193029490616622,57.35120643431635,24.579088471849865,81.93029490616621,477,0.0,Sufficient
22080,RIBBON REEL SPOTS DESIGN ,2634,4296.1,7.061662198391421,49.43163538873995,21.184986595174266,70.61662198391421,229,0.0,Sufficient
22081,RIBBON REEL FLORA + FAUNA ,872,1436.8,2.3378016085790883,16.364611260053618,7.013404825737265,23.378016085790883,84,0.0,Sufficient
22082,RIBBON REEL STRIPES DESIGN ,4486,7231.9,12.026809651474531,84.18766756032171,36.0804289544236,120.26809651474532,13,107.26809651474532,Reorder
22083,PAPER CHAIN KIT RETRO SPOT,8804,23866.9,23.603217158176943,165.2225201072386,70.80965147453082,236.03217158176943,344,0.0,Sufficient
22084,PAPER CHAIN KIT EMPIRE,3588,9744.6,9.619302949061662,67.33512064343164,28.857908847184987,96.19302949061662,143,0.0,Sufficient
22085,PAPER CHAIN KIT SKULLS ,1982,5256.900000000001,5.313672922252011,37.19571045576408,15.941018766756034,53.13672922252012,127,0.0,Sufficient
22086,PAPER CHAIN KIT 50'S CHRISTMAS ,13839,36871.55,37.101876675603215,259.7131367292225,111.30563002680964,371.01876675603216,378,0.0,Sufficient
22087,PAPER BUNTING WHITE LACE,4016,11199.15,10.766756032171582,75.36729222520107,32.30026809651474,107.6675603217158,103,4.667560321715811,Reorder
22088,PAPER BUNTING COLOURED LACE,2347,6424.450000000001,6.2922252010723865,44.04557640750671,18.87667560321716,62.92225201072387,495,0.0,Sufficient
22089,PAPER BUNTING VINTAGE PAISLEY,2014,5467.25,5.399463806970509,37.79624664879356,16.198391420911527,53.99463806970509,444,0.0,Sufficient
22090,PAPER BUNTING RETRO SPOTS,8446,23137.7,22.64343163538874,158.5040214477212,67.93029490616622,226.43431635388745,71,155.43431635388745,Reorder
22091,EMPIRE TISSUE BOX,1108,1240.64,2.9705093833780163,20.793565683646115,8.91152815013405,29.705093833780165,450,0.0,Sufficient
22092,BLUE PAISLEY TISSUE BOX,263,268.99,0.7050938337801609,4.935656836461126,2.1152815013404824,7.050938337801608,203,0.0,Sufficient
22093,MOTORING TISSUE BOX,512,573.4,1.3726541554959786,9.60857908847185,4.117962466487936,13.726541554959784,344,0.0,Sufficient
22094,RED POLKA DOT TISSUE BOX,1348,1366.4,3.613941018766756,25.29758713136729,10.841823056300267,36.139410187667565,212,0.0,Sufficient
22095,LADS ONLY TISSUE BOX,1625,1783.57,4.35656836461126,30.495978552278817,13.06970509383378,43.5656836461126,401,0.0,Sufficient
22096,PINK PAISLEY SQUARE TISSUE BOX ,291,327.03,0.7801608579088471,5.46112600536193,2.3404825737265416,7.801608579088471,35,0.0,Sufficient
22097,SWALLOW SQUARE TISSUE BOX,460,515.24,1.2332439678284182,8.632707774798927,3.6997319034852554,12.332439678284182,444,0.0,Sufficient
22098,BOUDOIR SQUARE TISSUE BOX,828,819.0,2.219839142091153,15.53887399463807,6.659517426273458,22.198391420911527,182,0.0,Sufficient
22099,CARAVAN SQUARE TISSUE BOX,639,649.35,1.71313672922252,11.991957104557642,5.13941018766756,17.131367292225203,309,0.0,Sufficient
22100,SKULLS SQUARE TISSUE BOX,222,277.5,0.5951742627345844,4.166219839142091,1.7855227882037532,5.951742627345844,142,0.0,Sufficient
22101,MIRROR MOSAIC VOTIVE HOLDER,265,412.5,0.710455764075067,4.97319034852547,2.1313672922252014,7.104557640750671,335,0.0,Sufficient
22102,MIRROR MOSAIC T-LIGHT HOLDER ,205,309.45,0.5495978552278821,3.8471849865951744,1.648793565683646,5.495978552278821,419,0.0,Sufficient
22103,MIRROR MOSAIC T-LIGHT HOLDER ROUND,445,674.25,1.193029490616622,8.351206434316353,3.579088471849865,11.930294906166218,127,0.0,Sufficient
22104,MIRROR MOSAIC CANDLE PLATE,875,574.1899999999999,2.345844504021448,16.420911528150135,7.037533512064343,23.45844504021448,333,0.0,Sufficient
22105,MIRROR MOSAIC GOBLET CANDLE HOLDER,107,370.75,0.2868632707774799,2.0080428954423595,0.8605898123324398,2.8686327077747995,284,0.0,Sufficient
22106,MIRROR MOSAIC HURRICANE LAMP ,141,586.95,0.3780160857908847,2.646112600536193,1.134048257372654,3.780160857908847,221,0.0,Sufficient
22107,PIZZA PLATE IN BOX,570,2069.82,1.5281501340482573,10.6970509383378,4.584450402144772,15.281501340482574,234,0.0,Sufficient
22108,PING! MICROWAVE PLATE,96,291.36,0.257372654155496,1.801608579088472,0.772117962466488,2.57372654155496,29,0.0,Sufficient
22109,FULL ENGLISH BREAKFAST PLATE,1553,5551.59,4.163538873994638,29.144772117962468,12.490616621983914,41.63538873994638,122,0.0,Sufficient
22110,BIRD HOUSE HOT WATER BOTTLE,1297,2793.4500000000003,3.4772117962466487,24.34048257372654,10.431635388739943,34.77211796246648,149,0.0,Sufficient
22111,SCOTTIE DOG HOT WATER BOTTLE,5184,24062.7,13.898123324396783,97.28686327077747,41.69436997319035,138.98123324396784,56,82.98123324396784,Reorder
22112,CHOCOLATE HOT WATER BOTTLE,5150,23852.4,13.806970509383378,96.64879356568365,41.420911528150135,138.0697050938338,10,128.0697050938338,Reorder
22113,GREY HEART HOT WATER BOTTLE,2725,9742.17,7.305630026809651,51.13941018766756,21.916890080428956,73.0563002680965,99,0.0,Sufficient
22114,HOT WATER BOTTLE TEA AND SYMPATHY,5554,20727.800000000003,14.890080428954423,104.23056300268097,44.67024128686327,148.90080428954423,151,0.0,Sufficient
22115,METAL SIGN EMPIRE TEA,1228,2974.0200000000004,3.292225201072386,23.0455764075067,9.87667560321716,32.92225201072386,329,0.0,Sufficient
22116,METAL SIGN HIS DINNER IS SERVED,240,460.8,0.6434316353887399,4.504021447721179,1.93029490616622,6.434316353887398,47,0.0,Sufficient
22117,METAL SIGN HER DINNER IS SERVED ,437,1257.95,1.1715817694369972,8.20107238605898,3.5147453083109914,11.71581769436997,302,0.0,Sufficient
22118,JOY WOODEN BLOCK LETTERS,561,2787.75,1.5040214477211795,10.528150134048255,4.512064343163539,15.040214477211796,391,0.0,Sufficient
22119, PEACE WOODEN BLOCK LETTERS,568,3904.4,1.522788203753351,10.659517426273458,4.568364611260053,15.227882037533512,148,0.0,Sufficient
22120,WELCOME  WOODEN BLOCK LETTERS,472,4532.18,1.2654155495978552,8.857908847184987,3.7962466487935655,12.654155495978554,365,0.0,Sufficient
22121,NOEL WOODEN BLOCK LETTERS ,1121,6662.150000000001,3.005361930294906,21.037533512064343,9.016085790884718,30.05361930294906,342,0.0,Sufficient
22122,SET OF 2 FANCY FONT TEA TOWELS,1053,3042.3500000000004,2.8230563002680964,19.761394101876675,8.46916890080429,28.230563002680967,268,0.0,Sufficient
22123,PING MICROWAVE APRON,119,464.15,0.3190348525469169,2.233243967828418,0.9571045576407506,3.190348525469169,170,0.0,Sufficient
22124,SET OF 2 TEA TOWELS PING MICROWAVE,101,295.55,0.2707774798927614,1.89544235924933,0.8123324396782843,2.7077747989276144,399,0.0,Sufficient
22125,UNION JACK HOT WATER BOTTLE ,604,3490.8,1.6193029490616622,11.335120643431637,4.857908847184986,16.19302949061662,187,0.0,Sufficient
22127,PARTY CONES CARNIVAL ASSORTED,3067,3548.75,8.222520107238607,57.557640750670245,24.66756032171582,82.22520107238606,19,63.22520107238606,Reorder
22128,PARTY CONES CANDY ASSORTED,2222,2650.96,5.957104557640751,41.69973190348526,17.871313672922252,59.57104557640751,270,0.0,Sufficient
22129,PARTY CONES CANDY TREE DECORATION,1826,1451.48,4.89544235924933,34.26809651474531,14.68632707774799,48.9544235924933,416,0.0,Sufficient
22130,PARTY CONE CHRISTMAS DECORATION ,5559,4586.31,14.90348525469169,104.32439678284184,44.71045576407507,149.0348525469169,147,2.034852546916909,Reorder
22131,FOOD CONTAINER SET 3 LOVE HEART ,3137,5596.65,8.410187667560322,58.871313672922255,25.230563002680967,84.10187667560322,181,0.0,Sufficient
22132,RED LOVE HEART SHAPE CUP,2111,1750.6699999999998,5.659517426273458,39.61662198391421,16.978552278820374,56.59517426273458,395,0.0,Sufficient
22133,PINK LOVE HEART SHAPE CUP,1530,1263.06,4.101876675603217,28.71313672922252,12.30563002680965,41.01876675603217,22,19.01876675603217,Reorder
22134,LADLE LOVE HEART RED ,1351,529.98,3.6219839142091153,25.353887399463808,10.865951742627344,36.21983914209115,177,0.0,Sufficient
22135,LADLE LOVE HEART PINK,935,372.54,2.506702412868633,17.54691689008043,7.520107238605899,25.067024128686327,139,0.0,Sufficient
22136,LOVE HEART SOCK HANGER,1550,2461.5,4.155495978552279,29.08847184986595,12.466487935656836,41.55495978552278,93,0.0,Sufficient
22137,BATHROOM SET LOVE HEART DESIGN,516,1219.8,1.383378016085791,9.683646112600536,4.150134048257373,13.83378016085791,330,0.0,Sufficient
22138,BAKING SET 9 PIECE RETROSPOT ,4249,20117.81,11.39142091152815,79.73994638069706,34.17426273458445,113.91420911528152,328,0.0,Sufficient
22139,RETRO SPOT TEA SET CERAMIC 11 PC ,5842,27232.67,15.662198391420912,109.63538873994638,46.98659517426273,156.62198391420912,110,46.621983914209125,Reorder
22141,CHRISTMAS CRAFT TREE TOP ANGEL,689,1385.4,1.8471849865951744,12.93029490616622,5.541554959785523,18.471849865951743,338,0.0,Sufficient
22142,CHRISTMAS CRAFT WHITE FAIRY ,1115,1544.75,2.989276139410188,20.924932975871315,8.967828418230564,29.89276139410188,282,0.0,Sufficient
22143,CHRISTMAS CRAFT HEART DECORATIONS,420,834.0,1.126005361930295,7.882037533512065,3.378016085790885,11.260053619302951,274,0.0,Sufficient
22144,CHRISTMAS CRAFT LITTLE FRIENDS,1002,2032.7,2.6863270777479893,18.804289544235925,8.058981233243967,26.86327077747989,468,0.0,Sufficient
22145,CHRISTMAS CRAFT HEART STOCKING ,1260,2566.0,3.3780160857908847,23.646112600536192,10.134048257372656,33.78016085790885,408,0.0,Sufficient
22146,EASTER CRAFT IVY WREATH WITH CHICK,1342,2340.9,3.5978552278820377,25.184986595174266,10.793565683646111,35.97855227882038,417,0.0,Sufficient
22147,FELTCRAFT BUTTERFLY HEARTS,6761,9313.85,18.126005361930297,126.88203753351208,54.37801608579089,181.26005361930297,47,134.26005361930297,Reorder
22148,EASTER CRAFT 4 CHICKS ,1181,2074.95,3.1662198391420917,22.16353887399464,9.498659517426274,31.662198391420915,428,0.0,Sufficient
22149,FELTCRAFT 6 FLOWER FRIENDS,6457,13035.2,17.31099195710456,121.17694369973192,51.93297587131367,173.10991957104557,103,70.10991957104557,Reorder
22150, 3 STRIPEY MICE FELTCRAFT,4832,8516.6,12.954423592493296,90.68096514745308,38.86327077747989,129.54423592493296,104,25.544235924932963,Reorder
22151,PLACE SETTING WHITE HEART,12415,5074.98,33.284182305630026,232.98927613941015,99.85254691689008,332.84182305630026,314,18.841823056300257,Reorder
22152,PLACE SETTING WHITE STAR,3863,1561.26,10.35656836461126,72.49597855227881,31.06970509383378,103.5656836461126,78,25.56568364611259,Reorder
22153,ANGEL DECORATION STARS ON DRESS,3063,1286.46,8.211796246648793,57.48257372654155,24.63538873994638,82.11796246648794,327,0.0,Sufficient
22154,ANGEL DECORATION 3 BUTTONS ,3984,1630.08,10.680965147453083,74.76675603217159,32.04289544235925,106.80965147453084,453,0.0,Sufficient
22155,STAR DECORATION RUSTIC,3558,1494.36,9.53887399463807,66.7721179624665,28.61662198391421,95.38873994638072,245,0.0,Sufficient
22156,HEART DECORATION WITH PEARLS ,3919,3293.71,10.506702412868632,73.54691689008042,31.520107238605892,105.06702412868631,443,0.0,Sufficient
22157,ANGEL DECORATION WITH LACE PADDED,1486,1263.1,3.9839142091152815,27.88739946380697,11.951742627345844,39.839142091152816,343,0.0,Sufficient
22158,3 HEARTS HANGING DECORATION RUSTIC,5492,15454.2,14.723860589812332,103.06702412868631,44.171581769437,147.23860589812332,382,0.0,Sufficient
22161,HEART DECORATION RUSTIC HANGING ,1274,750.6600000000001,3.415549597855228,23.908847184986595,10.246648793565685,34.15549597855228,385,0.0,Sufficient
22162,HEART GARLAND RUSTIC PADDED,828,2385.0,2.219839142091153,15.53887399463807,6.659517426273458,22.198391420911527,468,0.0,Sufficient
22163,HEART STRING MEMO HOLDER HANGING,344,1014.8,0.9222520107238604,6.455764075067024,2.766756032171582,9.222520107238603,146,0.0,Sufficient
22164,STRING OF STARS CARD HOLDER,238,620.5000000000001,0.6380697050938338,4.466487935656836,1.9142091152815013,6.380697050938338,427,0.0,Sufficient
22165,"DIAMANTE HEART SHAPED WALL MIRROR, ",516,3529.76,1.383378016085791,9.683646112600536,4.150134048257373,13.83378016085791,85,0.0,Sufficient
22166,"WALL MIRROR , RECT DIAMANTE, PINK/",186,1172.46,0.4986595174262734,3.4906166219839143,1.4959785522788205,4.986595174262735,492,0.0,Sufficient
22167,"WALL MIRROR , DIAMANTE OVAL SHAPE",407,2790.85,1.0911528150134049,7.638069705093834,3.2734584450402147,10.911528150134048,44,0.0,Sufficient
22168,"ORGANISER WOOD, ANTIQUE WHITE ",518,4280.0,1.388739946380697,9.72117962466488,4.166219839142091,13.88739946380697,10,3.88739946380697,Reorder
22169,FAMILY ALBUM WHITE PICTURE FRAME,1063,8607.1,2.8498659517426272,19.94906166219839,8.549597855227882,28.49865951742627,305,0.0,Sufficient
22170,PICTURE FRAME WOOD TRIPLE PORTRAIT,1305,8408.75,3.4986595174262733,24.490616621983914,10.49597855227882,34.98659517426273,329,0.0,Sufficient
22171,3 HOOK PHOTO SHELF ANTIQUE WHITE,1328,9585.64,3.5603217158176945,24.922252010723863,10.680965147453083,35.603217158176946,415,0.0,Sufficient
22172,METAL SHELF WITH RAIL ,339,2839.0,0.9088471849865952,6.361930294906166,2.726541554959786,9.088471849865952,69,0.0,Sufficient
22173,METAL 4 HOOK HANGER FRENCH CHATEAU,2490,6876.700000000001,6.6756032171581765,46.72922252010724,20.02680965147453,66.75603217158177,329,0.0,Sufficient
22174,PHOTO CUBE,1492,2370.0,4.0,28.0,12.0,40.0,358,0.0,Sufficient
22175,PINK OWL SOFT TOY,926,2532.6800000000003,2.482573726541555,17.378016085790883,7.447721179624665,24.825737265415547,337,0.0,Sufficient
22176,BLUE OWL SOFT TOY,648,1830.8,1.737265415549598,12.160857908847186,5.2117962466487935,17.37265415549598,276,0.0,Sufficient
22177,5 HOOK BLACKBOARD ORGANISER ,300,2579.64,0.8042895442359249,5.630026809651475,2.412868632707774,8.04289544235925,370,0.0,Sufficient
22178,VICTORIAN GLASS HANGING T-LIGHT,15271,17480.65,40.94101876675603,286.5871313672922,122.82305630026808,409.4101876675603,238,171.4101876675603,Reorder
22179,SET 10 LIGHTS NIGHT OWL,1051,6769.45,2.8176943699731902,19.72386058981233,8.453083109919572,28.176943699731904,279,0.0,Sufficient
22180,RETRO SPOT LAMP,643,6223.849999999999,1.7238605898123325,12.067024128686327,5.171581769436997,17.238605898123325,325,0.0,Sufficient
22181,SNOWSTORM PHOTO FRAME FRIDGE MAGNET,935,757.31,2.506702412868633,17.54691689008043,7.520107238605899,25.067024128686327,295,0.0,Sufficient
22182,CAKE STAND VICTORIAN FILIGREE SMALL,155,515.25,0.4155495978552279,2.908847184986595,1.2466487935656836,4.155495978552279,300,0.0,Sufficient
22183,CAKE STAND VICTORIAN FILIGREE MED,218,1038.6,0.5844504021447721,4.091152815013404,1.7533512064343162,5.844504021447721,222,0.0,Sufficient
22184,CAKE STAND VICTORIAN FILIGREE LARGE,260,1541.2,0.6970509383378016,4.879356568364612,2.091152815013405,6.970509383378017,174,0.0,Sufficient
22185,SLATE TILE NATURAL HANGING,2373,3790.65,6.361930294906166,44.53351206434317,19.0857908847185,63.61930294906166,14,49.61930294906166,Reorder
22186,RED STAR CARD HOLDER,1128,3190.8,3.024128686327077,21.168900804289542,9.072386058981232,30.241286863270773,348,0.0,Sufficient
22187,GREEN CHRISTMAS TREE CARD HOLDER,838,3441.5,2.246648793565684,15.726541554959788,6.739946380697051,22.46648793565684,388,0.0,Sufficient
22188,BLACK HEART CARD HOLDER,7538,20117.64,20.20911528150134,141.46380697050938,60.62734584450402,202.0911528150134,87,115.0911528150134,Reorder
22189,CREAM HEART CARD HOLDER,9912,29888.02,26.57372654155496,186.01608579088477,79.72117962466488,265.73726541554964,419,0.0,Sufficient
22190,LOCAL CAFE MUG,602,1159.2,1.613941018766756,11.297587131367292,4.841823056300268,16.13941018766756,71,0.0,Sufficient
22191,EAU DE NIL DINER WALL CLOCK,542,4474.4,1.4530831099195711,10.171581769436996,4.359249329758713,14.53083109919571,141,0.0,Sufficient
22192,BLUE DINER WALL CLOCK,482,3965.85,1.292225201072386,9.045576407506704,3.876675603217158,12.92225201072386,98,0.0,Sufficient
22193,RED DINER WALL CLOCK,507,4115.7,1.3592493297587132,9.514745308310992,4.07774798927614,13.592493297587133,246,0.0,Sufficient
22194,BLACK DINER WALL CLOCK,304,2501.55,0.8150134048257373,5.705093833780161,2.445040214477212,8.150134048257373,51,0.0,Sufficient
22195,HEART MEASURING SPOONS LARGE,3013,4834.05,8.077747989276139,56.54423592493297,24.23324396782841,80.77747989276139,98,0.0,Sufficient
22196,SMALL HEART MEASURING SPOONS,3507,2937.92,9.402144772117962,65.81501340482573,28.206434316353885,94.0214477211796,411,0.0,Sufficient
22197,"POPCORN HOLDER , SMALL ",28773,21862.51,77.13941018766756,539.975871313673,231.41823056300268,771.3941018766757,305,466.3941018766757,Reorder
22198,"POPCORN HOLDER , LARGE",6191,9806.75,16.597855227882036,116.18498659517424,49.79356568364611,165.97855227882036,337,0.0,Sufficient
22199,FRYING PAN RED POLKADOT ,1306,5061.46,3.5013404825737267,24.50938337801609,10.50402144772118,35.01340482573727,304,0.0,Sufficient
22200,FRYING PAN PINK POLKADOT ,848,3474.0,2.2734584450402147,15.914209115281505,6.820375335120644,22.734584450402146,113,0.0,Sufficient
22201,FRYING PAN BLUE POLKADOT ,303,1215.75,0.8123324396782842,5.686327077747989,2.4369973190348526,8.123324396782841,23,0.0,Sufficient
22202,MILK PAN PINK RETROSPOT,922,3299.1,2.4718498659517425,17.302949061662197,7.415549597855227,24.718498659517422,297,0.0,Sufficient
22203,MILK PAN RED RETROSPOT,926,3424.26,2.482573726541555,17.378016085790883,7.447721179624665,24.825737265415547,188,0.0,Sufficient
22204,MILK PAN BLUE RETROSPOT,317,1136.91,0.8498659517426274,5.949061662198392,2.549597855227882,8.498659517426274,134,0.0,Sufficient
22207,FRYING PAN UNION FLAG,1719,6787.75,4.60857908847185,32.26005361930295,13.825737265415553,46.085790884718506,431,0.0,Sufficient
22208,WOOD STAMP SET THANK YOU,819,1329.75,2.195710455764075,15.369973190348524,6.5871313672922245,21.957104557640747,362,0.0,Sufficient
22209,WOOD STAMP SET HAPPY BIRTHDAY,455,745.95,1.2198391420911527,8.538873994638069,3.6595174262734576,12.198391420911529,32,0.0,Sufficient
22210,WOOD STAMP SET BEST WISHES,576,931.2,1.5442359249329758,10.809651474530831,4.632707774798927,15.442359249329758,72,0.0,Sufficient
22211,WOOD STAMP SET FLOWERS,503,825.15,1.3485254691689008,9.439678284182303,4.045576407506703,13.485254691689008,152,0.0,Sufficient
22212,FOUR HOOK  WHITE LOVEBIRDS,2351,4629.24,6.302949061662199,44.12064343163539,18.9088471849866,63.02949061662199,490,0.0,Sufficient
22214,CANDLE PLATE LACE WHITE,348,822.6,0.9329758713136728,6.53083109919571,2.798927613941019,9.32975871313673,162,0.0,Sufficient
22215,CAKE STAND WHITE TWO TIER LACE,706,5812.3,1.8927613941018768,13.249329758713136,5.67828418230563,18.92761394101877,154,0.0,Sufficient
22216,T-LIGHT HOLDER WHITE LACE,742,593.26,1.989276139410188,13.924932975871316,5.967828418230563,19.89276139410188,234,0.0,Sufficient
22217,T-LIGHT HOLDER HANGING LACE,1424,1704.76,3.8176943699731902,26.72386058981233,11.453083109919572,38.17694369973191,459,0.0,Sufficient
22218,CAKE STAND LACE WHITE,1112,4402.5,2.9812332439678286,20.8686327077748,8.943699731903486,29.812332439678286,471,0.0,Sufficient
22219,LOVEBIRD HANGING DECORATION WHITE ,5120,4290.38,13.726541554959786,96.0857908847185,41.17962466487936,137.26541554959786,318,0.0,Sufficient
22220,CAKE STAND LOVEBIRD 2 TIER WHITE,499,4750.45,1.3378016085790885,9.36461126005362,4.013404825737266,13.378016085790886,113,0.0,Sufficient
22221,CAKE STAND LOVEBIRD 2 TIER PINK,760,5374.6,2.037533512064343,14.262734584450405,6.11260053619303,20.375335120643435,113,0.0,Sufficient
22222,CAKE PLATE LOVEBIRD WHITE,404,1957.8,1.0831099195710456,7.58176943699732,3.249329758713137,10.831099195710458,444,0.0,Sufficient
22223,CAKE PLATE LOVEBIRD PINK,244,1157.4,0.6541554959785523,4.579088471849866,1.9624664879356568,6.541554959785524,48,0.0,Sufficient
22224,WHITE LOVEBIRD LANTERN,1442,4117.1,3.8659517426273458,27.06166219839142,11.597855227882038,38.65951742627346,444,0.0,Sufficient
22227,"DECORATION, HANGING HEART+MIRROR ",3348,2169.0,8.975871313672922,62.83109919571045,26.92761394101877,89.75871313672921,207,0.0,Sufficient
22228,BUNNY WOODEN PAINTED WITH BIRD ,626,532.0999999999999,1.67828418230563,11.74798927613941,5.03485254691689,16.7828418230563,143,0.0,Sufficient
22229,BUNNY WOODEN PAINTED WITH FLOWER ,365,310.25,0.9785522788203752,6.849865951742627,2.935656836461126,9.785522788203751,76,0.0,Sufficient
22230,JIGSAW TREE WITH WATERING CAN,441,374.85,1.1823056300268096,8.276139410187668,3.5469168900804284,11.823056300268096,400,0.0,Sufficient
22231,JIGSAW TREE WITH BIRDHOUSE,1109,1560.05,2.973190348525469,20.812332439678283,8.919571045576408,29.73190348525469,188,0.0,Sufficient
22232,3 PIECE JIGSAW TOADSTOOLS,396,640.6,1.061662198391421,7.431635388739947,3.184986595174263,10.61662198391421,465,0.0,Sufficient
22233,JIGSAW RABBIT AND BIRDHOUSE,344,567.6,0.9222520107238604,6.455764075067024,2.766756032171582,9.222520107238603,51,0.0,Sufficient
22236,CAKE STAND 3 TIER MAGIC GARDEN,779,9471.45,2.088471849865952,14.61930294906166,6.265415549597854,20.88471849865952,457,0.0,Sufficient
22241,"GARLAND , WOODEN  "" HAPPY EASTER""",2046,2337.78,5.485254691689008,38.396782841823054,16.455764075067023,54.85254691689008,24,30.85254691689008,Reorder
22242,"HOOK, 5 HANGER , MAGIC TOADSTOOL",4081,6390.45,10.941018766756033,76.58713136729223,32.8230563002681,109.41018766756034,120,0.0,Sufficient
22243,"HOOK, 5 HANGER ,MAGIC TOADSTOOL RED",4550,6967.5,12.198391420911529,85.3887399463807,36.59517426273459,121.98391420911528,166,0.0,Sufficient
22244,"HOOK, 3 HANGER ,MAGIC GARDEN",2975,5387.25,7.975871313672922,55.83109919571045,23.92761394101877,79.75871313672921,298,0.0,Sufficient
22245,"HOOK, 1 HANGER ,MAGIC GARDEN",3233,2649.29,8.667560321715818,60.67292225201073,26.00268096514745,86.67560321715818,487,0.0,Sufficient
22246,"GARLAND, MAGIC GARDEN 1.8M",614,1154.1,1.646112600536193,11.52278820375335,4.938337801608579,16.46112600536193,240,0.0,Sufficient
22247,BUNNY DECORATION MAGIC GARDEN,488,385.68,1.3083109919571043,9.158176943699733,3.9249329758713136,13.083109919571047,420,0.0,Sufficient
22248,DECORATION  PINK CHICK MAGIC GARDEN,391,328.19,1.0482573726541555,7.337801608579088,3.1447721179624666,10.482573726541554,429,0.0,Sufficient
22249,DECORATION WHITE CHICK MAGIC GARDEN,662,550.22,1.774798927613941,12.423592493297589,5.324396782841824,17.74798927613941,166,0.0,Sufficient
22250,DECORATION  BUTTERFLY  MAGIC GARDEN,571,460.39,1.5308310991957104,10.715817694369973,4.592493297587131,15.308310991957104,47,0.0,Sufficient
22251,BIRDHOUSE DECORATION MAGIC GARDEN,1099,1278.75,2.9463806970509383,20.62466487935657,8.839142091152816,29.463806970509385,450,0.0,Sufficient
22252,BIRDCAGE DECORATION MAGIC GARDEN,319,421.49,0.8552278820375335,5.986595174262734,2.5656836461126007,8.552278820375335,106,0.0,Sufficient
22253,6 CROCHET STRAWBERRIES,937,1096.39,2.512064343163539,17.584450402144775,7.536193029490617,25.120643431635397,494,0.0,Sufficient
22254,FELT TOADSTOOL LARGE,712,890.0,1.9088471849865951,13.361930294906166,5.726541554959786,19.088471849865957,420,0.0,Sufficient
22255,FELT TOADSTOOL  SMALL,485,412.25,1.3002680965147453,9.101876675603217,3.900804289544236,13.002680965147452,448,0.0,Sufficient
22256,FELT FARM ANIMAL CHICKEN,592,708.08,1.5871313672922251,11.109919571045577,4.761394101876675,15.871313672922252,298,0.0,Sufficient
22257,FELT FARM ANIMAL SHEEP,39,48.75,0.1045576407506702,0.7319034852546917,0.3136729222520107,1.0455764075067024,263,0.0,Sufficient
22258,FELT FARM ANIMAL RABBIT,391,456.83,1.0482573726541555,7.337801608579088,3.1447721179624666,10.482573726541554,205,0.0,Sufficient
22259,FELT FARM ANIMAL HEN,94,117.5,0.2520107238605898,1.7640750670241288,0.7560321715817695,2.520107238605898,95,0.0,Sufficient
22260,FELT EGG COSY BLUE RABBIT ,782,625.6999999999999,2.096514745308311,14.675603217158177,6.289544235924933,20.96514745308311,331,0.0,Sufficient
22261,FELT EGG COSY WHITE RABBIT ,1240,971.06,3.324396782841823,23.27077747989276,9.973190348525469,33.24396782841823,19,14.243967828418228,Reorder
22262,FELT EGG COSY CHICKEN,819,696.15,2.195710455764075,15.369973190348524,6.5871313672922245,21.957104557640747,14,7.957104557640747,Reorder
22263,FELT EGG COSY LADYBIRD ,467,359.51,1.2520107238605898,8.764075067024129,3.7560321715817695,12.5201072386059,132,0.0,Sufficient
22264,FELT FARM ANIMAL WHITE BUNNY ,424,358.84,1.136729222520107,7.957104557640751,3.410187667560322,11.367292225201073,339,0.0,Sufficient
22265,EASTER DECORATION NATURAL CHICK,1273,799.45,3.412868632707774,23.890080428954423,10.238605898123325,34.128686327077745,362,0.0,Sufficient
22266,EASTER DECORATION HANGING BUNNY,616,395.6,1.6514745308310992,11.560321715817697,4.954423592493297,16.514745308310992,127,0.0,Sufficient
22267,EASTER DECORATION EGG BUNNY ,629,600.73,1.6863270777479893,11.804289544235925,5.058981233243967,16.86327077747989,303,0.0,Sufficient
22268,EASTER DECORATION SITTING BUNNY,509,410.81,1.364611260053619,9.552278820375337,4.093833780160858,13.646112600536192,406,0.0,Sufficient
22269,EGG CUP NATURAL CHICKEN,560,674.16,1.5013404825737264,10.509383378016086,4.504021447721179,15.013404825737265,168,0.0,Sufficient
22270,HAPPY EASTER HANGING DECORATION,421,1544.19,1.128686327077748,7.9008042895442365,3.386058981233244,11.28686327077748,312,0.0,Sufficient
22271,FELTCRAFT DOLL ROSIE,3168,8735.54,8.493297587131368,59.453083109919575,25.479892761394105,84.93297587131369,237,0.0,Sufficient
22272,FELTCRAFT DOLL MARIA,1172,3199.6600000000003,3.1420911528150133,21.994638069705093,9.42627345844504,31.420911528150132,374,0.0,Sufficient
22273,FELTCRAFT DOLL MOLLY,2774,7687.94,7.436997319034853,52.05898123324397,22.31099195710456,74.36997319034853,225,0.0,Sufficient
22274,FELTCRAFT DOLL EMILY,2418,6624.960000000001,6.482573726541555,45.37801608579089,19.447721179624665,64.82573726541555,445,0.0,Sufficient
22275,WEEKEND BAG VINTAGE ROSE PAISLEY,902,7315.950000000001,2.418230563002681,16.927613941018766,7.254691689008043,24.18230563002681,193,0.0,Sufficient
22276,WASH BAG VINTAGE ROSE PAISLEY,1571,3839.55,4.2117962466487935,29.482573726541556,12.63538873994638,42.11796246648793,24,18.11796246648793,Reorder
22277,COSMETIC BAG VINTAGE ROSE PAISLEY,984,1980.4,2.6380697050938338,18.46648793565684,7.914209115281501,26.380697050938338,166,0.0,Sufficient
22278,OVERNIGHT BAG VINTAGE ROSE PAISLEY,589,2859.55,1.579088471849866,11.05361930294906,4.737265415549597,15.790884718498658,145,0.0,Sufficient
22279,POCKET BAG BLUE PAISLEY RED SPOT,599,1065.95,1.6058981233243967,11.241286863270776,4.81769436997319,16.058981233243966,270,0.0,Sufficient
22280,POCKET BAG PINK PAISELY BROWN SPOT,406,723.15,1.0884718498659518,7.619302949061662,3.265415549597855,10.884718498659517,166,0.0,Sufficient
22281,EASTER TREE YELLOW BIRDS,315,1549.65,0.8445040214477212,5.911528150134048,2.533512064343164,8.445040214477212,56,0.0,Sufficient
22282,12 EGG HOUSE PAINTED WOOD,364,3751.4,0.9758713136729222,6.831099195710456,2.927613941018767,9.758713136729224,333,0.0,Sufficient
22283,6 EGG HOUSE PAINTED WOOD,675,4902.25,1.8096514745308312,12.667560321715818,5.428954423592494,18.096514745308312,341,0.0,Sufficient
22284,HEN HOUSE DECORATION,1479,2242.95,3.96514745308311,27.75603217158177,11.89544235924933,39.6514745308311,182,0.0,Sufficient
22285,"DECORATION HEN ON NEST, HANGING",1810,2673.9,4.8525469168900806,33.96782841823057,14.557640750670242,48.52546916890081,139,0.0,Sufficient
22286,"DECORATION , WOBBLY RABBIT , METAL ",794,1112.7,2.128686327077748,14.900804289544237,6.386058981233244,21.28686327077748,420,0.0,Sufficient
22287,"DECORATION , WOBBLY CHICKEN, METAL ",536,687.0,1.4369973190348526,10.05898123324397,4.310991957104558,14.369973190348528,104,0.0,Sufficient
22288,"DECORATION , HANGING METAL RABBIT",813,851.25,2.1796246648793565,15.257372654155496,6.538873994638069,21.796246648793566,124,0.0,Sufficient
22289,"DECORATION , HANGING METAL CHICKEN",601,586.25,1.611260053619303,11.27882037533512,4.833780160857909,16.11260053619303,252,0.0,Sufficient
22290,STANDING METAL RABBIT WITH EGG,657,1168.2,1.7613941018766757,12.32975871313673,5.284182305630027,17.61394101876676,429,0.0,Sufficient
22291,"SPRING DEC , HANGING CHICK CREAM",1875,2423.55,5.02680965147453,35.187667560321714,15.080428954423592,50.26809651474531,301,0.0,Sufficient
22292,"SPRING DEC , HANGING CHICK  YELLOW",1558,2021.5,4.176943699731903,29.23860589812332,12.530831099195709,41.76943699731903,291,0.0,Sufficient
22293,"SPRING DEC , HANGING CHICK  GREEN",1088,1397.6,2.9168900804289546,20.41823056300268,8.750670241286864,29.168900804289542,308,0.0,Sufficient
22294,HEART FILIGREE DOVE  SMALL,11132,13404.28,29.84450402144772,208.91152815013405,89.53351206434317,298.4450402144772,292,6.445040214477217,Reorder
22295,HEART FILIGREE DOVE LARGE,5570,9008.1,14.932975871313673,104.53083109919572,44.79892761394102,149.32975871313673,78,71.32975871313673,Reorder
22296,HEART IVORY TRELLIS LARGE,6508,10471.8,17.447721179624665,122.13404825737264,52.343163538874,174.47721179624665,157,17.47721179624665,Reorder
22297,HEART IVORY TRELLIS SMALL,9216,11296.56,24.707774798927613,172.9544235924933,74.12332439678283,247.07774798927613,20,227.07774798927613,Reorder
22299,PIG KEYRING WITH LIGHT & SOUND ,2527,2976.35,6.774798927613941,47.42359249329758,20.324396782841823,67.7479892761394,263,0.0,Sufficient
22300,COFFEE MUG DOG + BALL DESIGN,2557,6188.25,6.855227882037534,47.98659517426274,20.565683646112603,68.55227882037534,339,0.0,Sufficient
22301,COFFEE MUG CAT + BIRD DESIGN,2717,6562.05,7.284182305630026,50.98927613941019,21.85254691689008,72.84182305630027,369,0.0,Sufficient
22302,COFFEE MUG PEARS  DESIGN,2521,5086.110000000001,6.758713136729223,47.31099195710456,20.276139410187668,67.58713136729223,47,20.58713136729223,Reorder
22303,COFFEE MUG APPLES DESIGN,2546,6071.1,6.825737265415549,47.78016085790885,20.47721179624665,68.25737265415549,143,0.0,Sufficient
22304,COFFEE MUG BLUE PAISLEY DESIGN,1632,3304.3500000000004,4.375335120643432,30.627345844504024,13.126005361930297,43.75335120643432,209,0.0,Sufficient
22305,COFFEE MUG PINK PAISLEY DESIGN,1570,3061.56,4.20911528150134,29.46380697050938,12.62734584450402,42.0911528150134,32,10.091152815013402,Reorder
22306,SILVER MUG BONE CHINA TREE OF LIFE,522,992.3,1.3994638069705094,9.796246648793566,4.198391420911529,13.994638069705095,312,0.0,Sufficient
22307,GOLD MUG BONE CHINA TREE OF LIFE,478,899.3,1.2815013404825737,8.970509383378015,3.844504021447721,12.815013404825736,355,0.0,Sufficient
22308,TEA COSY BLUE STRIPE,370,916.5,0.9919571045576407,6.943699731903485,2.975871313672922,9.919571045576408,311,0.0,Sufficient
22309,TEA COSY RED  STRIPE,916,2144.1,2.455764075067024,17.19034852546917,7.367292225201072,24.55764075067024,372,0.0,Sufficient
22310,KNITTED MUG COSY IVORY COLOUR ,988,1507.0,2.648793565683646,18.54155495978552,7.946380697050938,26.48793565683646,405,0.0,Sufficient
22311,OFFICE MUG WARMER BLACK+SILVER ,897,2692.75,2.404825737265416,16.83378016085791,7.214477211796247,24.04825737265416,227,0.0,Sufficient
22312,OFFICE MUG WARMER POLKADOT,529,1840.9500000000005,1.418230563002681,9.927613941018768,4.254691689008043,14.18230563002681,150,0.0,Sufficient
22313,OFFICE MUG WARMER PINK,436,1525.8000000000002,1.168900804289544,8.182305630026809,3.5067024128686324,11.68900804289544,113,0.0,Sufficient
22314,OFFICE MUG WARMER CHOC+BLUE,541,1993.55,1.450402144772118,10.152815013404826,4.351206434316354,14.50402144772118,455,0.0,Sufficient
22315,200 RED + WHITE BENDY STRAWS,1226,1482.34,3.28686327077748,23.00804289544236,9.86058981233244,32.86863270777479,219,0.0,Sufficient
22316,200 BENDY SKULL STRAWS,601,682.85,1.611260053619303,11.27882037533512,4.833780160857909,16.11260053619303,482,0.0,Sufficient
22317,FIVE CATS HANGING DECORATION,279,820.6500000000001,0.7479892761394102,5.235924932975872,2.2439678284182305,7.479892761394102,490,0.0,Sufficient
22318,FIVE HEART HANGING DECORATION,1099,3220.4500000000003,2.9463806970509383,20.62466487935657,8.839142091152816,29.463806970509385,120,0.0,Sufficient
22319,HAIRCLIPS FORTIES FABRIC ASSORTED,1647,1070.55,4.415549597855228,30.908847184986595,13.246648793565685,44.15549597855228,113,0.0,Sufficient
22320,BIRDS MOBILE VINTAGE DESIGN,398,2308.1000000000004,1.0670241286863271,7.46916890080429,3.201072386058981,10.67024128686327,325,0.0,Sufficient
22321,BIRD DECORATION RED SPOT,1537,1286.1699999999998,4.120643431635389,28.84450402144772,12.361930294906166,41.20643431635389,180,0.0,Sufficient
22322,BIRD DECORATION GREEN  SPOT,670,569.5,1.7962466487935658,12.57372654155496,5.3887399463806975,17.962466487935657,469,0.0,Sufficient
22323,PINK POLKADOT KIDS BAG,569,1381.95,1.5254691689008042,10.67828418230563,4.576407506702413,15.254691689008045,365,0.0,Sufficient
22324,BLUE POLKADOT KIDS BAG,327,881.85,0.8766756032171582,6.136729222520107,2.6300268096514747,8.766756032171582,333,0.0,Sufficient
22325,MOBILE VINTAGE HEARTS ,287,1387.05,0.7694369973190348,5.386058981233243,2.3083109919571045,7.694369973190348,142,0.0,Sufficient
22326,"ROUND SNACK BOXES ,SET4, WOODLAND ",6811,18873.25,18.260053619302948,127.82037533512064,54.78016085790884,182.60053619302948,385,0.0,Sufficient
22327,ROUND SNACK BOXES SET OF 4 SKULLS,1826,5170.700000000001,4.89544235924933,34.26809651474531,14.68632707774799,48.9544235924933,302,0.0,Sufficient
22328,"ROUND SNACK BOXES ,SET 4, FRUITS ",7605,20544.75,20.388739946380696,142.72117962466487,61.16621983914209,203.88739946380696,337,0.0,Sufficient
22329,ROUND CONTAINER SET OF 5 RETROSPOT,3406,5288.5,9.1313672922252,63.91957104557641,27.39410187667561,91.313672922252,136,0.0,Sufficient
22330,72 ROUND PINK DOILIES,115,166.75,0.3083109919571045,2.158176943699732,0.9249329758713136,3.0831099195710454,115,0.0,Sufficient
22331,WOODLAND PARTY BAG + STICKER SET,1761,2819.25,4.721179624664879,33.04825737265416,14.163538873994638,47.2117962466488,101,0.0,Sufficient
22332,SKULLS PARTY BAG + STICKER SET,3103,4734.349999999999,8.319034852546917,58.233243967828415,24.95710455764075,83.19034852546916,296,0.0,Sufficient
22333,RETRO SPORT PARTY BAG + STICKER SET,5542,8488.3,14.857908847184987,104.00536193029492,44.57372654155496,148.57908847184987,387,0.0,Sufficient
22334,DINOSAUR PARTY BAG + STICKER SET,1528,2385.2,4.096514745308311,28.675603217158177,12.289544235924932,40.96514745308311,402,0.0,Sufficient
22335,HEART DECORATION PAINTED ZINC ,6062,3678.7,16.25201072386059,113.76407506702412,48.756032171581765,162.52010723860587,60,102.52010723860587,Reorder
22336,DOVE DECORATION PAINTED ZINC ,2212,1380.2,5.93029490616622,41.51206434316354,17.79088471849866,59.30294906166221,38,21.302949061662204,Reorder
22337,ANGEL DECORATION PAINTED ZINC ,1554,923.7,4.166219839142091,29.16353887399464,12.498659517426272,41.66219839142091,471,0.0,Sufficient
22338,STAR DECORATION PAINTED ZINC ,1386,872.1,3.715817694369973,26.01072386058981,11.14745308310992,37.15817694369973,305,0.0,Sufficient
22339,CHRISTMAS TREE PAINTED ZINC ,1049,681.85,2.812332439678284,19.68632707774799,8.436997319034852,28.12332439678284,306,0.0,Sufficient
22340,NOEL GARLAND PAINTED ZINC ,365,602.25,0.9785522788203752,6.849865951742627,2.935656836461126,9.785522788203751,223,0.0,Sufficient
22341,LOVE GARLAND PAINTED ZINC ,2939,4599.75,7.879356568364611,55.155495978552274,23.638069705093837,78.79356568364611,276,0.0,Sufficient
22342,HOME GARLAND PAINTED ZINC ,775,1259.55,2.0777479892761392,14.544235924932975,6.233243967828418,20.77747989276139,416,0.0,Sufficient
22343,PARTY PIZZA DISH RED WHITE SPOT ,1292,1051.4,3.4638069705093835,24.246648793565683,10.39142091152815,34.638069705093834,266,0.0,Sufficient
22344,PARTY PIZZA DISH PINK+WHITE SPOT ,310,263.5,0.8310991957104558,5.81769436997319,2.493297587131367,8.310991957104557,311,0.0,Sufficient
22345,PARTY PIZZA DISH BLUE+WHITE SPOT ,342,290.7,0.9168900804289544,6.41823056300268,2.750670241286863,9.168900804289542,110,0.0,Sufficient
22346,PARTY PIZZA DISH GREEN+WHITE SPOT ,259,210.79,0.6943699731903485,4.86058981233244,2.0831099195710454,6.943699731903485,414,0.0,Sufficient
22347,PIZZA SLICE DISH,2641,2936.4500000000003,7.080428954423592,49.56300268096514,21.241286863270776,70.80428954423591,355,0.0,Sufficient
22348,TEA BAG PLATE RED SPOTTY ,8115,6510.87,21.75603217158177,152.29222520107237,65.26809651474531,217.56032171581768,119,98.56032171581768,Reorder
22349,"DOG BOWL , CHASING BALL DESIGN",1057,3881.07,2.8337801608579087,19.83646112600536,8.501340482573726,28.337801608579085,429,0.0,Sufficient
22350,CAT BOWL ,1247,3040.29,3.3431635388739944,23.40214477211796,10.029490616621985,33.43163538873994,191,0.0,Sufficient
22352,LUNCHBOX WITH CUTLERY RETROSPOT ,3913,9359.4,10.490616621983914,73.4343163538874,31.471849865951743,104.90616621983914,480,0.0,Sufficient
22353,LUNCHBOX WITH CUTLERY FAIRY CAKES ,2740,6560.400000000001,7.345844504021447,51.42091152815013,22.037533512064343,73.45844504021447,322,0.0,Sufficient
22354,RETRO SPOT PADDED SEAT CUSHION,1409,5071.35,3.777479892761394,26.44235924932976,11.332439678284182,37.77479892761394,10,27.774798927613944,Reorder
22355,"CHARLOTTE BAG , SUKI DESIGN",10807,8604.85,28.97319034852547,202.8123324396783,86.91957104557642,289.73190348525475,328,0.0,Sufficient
22356,"CHARLOTTE BAG , PINK/WHITE SPOTS",9397,7550.65,25.19302949061662,176.35120643431634,75.57908847184986,251.93029490616615,447,0.0,Sufficient
22357,KINGS CHOICE BISCUIT TIN,1565,6779.49,4.195710455764075,29.369973190348528,12.587131367292226,41.957104557640754,64,0.0,Sufficient
22358,KINGS CHOICE TEA CADDY ,1854,5198.1,4.970509383378016,34.793565683646115,14.91152815013405,49.70509383378017,380,0.0,Sufficient
22359,GLASS JAR KINGS CHOICE,1074,3301.58,2.8793565683646114,20.15549597855228,8.638069705093834,28.793565683646115,433,0.0,Sufficient
22360,"GLASS JAR, ENGLISH CONFECTIONERY",1418,3851.9,3.801608579088472,26.6112600536193,11.404825737265416,38.01608579088472,408,0.0,Sufficient
22361,GLASS JAR DAISY FRESH COTTON WOOL,999,2738.25,2.67828418230563,18.747989276139407,8.03485254691689,26.78284182305629,158,0.0,Sufficient
22362,GLASS JAR PEACOCK BATH SALTS,326,956.9,0.8739946380697051,6.117962466487936,2.6219839142091157,8.73994638069705,440,0.0,Sufficient
22363,GLASS JAR MARMALADE ,282,810.3000000000001,0.7560321715817694,5.292225201072386,2.268096514745308,7.560321715817693,466,0.0,Sufficient
22364,GLASS JAR DIGESTIVE BISCUITS,1380,4144.28,3.6997319034852554,25.89812332439678,11.099195710455763,36.99731903485255,318,0.0,Sufficient
22365,DOORMAT RESPECTABLE HOUSE,1515,9068.21,4.061662198391421,28.431635388739945,12.184986595174262,40.61662198391421,146,0.0,Sufficient
22366,DOORMAT AIRMAIL ,1665,10170.39,4.463806970509383,31.246648793565683,13.391420911528147,44.63806970509384,211,0.0,Sufficient
22367,CHILDS APRON SPACEBOY DESIGN,4225,7850.849999999999,11.327077747989277,79.28954423592494,33.98123324396783,113.27077747989276,445,0.0,Sufficient
22371,AIRLINE BAG VINTAGE TOKYO 78,718,3583.1,1.9249329758713136,13.474530831099194,5.774798927613941,19.24932975871313,322,0.0,Sufficient
22372,AIRLINE BAG VINTAGE WORLD CHAMPION ,311,1644.25,0.8337801608579088,5.836461126005362,2.5013404825737267,8.337801608579088,126,0.0,Sufficient
22374,AIRLINE BAG VINTAGE JET SET RED,460,2450.0,1.2332439678284182,8.632707774798927,3.6997319034852554,12.332439678284182,163,0.0,Sufficient
22375,AIRLINE BAG VINTAGE JET SET BROWN,233,1178.95,0.6246648793565683,4.372654155495979,1.873994638069705,6.246648793565684,434,0.0,Sufficient
22376,AIRLINE BAG VINTAGE JET SET WHITE,265,1365.65,0.710455764075067,4.97319034852547,2.1313672922252014,7.104557640750671,300,0.0,Sufficient
22377,BOTTLE BAG RETROSPOT ,2174,4230.4,5.828418230563003,40.79892761394102,17.485254691689008,58.284182305630026,72,0.0,Sufficient
22378,WALL TIDY RETROSPOT ,1382,2802.2,3.7050938337801607,25.935656836461124,11.115281501340482,37.0509383378016,253,0.0,Sufficient
22379,RECYCLING BAG RETROSPOT ,8411,16417.85,22.549597855227884,157.84718498659518,67.64879356568365,225.4959785522788,34,191.4959785522788,Reorder
22380,TOY TIDY SPACEBOY  ,3517,6809.15,9.428954423592494,66.00268096514745,28.28686327077748,94.28954423592492,99,0.0,Sufficient
22381,TOY TIDY PINK RETROSPOT  ,5664,11083.1,15.184986595174262,106.29490616621985,45.55495978552278,151.84986595174263,84,67.84986595174263,Reorder
22382,LUNCHBAG SPACEBOY DESIGN ,9732,15547.0,26.091152815013405,182.63806970509384,78.27345844504022,260.9115281501341,303,0.0,Sufficient
22383,LUNCHBAG SUKI  DESIGN ,12516,19869.4,33.55495978552279,234.88471849865957,100.66487935656838,335.54959785522794,395,0.0,Sufficient
22384,LUNCHBAG PINK RETROSPOT,10219,16297.35,27.396782841823057,191.7774798927614,82.19034852546918,273.96782841823057,400,0.0,Sufficient
22385,JUMBO BAG SPACEBOY DESIGN,8307,14761.65,22.27077747989276,155.89544235924933,66.81233243967829,222.70777479892763,219,3.7077747989276304,Reorder
22386,JUMBO BAG PINK WITH WHITE SPOTS,17532,31122.3,47.002680965147455,329.01876675603216,141.00804289544237,470.02680965147454,484,0.0,Sufficient
22389,PAPERWEIGHT SAVE THE PLANET,307,593.85,0.8230563002680965,5.761394101876675,2.4691689008042896,8.230563002680965,427,0.0,Sufficient
22390,PAPERWEIGHT CHILDHOOD MEMORIES,542,987.9,1.4530831099195711,10.171581769436996,4.359249329758713,14.53083109919571,356,0.0,Sufficient
22391,PAPERWEIGHT HOME SWEET HOME,159,359.25,0.4262734584450402,2.983914209115281,1.2788203753351206,4.262734584450402,26,0.0,Sufficient
22393,PAPERWEIGHT VINTAGE COLLAGE,315,676.95,0.8445040214477212,5.911528150134048,2.533512064343164,8.445040214477212,137,0.0,Sufficient
22394,PAPERWEIGHT KINGS CHOICE ,177,308.55,0.4745308310991957,3.3217158176943697,1.423592493297587,4.745308310991957,436,0.0,Sufficient
22395,PAPERWEIGHT VINTAGE PAISLEY,80,183.6,0.2144772117962466,1.5013404825737269,0.6434316353887399,2.1447721179624666,452,0.0,Sufficient
22396,MAGNETS PACK OF 4 RETRO PHOTO,667,790.4300000000001,1.7882037533512063,12.517426273458446,5.36461126005362,17.882037533512065,373,0.0,Sufficient
22398,MAGNETS PACK OF 4 SWALLOWS,1719,2141.91,4.60857908847185,32.26005361930295,13.825737265415553,46.085790884718506,260,0.0,Sufficient
22399,MAGNETS PACK OF 4 CHILDHOOD MEMORY,2914,3409.94,7.8123324396782845,54.68632707774799,23.43699731903485,78.12332439678283,188,0.0,Sufficient
22400,MAGNETS PACK OF 4 HOME SWEET HOME,1066,1327.94,2.8579088471849867,20.005361930294907,8.57372654155496,28.579088471849865,191,0.0,Sufficient
22402,MAGNETS PACK OF 4 VINTAGE COLLAGE,1709,1972.09,4.581769436997319,32.07238605898123,13.745308310991955,45.81769436997318,161,0.0,Sufficient
22403,MAGNETS PACK OF 4 VINTAGE LABELS ,392,487.72,1.0509383378016086,7.3565683646112605,3.152815013404826,10.509383378016086,34,0.0,Sufficient
22405,MONEY BOX POCKET MONEY DESIGN,1280,1570.36,3.4316353887399464,24.021447721179623,10.29490616621984,34.316353887399465,464,0.0,Sufficient
22406,MONEY BOX KINGS CHOICE DESIGN,2116,2674.64,5.672922252010724,39.71045576407507,17.01876675603217,56.72922252010724,189,0.0,Sufficient
22407,MONEY BOX FIRST ADE DESIGN,334,399.26,0.8954423592493298,6.2680965147453085,2.6863270777479893,8.954423592493297,207,0.0,Sufficient
22408,MONEY BOX CONFECTIONERY DESIGN,502,616.1,1.3458445040214475,9.420911528150134,4.037533512064343,13.458445040214476,353,0.0,Sufficient
22409,MONEY BOX BISCUITS DESIGN,1446,1932.9,3.876675603217158,27.136729222520103,11.630026809651474,38.76675603217158,170,0.0,Sufficient
22410,MONEY BOX HOUSEKEEPING DESIGN,1105,1369.85,2.962466487935657,20.7372654155496,8.88739946380697,29.624664879356565,186,0.0,Sufficient
22411,JUMBO SHOPPER VINTAGE RED PAISLEY,14137,25542.15,37.90080428954423,265.30563002680964,113.7024128686327,379.0080428954424,294,85.00804289544237,Reorder
22412,METAL SIGN NEIGHBOURHOOD WITCH ,1415,2889.0000000000005,3.7935656836461127,26.55495978552279,11.380697050938338,37.93565683646113,72,0.0,Sufficient
22413,METAL SIGN TAKE IT OR LEAVE IT ,3178,8375.02,8.520107238605899,59.64075067024129,25.560321715817697,85.20107238605898,159,0.0,Sufficient
22414,DOORMAT NEIGHBOURHOOD WITCH ,872,4653.38,2.3378016085790883,16.364611260053618,7.013404825737265,23.378016085790883,163,0.0,Sufficient
22415,WHITE TISSUE REAM,307,2440.65,0.8230563002680965,5.761394101876675,2.4691689008042896,8.230563002680965,165,0.0,Sufficient
22416,36 DOILIES SPACEBOY DESIGN ,1094,1528.7,2.932975871313673,20.530831099195712,8.79892761394102,29.329758713136734,379,0.0,Sufficient
22417,PACK OF 60 SPACEBOY CAKE CASES,12936,6412.8,34.68096514745308,242.76675603217157,104.04289544235924,346.8096514745308,478,0.0,Sufficient
22418,10 COLOUR SPACEBOY PEN,6039,5020.83,16.19034852546917,113.33243967828416,48.57104557640751,161.90348525469167,58,103.90348525469167,Reorder
22419,LIPSTICK PEN RED,2956,1168.08,7.924932975871314,55.4745308310992,23.77479892761394,79.24932975871313,464,0.0,Sufficient
22420,LIPSTICK PEN BABY PINK,620,258.96,1.6621983914209115,11.63538873994638,4.986595174262734,16.621983914209114,346,0.0,Sufficient
22421,LIPSTICK PEN FUSCHIA,1879,764.46,5.037533512064343,35.2627345844504,15.112600536193028,50.37533512064343,93,0.0,Sufficient
22422,TOOTHPASTE TUBE PEN,1127,702.5500000000001,3.0214477211796247,21.15013404825737,9.064343163538874,30.214477211796243,370,0.0,Sufficient
22423,REGENCY CAKESTAND 3 TIER,12484,143727.6,33.46916890080429,234.28418230563005,100.40750670241287,334.69168900804294,186,148.69168900804294,Reorder
22424,ENAMEL BREAD BIN CREAM,614,7432.5,1.646112600536193,11.52278820375335,4.938337801608579,16.46112600536193,157,0.0,Sufficient
22425,ENAMEL COLLANDER CREAM,381,1832.75,1.021447721179625,7.150134048257373,3.064343163538874,10.214477211796249,127,0.0,Sufficient
22426,ENAMEL WASH BOWL CREAM,535,1890.25,1.4343163538873995,10.040214477211796,4.302949061662199,14.343163538873997,351,0.0,Sufficient
22427,ENAMEL FLOWER JUG CREAM,1072,6192.900000000001,2.873994638069705,20.11796246648794,8.621983914209116,28.739946380697056,485,0.0,Sufficient
22428,ENAMEL FIRE BUCKET CREAM,218,1507.3,0.5844504021447721,4.091152815013404,1.7533512064343162,5.844504021447721,72,0.0,Sufficient
22429,ENAMEL MEASURING JUG CREAM,1002,4108.5,2.6863270777479893,18.804289544235925,8.058981233243967,26.86327077747989,198,0.0,Sufficient
22430,ENAMEL WATERING CAN CREAM,757,3334.19,2.029490616621984,14.206434316353883,6.088471849865951,20.294906166219835,369,0.0,Sufficient
22431,WATERING CAN BLUE ELEPHANT,1232,2384.4,3.3029490616621984,23.12064343163539,9.908847184986596,33.029490616621985,58,0.0,Sufficient
22432,WATERING CAN PINK BUNNY,1763,3148.77,4.726541554959786,33.0857908847185,14.179624664879356,47.265415549597854,336,0.0,Sufficient
22433,WATERING CAN GREEN DINOSAUR,1357,2389.29,3.6380697050938338,25.46648793565684,10.9142091152815,36.38069705093834,266,0.0,Sufficient
22434,BALLOON PUMP WITH 10 BALLOONS,1779,3205.05,4.769436997319035,33.38605898123325,14.308310991957104,47.69436997319036,233,0.0,Sufficient
22435,SET OF 9 HEART SHAPED BALLOONS,2130,2643.5,5.710455764075067,39.97319034852547,17.1313672922252,57.10455764075067,150,0.0,Sufficient
22436,12 COLOURED PARTY BALLOONS,2116,1309.4,5.672922252010724,39.71045576407507,17.01876675603217,56.72922252010724,487,0.0,Sufficient
22437,SET OF 9 BLACK SKULL BALLOONS,3651,2973.35,9.788203753351208,68.51742627345844,29.36461126005362,97.88203753351206,224,0.0,Sufficient
22438,BALLOON ART MAKE YOUR OWN FLOWERS,455,872.25,1.2198391420911527,8.538873994638069,3.6595174262734576,12.198391420911529,444,0.0,Sufficient
22439,6 ROCKET BALLOONS ,1999,1299.35,5.359249329758713,37.51474530831099,16.07774798927614,53.59249329758713,388,0.0,Sufficient
22440,BALLOON WATER BOMB PACK OF 35,2486,1006.92,6.664879356568365,46.65415549597856,19.994638069705097,66.64879356568366,449,0.0,Sufficient
22441,GROW YOUR OWN BASIL IN ENAMEL MUG,1594,3299.4,4.273458445040214,29.9142091152815,12.820375335120644,42.73458445040215,220,0.0,Sufficient
22442,GROW YOUR OWN FLOWERS SET OF 3,575,3547.41,1.5415549597855227,10.79088471849866,4.624664879356568,15.415549597855229,327,0.0,Sufficient
22443,GROW YOUR OWN HERBS SET OF 3,507,3824.49,1.3592493297587132,9.514745308310992,4.07774798927614,13.592493297587133,41,0.0,Sufficient
22444,GROW YOUR OWN PLANT IN A CAN ,8438,10324.06,22.621983914209117,158.3538873994638,67.86595174262735,226.21983914209116,167,59.21983914209113,Reorder
22445,PENCIL CASE LIFE IS BEAUTIFUL,729,2128.9500000000003,1.9544235924932976,13.680965147453083,5.863270777479893,19.544235924932977,294,0.0,Sufficient
22446,PIN CUSHION RUSSIAN DOLL PINK,175,586.25,0.4691689008042895,3.2841823056300266,1.4075067024128685,4.691689008042895,314,0.0,Sufficient
22447,PIN CUSHION RUSSIAN DOLL BLUE,106,355.1,0.2841823056300268,1.989276139410188,0.8525469168900806,2.841823056300268,438,0.0,Sufficient
22448,PIN CUSHION RUSSIAN DOLL RED,547,1736.45,1.4664879356568363,10.265415549597856,4.39946380697051,14.664879356568369,486,0.0,Sufficient
22449,SILK PURSE RUSSIAN DOLL PINK,857,2822.9500000000003,2.297587131367292,16.083109919571044,6.892761394101877,22.97587131367292,295,0.0,Sufficient
22450,SILK PURSE RUSSIAN DOLL BLUE,652,2160.2000000000003,1.7479892761394102,12.235924932975871,5.243967828418231,17.4798927613941,153,0.0,Sufficient
22451,SILK PURSE RUSSIAN DOLL RED,1087,3545.4500000000003,2.9142091152815013,20.39946380697051,8.742627345844504,29.142091152815013,433,0.0,Sufficient
22452,MEASURING TAPE RUSSIAN DOLL PINK,589,1665.15,1.579088471849866,11.05361930294906,4.737265415549597,15.790884718498658,28,0.0,Sufficient
22453,MEASURING TAPE RUSSIAN DOLL BLUE,419,1180.85,1.123324396782842,7.863270777479894,3.3699731903485257,11.23324396782842,27,0.0,Sufficient
22454,MEASURING TAPE RUSSIAN DOLL RED,1223,3367.8500000000004,3.278820375335121,22.951742627345844,9.836461126005362,32.788203753351205,266,0.0,Sufficient
22456,NATURAL SLATE CHALKBOARD LARGE ,2595,10957.41,6.957104557640751,48.69973190348526,20.87131367292225,69.57104557640751,87,0.0,Sufficient
22457,NATURAL SLATE HEART CHALKBOARD ,5997,16866.95,16.07774798927614,112.544235924933,48.23324396782842,160.77747989276142,380,0.0,Sufficient
22458,CAST IRON HOOK GARDEN FORK,978,2238.38,2.6219839142091157,18.353887399463808,7.865951742627345,26.219839142091157,184,0.0,Sufficient
22459,CAST IRON HOOK GARDEN TROWEL,965,2212.43,2.5871313672922254,18.109919571045577,7.761394101876676,25.87131367292225,203,0.0,Sufficient
22460,EMBOSSED GLASS TEALIGHT HOLDER,1933,2359.25,5.18230563002681,36.27613941018767,15.546916890080428,51.82305630026809,485,0.0,Sufficient
22461,SAVOY ART DECO CLOCK,166,2001.3,0.4450402144772118,3.115281501340483,1.3351206434316354,4.450402144772118,122,0.0,Sufficient
22464,HANGING METAL HEART LANTERN,4272,6844.8,11.453083109919572,80.171581769437,34.35924932975871,114.53083109919572,123,0.0,Sufficient
22465,HANGING METAL STAR LANTERN,2475,4006.95,6.6353887399463805,46.447721179624665,19.906166219839143,66.35388739946382,231,0.0,Sufficient
22466,FAIRY TALE COTTAGE NIGHTLIGHT,2721,4852.349999999999,7.294906166219839,51.06434316353887,21.88471849865952,72.94906166219839,175,0.0,Sufficient
22467,GUMBALL COAT RACK,4114,9343.68,11.029490616621985,77.20643431635389,33.088471849865954,110.29490616621985,444,0.0,Sufficient
22468,BABUSHKA LIGHTS STRING OF 10,1200,7447.0,3.2171581769437,22.5201072386059,9.6514745308311,32.171581769437,328,0.0,Sufficient
22469,HEART OF WICKER SMALL,10391,16765.91,27.857908847184987,195.0053619302949,83.57372654155496,278.57908847184984,141,137.57908847184984,Reorder
22470,HEART OF WICKER LARGE,8246,23551.18,22.10723860589812,154.75067024128683,66.32171581769437,221.07238605898124,394,0.0,Sufficient
22471,TV DINNER TRAY AIR HOSTESS ,205,979.05,0.5495978552278821,3.8471849865951744,1.648793565683646,5.495978552278821,273,0.0,Sufficient
22472,TV DINNER TRAY DOLLY GIRL,764,3449.8,2.0482573726541555,14.337801608579088,6.144772117962466,20.482573726541556,422,0.0,Sufficient
22473,TV DINNER TRAY VINTAGE PAISLEY,312,1425.2,0.8364611260053619,5.855227882037534,2.5093833780160857,8.36461126005362,64,0.0,Sufficient
22474,SPACEBOY TV DINNER TRAY,658,2958.7,1.7640750670241288,12.3485254691689,5.2922252010723865,17.64075067024129,368,0.0,Sufficient
22475,SKULL DESIGN TV DINNER TRAY,417,1866.55,1.1179624664879355,7.82573726541555,3.353887399463807,11.179624664879356,140,0.0,Sufficient
22476,EMPIRE UNION JACK TV DINNER TRAY,422,1988.1,1.1313672922252012,7.919571045576408,3.3941018766756037,11.31367292225201,297,0.0,Sufficient
22477,WATERING CAN GARDEN MARKER,978,1220.6,2.6219839142091157,18.353887399463808,7.865951742627345,26.219839142091157,275,0.0,Sufficient
22478,BIRDHOUSE GARDEN MARKER ,1129,1411.25,3.026809651474531,21.18766756032172,9.080428954423592,30.26809651474531,467,0.0,Sufficient
22479,DAISY GARDEN MARKER,757,944.35,2.029490616621984,14.206434316353883,6.088471849865951,20.294906166219835,476,0.0,Sufficient
22480,RED TEA TOWEL CLASSIC DESIGN,1706,2059.54,4.57372654155496,32.01608579088472,13.72117962466488,45.7372654155496,375,0.0,Sufficient
22481,BLACK TEA TOWEL CLASSIC DESIGN,447,558.75,1.198391420911528,8.388739946380696,3.5951742627345844,11.98391420911528,171,0.0,Sufficient
22482,BLUE TEA TOWEL CLASSIC DESIGN,1831,2161.07,4.908847184986596,34.361930294906166,14.726541554959788,49.088471849865954,389,0.0,Sufficient
22483,RED GINGHAM TEDDY BEAR ,1102,3086.1000000000004,2.954423592493298,20.680965147453083,8.863270777479894,29.544235924932977,490,0.0,Sufficient
22485,SET OF 2 WOODEN MARKET CRATES,541,6595.349999999999,1.450402144772118,10.152815013404826,4.351206434316354,14.50402144772118,96,0.0,Sufficient
22486,PLASMATRONIC LAMP,35,435.45,0.0938337801608579,0.6568364611260054,0.2815013404825737,0.938337801608579,64,0.0,Sufficient
22487,WHITE WOOD GARDEN PLANT LADDER,804,7561.9,2.155495978552279,15.088471849865952,6.466487935656836,21.55495978552279,485,0.0,Sufficient
22488,NATURAL SLATE RECTANGLE CHALKBOARD,3583,5716.35,9.605898123324398,67.24128686327079,28.817694369973196,96.05898123324398,297,0.0,Sufficient
22489,PACK OF 12 TRADITIONAL CRAYONS,7906,3189.48,21.195710455764075,148.36997319034853,63.58713136729223,211.9571045576408,187,24.957104557640776,Reorder
22491,PACK OF 12 COLOURED PENCILS,3535,2805.07,9.47721179624665,66.34048257372655,28.43163538873995,94.7721179624665,400,0.0,Sufficient
22492,MINI PAINT SET VINTAGE ,18661,11749.05,50.02949061662199,350.2064343163539,150.08847184986595,500.2949061662199,358,142.2949061662199,Reorder
22493,PAINT YOUR OWN CANVAS SET,2214,3470.7,5.935656836461126,41.54959785522788,17.806970509383376,59.356568364611256,17,42.356568364611256,Reorder
22494,EMERGENCY FIRST AID TIN ,1700,2106.76,4.557640750670242,31.90348525469169,13.672922252010723,45.57640750670242,330,0.0,Sufficient
22495,SET OF 2 ROUND TINS CAMEMBERT ,650,1845.5,1.742627345844504,12.198391420911529,5.227882037533512,17.426273458445042,322,0.0,Sufficient
22496,SET OF 2 ROUND TINS DUTCH CHEESE,457,1319.35,1.225201072386059,8.576407506702413,3.675603217158177,12.25201072386059,256,0.0,Sufficient
22497,SET OF 2 TINS VINTAGE BATHROOM ,670,2797.5,1.7962466487935658,12.57372654155496,5.3887399463806975,17.962466487935657,332,0.0,Sufficient
22498,WOODEN REGATTA BUNTING,764,4353.8,2.0482573726541555,14.337801608579088,6.144772117962466,20.482573726541556,481,0.0,Sufficient
22499,WOODEN UNION JACK BUNTING,1441,8381.95,3.863270777479893,27.04289544235925,11.589812332439678,38.63270777479893,480,0.0,Sufficient
22500,SET OF 2 TINS JARDIN DE PROVENCE,326,1596.9,0.8739946380697051,6.117962466487936,2.6219839142091157,8.73994638069705,452,0.0,Sufficient
22501,PICNIC BASKET WICKER LARGE,872,8084.8,2.3378016085790883,16.364611260053618,7.013404825737265,23.378016085790883,264,0.0,Sufficient
22502,PICNIC BASKET WICKER SMALL,1635,7625.05,4.383378016085791,30.68364611260053,13.150134048257373,43.83378016085791,337,0.0,Sufficient
22503,CABIN BAG VINTAGE PAISLEY,48,1347.6,0.128686327077748,0.900804289544236,0.386058981233244,1.28686327077748,63,0.0,Sufficient
22504,CABIN BAG VINTAGE RETROSPOT,117,3204.15,0.3136729222520107,2.195710455764075,0.941018766756032,3.136729222520107,258,0.0,Sufficient
22505,MEMO BOARD COTTAGE DESIGN,2279,10486.75,6.109919571045577,42.76943699731903,18.32975871313673,61.09919571045576,248,0.0,Sufficient
22507,MEMO BOARD RETROSPOT  DESIGN,2650,11574.3,7.10455764075067,49.73190348525469,21.31367292225201,71.0455764075067,238,0.0,Sufficient
22508,DOORSTOP RETROSPOT HEART,1220,4499.04,3.2707774798927614,22.89544235924933,9.812332439678285,32.707774798927616,76,0.0,Sufficient
22509,SEWING BOX RETROSPOT DESIGN ,174,2793.3,0.4664879356568364,3.265415549597855,1.3994638069705094,4.664879356568365,60,0.0,Sufficient
22510,DOORSTOP RUSSIAN DOLL GINGHAM,107,395.49,0.2868632707774799,2.0080428954423595,0.8605898123324398,2.8686327077747995,106,0.0,Sufficient
22511,DOORSTOP RUSSIAN DOLL RETROSPOT,150,550.98,0.4021447721179624,2.8150134048257374,1.206434316353887,4.021447721179625,101,0.0,Sufficient
22512,DOORSTOP RACING CAR DESIGN,258,655.98,0.6916890080428955,4.841823056300268,2.0750670241286864,6.916890080428955,273,0.0,Sufficient
22513,DOORSTOP FOOTBALL DESIGN,426,1285.98,1.1420911528150135,7.994638069705094,3.4262734584450403,11.420911528150135,427,0.0,Sufficient
22514,CHILDS GARDEN SPADE BLUE,772,1462.68,2.06970509383378,14.48793565683646,6.20911528150134,20.697050938337803,300,0.0,Sufficient
22515,CHILDS GARDEN SPADE PINK,759,1432.38,2.03485254691689,14.24396782841823,6.10455764075067,20.348525469168894,105,0.0,Sufficient
22516,CHILDS GARDEN RAKE BLUE,617,1144.68,1.6541554959785525,11.579088471849866,4.962466487935657,16.541554959785522,97,0.0,Sufficient
22517,CHILDS GARDEN RAKE PINK,593,1091.28,1.5898123324396782,11.128686327077748,4.769436997319035,15.898123324396783,87,0.0,Sufficient
22518,CHILDS GARDEN BRUSH BLUE,980,1870.98,2.6273458445040214,18.39142091152815,7.882037533512064,26.273458445040216,297,0.0,Sufficient
22519,CHILDS GARDEN BRUSH PINK,962,1839.18,2.579088471849866,18.053619302949063,7.737265415549597,25.79088471849866,129,0.0,Sufficient
22520,CHILDS GARDEN TROWEL BLUE ,1480,1240.84,3.967828418230563,27.77479892761394,11.903485254691688,39.67828418230563,311,0.0,Sufficient
22521,CHILDS GARDEN TROWEL PINK,1599,1338.87,4.28686327077748,30.00804289544236,12.86058981233244,42.86863270777479,409,0.0,Sufficient
22522,CHILDS GARDEN FORK BLUE ,1264,1057.24,3.388739946380697,23.72117962466488,10.16621983914209,33.88739946380697,461,0.0,Sufficient
22523,CHILDS GARDEN FORK PINK,1280,1067.72,3.4316353887399464,24.021447721179623,10.29490616621984,34.316353887399465,174,0.0,Sufficient
22524,CHILDRENS GARDEN GLOVES BLUE,1156,1438.16,3.099195710455764,21.694369973190348,9.297587131367292,30.99195710455764,191,0.0,Sufficient
22525,CHILDRENS GARDEN GLOVES PINK,1296,1608.6,3.474530831099196,24.32171581769437,10.423592493297589,34.74530831099196,478,0.0,Sufficient
22526,WHEELBARROW FOR CHILDREN ,406,4727.219999999999,1.0884718498659518,7.619302949061662,3.265415549597855,10.884718498659517,407,0.0,Sufficient
22528,GARDENERS KNEELING PAD,5363,6329.83,14.378016085790884,100.64611260053618,43.134048257372655,143.78016085790884,232,0.0,Sufficient
22529,MAGIC DRAWING SLATE GO TO THE FAIR ,1608,639.36,4.310991957104558,30.176943699731904,12.932975871313673,43.10991957104558,320,0.0,Sufficient
22530,MAGIC DRAWING SLATE DOLLY GIRL ,6309,2505.06,16.9142091152815,118.39946380697052,50.7426273458445,169.14209115281503,441,0.0,Sufficient
22531,MAGIC DRAWING SLATE CIRCUS PARADE  ,4548,1846.8,12.193029490616622,85.35120643431635,36.579088471849865,121.9302949061662,475,0.0,Sufficient
22532,MAGIC DRAWING SLATE LEAP FROG ,1829,745.14,4.903485254691689,34.32439678284182,14.710455764075068,49.034852546916895,16,33.034852546916895,Reorder
22533,MAGIC DRAWING SLATE BAKE A CAKE ,2856,1173.6,7.656836461126005,53.59785522788204,22.970509383378012,76.56836461126005,339,0.0,Sufficient
22534,MAGIC DRAWING SLATE SPACEBOY ,8188,3315.12,21.951742627345844,153.6621983914209,65.85522788203752,219.51742627345843,272,0.0,Sufficient
22535,MAGIC DRAWING SLATE BUNNIES ,2576,1081.92,6.906166219839142,48.343163538874,20.718498659517422,69.06166219839142,170,0.0,Sufficient
22536,MAGIC DRAWING SLATE PURDEY,5365,2140.74,14.383378016085793,100.68364611260054,43.15013404825737,143.8337801608579,160,0.0,Sufficient
22537,MAGIC DRAWING SLATE DINOSAUR,3924,1555.92,10.5201072386059,73.64075067024129,31.560321715817697,105.20107238605898,94,11.201072386058982,Reorder
22538,MINI JIGSAW GO TO THE FAIR,1023,429.66,2.742627345844504,19.198391420911527,8.227882037533512,27.42627345844504,156,0.0,Sufficient
22539,MINI JIGSAW DOLLY GIRL,2764,1132.08,7.410187667560321,51.87131367292225,22.230563002680963,74.10187667560321,121,0.0,Sufficient
22540,MINI JIGSAW CIRCUS PARADE ,3732,1471.68,10.005361930294908,70.03753351206434,30.01608579088472,100.05361930294906,390,0.0,Sufficient
22541,MINI JIGSAW LEAP FROG,727,290.94,1.9490616621983916,13.64343163538874,5.847184986595174,19.490616621983914,412,0.0,Sufficient
22543,MINI JIGSAW BAKE A CAKE ,1813,747.06,4.86058981233244,34.024128686327074,14.58176943699732,48.6058981233244,45,3.605898123324394,Reorder
22544,MINI JIGSAW SPACEBOY,4949,2048.34,13.268096514745308,92.87667560321717,39.80428954423592,132.6809651474531,294,0.0,Sufficient
22545,MINI JIGSAW BUNNIES,2290,957.48,6.13941018766756,42.975871313672926,18.41823056300268,61.394101876675606,197,0.0,Sufficient
22546,MINI JIGSAW FIDO,2245,940.02,6.018766756032171,42.1313672922252,18.056300268096518,60.187667560321714,91,0.0,Sufficient
22547,MINI JIGSAW DINOSAUR ,1175,493.5,3.1501340482573728,22.05093833780161,9.450402144772118,31.50134048257373,11,20.50134048257373,Reorder
22548,HEADS AND TAILS SPORTING FUN,1493,1838.89,4.002680965147453,28.01876675603217,12.00804289544236,40.02680965147453,394,0.0,Sufficient
22549,PICTURE DOMINOES,3368,4776.799999999999,9.029490616621985,63.20643431635389,27.088471849865957,90.29490616621985,312,0.0,Sufficient
22550,HOLIDAY FUN LUDO,835,3118.29,2.2386058981233243,15.67024128686327,6.715817694369973,22.38605898123324,206,0.0,Sufficient
22551,PLASTERS IN TIN SPACEBOY,7256,11533.2,19.45308310991957,136.171581769437,58.35924932975871,194.53083109919567,413,0.0,Sufficient
22553,PLASTERS IN TIN SKULLS,3548,5772.6,9.51206434316354,66.58445040214477,28.53619302949062,95.1206434316354,20,75.12064343163539,Reorder
22554,PLASTERS IN TIN WOODLAND ANIMALS,5742,9205.5,15.394101876675602,107.7587131367292,46.1823056300268,153.94101876675603,243,0.0,Sufficient
22555,PLASTERS IN TIN STRONGMAN,5730,9118.5,15.361930294906166,107.53351206434316,46.0857908847185,153.61930294906168,395,0.0,Sufficient
22556,PLASTERS IN TIN CIRCUS PARADE ,7345,11658.45,19.691689008042896,137.84182305630029,59.075067024128685,196.91689008042897,204,0.0,Sufficient
22557,PLASTERS IN TIN VINTAGE PAISLEY ,5481,8642.45,14.694369973190348,102.86058981233244,44.08310991957104,146.94369973190348,480,0.0,Sufficient
22558,CLOTHES PEGS RETROSPOT PACK 24 ,5446,6477.38,14.600536193029493,102.20375335120644,43.80160857908847,146.00536193029492,128,18.005361930294924,Reorder
22559,SEASIDE FRISBEE ,1024,1229.84,2.745308310991957,19.2171581769437,8.235924932975871,27.453083109919568,405,0.0,Sufficient
22560,TRADITIONAL MODELLING CLAY,6749,7955.17,18.093833780160857,126.656836461126,54.28150134048257,180.93833780160855,29,151.93833780160858,Reorder
22561,WOODEN SCHOOL COLOURING SET,5595,9006.15,15.0,105.0,45.0,150.0,270,0.0,Sufficient
22562,MONSTERS STENCIL CRAFT,2574,2922.62,6.900804289544236,48.30563002680965,20.702412868632702,69.00804289544236,302,0.0,Sufficient
22563,HAPPY STENCIL CRAFT,3122,3564.3,8.369973190348526,58.589812332439685,25.10991957104558,83.69973190348526,431,0.0,Sufficient
22564,ALPHABET STENCIL CRAFT,1905,2196.57,5.107238605898123,35.75067024128686,15.32171581769437,51.07238605898123,265,0.0,Sufficient
22565,FELTCRAFT HAIRBANDS PINK + WHITE ,1117,930.73,2.994638069705094,20.962466487935657,8.983914209115282,29.94638069705094,231,0.0,Sufficient
22566,"FELTCRAFT HAIRBAND S/2, PINK/PURPLE",1973,1578.77,5.289544235924933,37.02680965147453,15.8686327077748,52.89544235924933,402,0.0,Sufficient
22567,20 DOLLY PEGS RETROSPOT,3221,3769.63,8.63538873994638,60.447721179624665,25.906166219839143,86.35388739946382,235,0.0,Sufficient
22568,FELTCRAFT CUSHION OWL,2225,8057.91,5.96514745308311,41.756032171581765,17.89544235924933,59.651474530831095,62,0.0,Sufficient
22569,FELTCRAFT CUSHION BUTTERFLY,2848,9901.2,7.6353887399463805,53.447721179624665,22.906166219839143,76.35388739946382,437,0.0,Sufficient
22570,FELTCRAFT CUSHION RABBIT,2563,9182.85,6.871313672922252,48.09919571045576,20.61394101876676,68.71313672922251,364,0.0,Sufficient
22571,ROCKING HORSE RED CHRISTMAS ,3321,2710.53,8.90348525469169,62.32439678284183,26.71045576407507,89.03485254691691,351,0.0,Sufficient
22572,ROCKING HORSE GREEN CHRISTMAS ,2036,1655.72,5.458445040214477,38.20911528150134,16.37533512064343,54.58445040214477,373,0.0,Sufficient
22573,STAR WOODEN CHRISTMAS DECORATION,2221,1837.93,5.954423592493297,41.68096514745308,17.86327077747989,59.54423592493297,289,0.0,Sufficient
22574,HEART WOODEN CHRISTMAS DECORATION,2827,2353.03,7.579088471849866,53.053619302949066,22.7372654155496,75.79088471849866,90,0.0,Sufficient
22575,METAL MERRY CHRISTMAS WREATH,2238,4265.099999999999,6.0,42.0,18.0,60.0,211,0.0,Sufficient
22576,SWALLOW WOODEN CHRISTMAS DECORATION,1699,1419.19,4.554959785522788,31.88471849865952,13.664879356568363,45.54959785522788,167,0.0,Sufficient
22577,WOODEN HEART CHRISTMAS SCANDINAVIAN,3349,2846.65,8.978552278820375,62.84986595174263,26.935656836461128,89.78552278820376,129,0.0,Sufficient
22578,WOODEN STAR CHRISTMAS SCANDINAVIAN,2722,2313.7,7.297587131367292,51.08310991957104,21.892761394101875,72.97587131367291,68,4.975871313672911,Reorder
22579,WOODEN TREE CHRISTMAS SCANDINAVIAN,1979,1682.15,5.305630026809651,37.13941018766756,15.916890080428953,53.05630026809651,224,0.0,Sufficient
22580,ADVENT CALENDAR GINGHAM SACK,960,5616.0,2.57372654155496,18.01608579088472,7.721179624664879,25.737265415549597,137,0.0,Sufficient
22581,WOOD STOCKING CHRISTMAS SCANDISPOT,1963,1623.31,5.262734584450402,36.839142091152816,15.788203753351205,52.62734584450402,233,0.0,Sufficient
22582,PACK OF 6 SWEETIE GIFT BOXES,1444,3564.3,3.871313672922252,27.099195710455763,11.613941018766756,38.71313672922252,218,0.0,Sufficient
22583,PACK OF 6 HANDBAG GIFT BOXES,1245,3132.15,3.3378016085790883,23.364611260053618,10.013404825737265,33.37801608579088,379,0.0,Sufficient
22584,PACK OF 6 PANNETONE GIFT BOXES,2824,6860.1,7.571045576407506,52.99731903485255,22.71313672922252,75.71045576407506,124,0.0,Sufficient
22585,PACK OF 6 BIRDY GIFT TAGS,11455,13662.68,30.710455764075068,214.97319034852543,92.1313672922252,307.10455764075067,218,89.10455764075067,Reorder
22586,FELTCRAFT HAIRBAND PINK AND BLUE,1209,1008.93,3.2412868632707776,22.689008042895445,9.723860589812332,32.41286863270778,23,9.412868632707776,Reorder
22587,"FELTCRAFT HAIRBAND, S/2, RED/BLUE",1214,994.46,3.254691689008043,22.7828418230563,9.764075067024129,32.54691689008043,18,14.546916890080432,Reorder
22588,CARDHOLDER GINGHAM HEART,2078,5126.1,5.571045576407506,38.99731903485255,16.71313672922252,55.71045576407506,49,6.710455764075064,Reorder
22589,CARDHOLDER GINGHAM STAR,953,2386.95,2.5549597855227884,17.884718498659517,7.664879356568365,25.54959785522788,459,0.0,Sufficient
22591,CARDHOLDER GINGHAM CHRISTMAS TREE,914,2233.5,2.450402144772118,17.152815013404826,7.351206434316353,24.50402144772118,246,0.0,Sufficient
22592,CARDHOLDER HOLLY WREATH METAL,1325,4908.27,3.552278820375335,24.865951742627345,10.656836461126003,35.52278820375335,290,0.0,Sufficient
22593,CHRISTMAS GINGHAM STAR,3319,2746.27,8.898123324396783,62.28686327077748,26.694369973190348,88.98123324396784,368,0.0,Sufficient
22594,CHRISTMAS GINGHAM TREE,2783,2328.11,7.461126005361931,52.22788203753351,22.383378016085796,74.6112600536193,210,0.0,Sufficient
22595,CHRISTMAS GINGHAM HEART,6001,4894.93,16.08847184986595,112.61930294906163,48.26541554959785,160.88471849865948,255,0.0,Sufficient
22596,CHRISTMAS STAR WISH LIST CHALKBOARD,2816,2318.72,7.549597855227882,52.84718498659517,22.648793565683647,75.49597855227881,287,0.0,Sufficient
22597,CHRISTMAS MUSICAL ZINC HEART ,1677,1322.49,4.49597855227882,31.47184986595174,13.48793565683646,44.9597855227882,244,0.0,Sufficient
22598,CHRISTMAS MUSICAL ZINC TREE,756,595.8,2.026809651474531,14.187667560321715,6.080428954423592,20.26809651474531,13,7.268096514745309,Reorder
22599,CHRISTMAS MUSICAL ZINC STAR,1088,859.28,2.9168900804289546,20.41823056300268,8.750670241286864,29.168900804289542,163,0.0,Sufficient
22600,CHRISTMAS RETROSPOT STAR WOOD,3124,2549.32,8.375335120643431,58.62734584450402,25.126005361930293,83.75335120643432,451,0.0,Sufficient
22601,CHRISTMAS RETROSPOT ANGEL WOOD,2815,2299.15,7.546916890080429,52.828418230563,22.64075067024129,75.46916890080429,38,37.46916890080429,Reorder
22602,CHRISTMAS RETROSPOT HEART WOOD,4206,3375.42,11.276139410187668,78.93297587131367,33.828418230563,112.76139410187668,118,0.0,Sufficient
22603,CHRISTMAS RETROSPOT TREE WOOD,2719,2205.07,7.289544235924933,51.02680965147453,21.8686327077748,72.89544235924933,107,0.0,Sufficient
22604,SET OF 4 NAPKIN CHARMS CUTLERY,771,1915.65,2.067024128686327,14.469168900804288,6.20107238605898,20.670241286863263,224,0.0,Sufficient
22605,WOODEN CROQUET GARDEN SET,1014,11434.58,2.7184986595174263,19.029490616621985,8.15549597855228,27.184986595174266,302,0.0,Sufficient
22606,WOODEN SKITTLES GARDEN SET,721,9449.79,1.9329758713136729,13.53083109919571,5.798927613941019,19.32975871313673,84,0.0,Sufficient
22607,WOODEN ROUNDERS GARDEN SET ,1150,9506.68,3.0831099195710454,21.58176943699732,9.249329758713136,30.831099195710458,335,0.0,Sufficient
22608,PENS ASSORTED FUNKY JEWELED ,504,428.4,1.351206434316354,9.458445040214478,4.053619302949062,13.51206434316354,155,0.0,Sufficient
22609,PENS ASSORTED SPACEBALL,1194,1014.9,3.201072386058981,22.407506702412867,9.603217158176944,32.010723860589806,137,0.0,Sufficient
22610,PENS ASSORTED FUNNY FACE,3096,2481.84,8.300268096514746,58.10187667560322,24.90080428954424,83.00268096514746,350,0.0,Sufficient
22611,VINTAGE UNION JACK SHOPPING BAG,677,3210.75,1.8150134048257371,12.70509383378016,5.445040214477212,18.15013404825737,51,0.0,Sufficient
22612,TEA COSY VINTAGE UNION JACK,988,3885.93,2.648793565683646,18.54155495978552,7.946380697050938,26.48793565683646,365,0.0,Sufficient
22613,PACK OF 20 SPACEBOY NAPKINS,1483,1159.75,3.9758713136729225,27.831099195710458,11.927613941018768,39.75871313672923,50,0.0,Sufficient
22614,PACK OF 12 SPACEBOY TISSUES,2617,755.0899999999999,7.016085790884718,49.11260053619303,21.04825737265416,70.16085790884719,431,0.0,Sufficient
22615,PACK OF 12 CIRCUS PARADE TISSUES ,1765,508.00999999999993,4.731903485254692,33.12332439678284,14.195710455764075,47.31903485254692,43,4.31903485254692,Reorder
22616,PACK OF 12 LONDON TISSUES ,12698,3531.06,34.042895442359246,238.3002680965147,102.12868632707772,340.4289544235925,26,314.4289544235925,Reorder
22617,BAKING SET SPACEBOY DESIGN,2145,10099.47,5.750670241286863,40.25469168900804,17.25201072386059,57.50670241286864,174,0.0,Sufficient
22618,COOKING SET RETROSPOT,652,6207.08,1.7479892761394102,12.235924932975871,5.243967828418231,17.4798927613941,162,0.0,Sufficient
22619,SET OF 6 SOLDIER SKITTLES,1615,5887.05,4.329758713136729,30.308310991957104,12.989276139410189,43.297587131367294,495,0.0,Sufficient
22620,4 TRADITIONAL SPINNING TOPS,3196,3964.6,8.568364611260053,59.97855227882037,25.70509383378016,85.68364611260054,387,0.0,Sufficient
22621,TRADITIONAL KNITTING NANCY,2497,3522.25,6.694369973190349,46.86058981233244,20.083109919571047,66.9436997319035,85,0.0,Sufficient
22622,BOX OF VINTAGE ALPHABET BLOCKS,1822,16676.0,4.884718498659518,34.193029490616624,14.654155495978554,48.84718498659518,96,0.0,Sufficient
22623,BOX OF VINTAGE JIGSAW BLOCKS ,1313,6287.95,3.520107238605898,24.640750670241285,10.560321715817691,35.20107238605898,126,0.0,Sufficient
22624,IVORY KITCHEN SCALES,1223,10090.35,3.278820375335121,22.951742627345844,9.836461126005362,32.788203753351205,371,0.0,Sufficient
22625,RED KITCHEN SCALES,962,7896.5,2.579088471849866,18.053619302949063,7.737265415549597,25.79088471849866,351,0.0,Sufficient
22626,BLACK KITCHEN SCALES,324,2680.9,0.868632707774799,6.080428954423593,2.6058981233243967,8.68632707774799,478,0.0,Sufficient
22627,MINT KITCHEN SCALES,715,5883.7,1.9168900804289544,13.41823056300268,5.750670241286863,19.168900804289542,36,0.0,Sufficient
22628,PICNIC BOXES SET OF 3 RETROSPOT ,741,3443.9500000000003,1.9865951742627344,13.90616621983914,5.959785522788204,19.865951742627345,322,0.0,Sufficient
22629,SPACEBOY LUNCH BOX ,6723,12130.65,18.02412868632708,126.16890080428956,54.07238605898124,180.2412868632708,296,0.0,Sufficient
22630,DOLLY GIRL LUNCH BOX,6271,11282.85,16.812332439678283,117.68632707774798,50.436997319034845,168.12332439678283,143,25.123324396782834,Reorder
22631,CIRCUS PARADE LUNCHBOX ,2545,4764.75,6.823056300268097,47.76139410187668,20.46916890080429,68.23056300268097,228,0.0,Sufficient
22632,HAND WARMER RED POLKA DOT,6613,13080.3,17.72922252010724,124.10455764075068,53.187667560321714,177.29222520107237,177,0.2922252010723696,Reorder
22633,HAND WARMER UNION JACK,4564,9194.4,12.235924932975871,85.6514745308311,36.707774798927616,122.35924932975873,107,15.359249329758711,Reorder
22634,CHILDS BREAKFAST SET SPACEBOY ,928,8646.35,2.487935656836461,17.415549597855225,7.463806970509383,24.879356568364607,277,0.0,Sufficient
22635,CHILDS BREAKFAST SET DOLLY GIRL ,970,9013.5,2.6005361930294906,18.203753351206437,7.801608579088471,26.005361930294903,246,0.0,Sufficient
22636,CHILDS BREAKFAST SET CIRCUS PARADE,1039,8384.78,2.785522788203753,19.498659517426272,8.35656836461126,27.85522788203753,318,0.0,Sufficient
22637,PIGGY BANK RETROSPOT ,1780,4377.0,4.772117962466488,33.40482573726541,14.316353887399462,47.72117962466487,464,0.0,Sufficient
22638,SET OF 4 NAPKIN CHARMS CROWNS ,111,268.65000000000003,0.2975871313672922,2.0831099195710454,0.8927613941018766,2.975871313672922,403,0.0,Sufficient
22639,SET OF 4 NAPKIN CHARMS HEARTS,856,2096.4,2.29490616621984,16.064343163538876,6.884718498659519,22.9490616621984,182,0.0,Sufficient
22640,SET OF 4 NAPKIN CHARMS 3 KEYS ,115,293.25,0.3083109919571045,2.158176943699732,0.9249329758713136,3.0831099195710454,410,0.0,Sufficient
22641,SET OF 4 NAPKIN CHARMS INSTRUMENT,157,385.95,0.420911528150134,2.9463806970509383,1.262734584450402,4.20911528150134,419,0.0,Sufficient
22642,SET OF 4 NAPKIN CHARMS STARS   ,713,1731.75,1.911528150134048,13.380697050938338,5.734584450402145,19.115281501340483,478,0.0,Sufficient
22643,SET OF 4 NAPKIN CHARMS LEAVES   ,226,561.9,0.6058981233243967,4.241286863270777,1.8176943699731904,6.058981233243967,485,0.0,Sufficient
22644,CERAMIC CHERRY CAKE MONEY BANK,2722,3950.2,7.297587131367292,51.08310991957104,21.892761394101875,72.97587131367291,199,0.0,Sufficient
22645,CERAMIC HEART FAIRY CAKE MONEY BANK,3110,4396.7,8.337801608579088,58.36461126005362,25.013404825737265,83.37801608579089,131,0.0,Sufficient
22646,CERAMIC STRAWBERRY CAKE MONEY BANK,4915,6862.75,13.176943699731904,92.23860589812332,39.53083109919571,131.76943699731902,55,76.76943699731902,Reorder
22647,CERAMIC LOVE HEART MONEY BANK,321,436.65,0.8605898123324397,6.024128686327078,2.581769436997319,8.605898123324398,73,0.0,Sufficient
22649,STRAWBERRY FAIRY CAKE TEAPOT,1487,7097.45,3.986595174262735,27.906166219839143,11.959785522788204,39.86595174262735,139,0.0,Sufficient
22650,CERAMIC PIRATE CHEST MONEY BANK,947,1351.55,2.53887399463807,17.77211796246649,7.616621983914209,25.388739946380696,319,0.0,Sufficient
22651,GENTLEMAN SHIRT REPAIR KIT ,977,793.01,2.6193029490616624,18.33512064343164,7.857908847184987,26.193029490616624,372,0.0,Sufficient
22652,TRAVEL SEWING KIT,4707,7432.15,12.619302949061662,88.33512064343164,37.85790884718499,126.19302949061662,202,0.0,Sufficient
22653,BUTTON BOX ,1169,2219.55,3.1340482573726542,21.93833780160858,9.402144772117962,31.34048257372654,316,0.0,Sufficient
22654,DELUXE SEWING KIT ,1086,6185.700000000001,2.9115281501340484,20.380697050938338,8.734584450402146,29.115281501340483,190,0.0,Sufficient
22655,VINTAGE RED KITCHEN CABINET,16,4720.0,0.0428954423592493,0.3002680965147453,0.128686327077748,0.4289544235924932,301,0.0,Sufficient
22656,VINTAGE BLUE KITCHEN CABINET,19,5605.0,0.0509383378016085,0.35656836461126,0.1528150134048257,0.5093833780160858,380,0.0,Sufficient
22657,HEN & 2 CHICKS IN BASKET,59,50.15,0.1581769436997319,1.1072386058981234,0.4745308310991957,1.5817694369973192,291,0.0,Sufficient
22659,LUNCHBOX I LOVE LONDON,4941,8745.15,13.246648793565685,92.72654155495978,39.73994638069705,132.46648793565683,38,94.46648793565684,Reorder
22660,DOORMAT I LOVE LONDON,510,3027.04,1.3672922252010724,9.571045576407506,4.101876675603217,13.672922252010723,158,0.0,Sufficient
22661,CHARLOTTE BAG DOLLY GIRL DESIGN,3046,2420.1,8.16621983914209,57.16353887399464,24.498659517426272,81.66219839142092,276,0.0,Sufficient
22662,LUNCH BAG DOLLY GIRL DESIGN,3268,5106.2,8.761394101876675,61.32975871313673,26.284182305630026,87.61394101876675,305,0.0,Sufficient
22663,JUMBO BAG DOLLY GIRL DESIGN,2291,4239.45,6.142091152815014,42.9946380697051,18.42627345844504,61.42091152815014,20,41.42091152815014,Reorder
22664,TOY TIDY DOLLY GIRL DESIGN,669,1310.9,1.793565683646113,12.554959785522788,5.380697050938338,17.935656836461128,173,0.0,Sufficient
22665,RECIPE BOX BLUE SKETCHBOOK DESIGN,1365,3892.35,3.6595174262734576,25.616621983914207,10.978552278820375,36.59517426273458,122,0.0,Sufficient
22666,RECIPE BOX PANTRY YELLOW DESIGN,2418,6897.900000000001,6.482573726541555,45.37801608579089,19.447721179624665,64.82573726541555,196,0.0,Sufficient
22667,RECIPE BOX RETRO SPOT DESIGN,2086,5904.1,5.592493297587131,39.14745308310992,16.77747989276139,55.92493297587131,304,0.0,Sufficient
22668,PINK BABY BUNTING,1336,3821.2,3.581769436997319,25.072386058981238,10.745308310991955,35.81769436997319,241,0.0,Sufficient
22669,RED BABY BUNTING ,1163,3370.85,3.117962466487936,21.82573726541555,9.353887399463808,31.17962466487936,236,0.0,Sufficient
22670,FRENCH WC SIGN BLUE METAL,2584,3011.12,6.927613941018767,48.493297587131366,20.7828418230563,69.27613941018767,319,0.0,Sufficient
22671,FRENCH LAUNDRY SIGN BLUE METAL,727,1180.35,1.9490616621983916,13.64343163538874,5.847184986595174,19.490616621983914,107,0.0,Sufficient
22672,FRENCH BATHROOM SIGN BLUE METAL,1356,2179.8,3.635388739946381,25.447721179624665,10.906166219839143,36.35388739946381,64,0.0,Sufficient
22673,FRENCH GARDEN SIGN BLUE METAL,536,651.76,1.4369973190348526,10.05898123324397,4.310991957104558,14.369973190348528,120,0.0,Sufficient
22674,FRENCH TOILET SIGN BLUE METAL,1013,1229.77,2.715817694369973,19.01072386058981,8.14745308310992,27.15817694369973,161,0.0,Sufficient
22675,FRENCH KITCHEN SIGN BLUE METAL,973,1179.77,2.60857908847185,18.26005361930295,7.82573726541555,26.085790884718502,255,0.0,Sufficient
22676,"FRENCH BLUE METAL DOOR SIGN, 1",652,815.0,1.7479892761394102,12.235924932975871,5.243967828418231,17.4798927613941,415,0.0,Sufficient
22677,"FRENCH BLUE METAL DOOR SIGN, 2",561,701.25,1.5040214477211795,10.528150134048255,4.512064343163539,15.040214477211796,78,0.0,Sufficient
22678,"FRENCH BLUE METAL DOOR SIGN, 3",539,673.75,1.445040214477212,10.115281501340483,4.335120643431636,14.45040214477212,321,0.0,Sufficient
22679,"FRENCH BLUE METAL DOOR SIGN, 4",509,636.25,1.364611260053619,9.552278820375337,4.093833780160858,13.646112600536192,298,0.0,Sufficient
22680,"FRENCH BLUE METAL DOOR SIGN, 5",519,648.75,1.3914209115281502,9.73994638069705,4.174262734584451,13.9142091152815,259,0.0,Sufficient
22681,"FRENCH BLUE METAL DOOR SIGN, 6",446,557.5,1.195710455764075,8.369973190348524,3.587131367292225,11.957104557640749,45,0.0,Sufficient
22682,"FRENCH BLUE METAL DOOR SIGN, 7",478,597.5,1.2815013404825737,8.970509383378015,3.844504021447721,12.815013404825736,248,0.0,Sufficient
22683,"FRENCH BLUE METAL DOOR SIGN, 8",472,590.0,1.2654155495978552,8.857908847184987,3.7962466487935655,12.654155495978554,157,0.0,Sufficient
22684,"FRENCH BLUE METAL DOOR SIGN, 9",472,590.0,1.2654155495978552,8.857908847184987,3.7962466487935655,12.654155495978554,476,0.0,Sufficient
22685,"FRENCH BLUE METAL DOOR SIGN, 0",486,607.5,1.3029490616621984,9.120643431635388,3.908847184986595,13.029490616621985,236,0.0,Sufficient
22686,"FRENCH BLUE METAL DOOR SIGN, No",389,486.25,1.0428954423592494,7.3002680965147455,3.128686327077748,10.428954423592494,253,0.0,Sufficient
22687,DOORMAT CHRISTMAS VILLAGE,269,1975.23,0.7211796246648794,5.048257372654156,2.1635388739946384,7.211796246648794,346,0.0,Sufficient
22688,DOORMAT PEACE ON EARTH BLUE,190,1423.22,0.5093833780160858,3.5656836461126007,1.5281501340482575,5.093833780160859,455,0.0,Sufficient
22689,DOORMAT MERRY CHRISTMAS RED ,392,2847.1,1.0509383378016086,7.3565683646112605,3.152815013404826,10.509383378016086,374,0.0,Sufficient
22690,DOORMAT HOME SWEET HOME BLUE ,907,5781.13,2.4316353887399464,17.021447721179626,7.294906166219839,24.316353887399465,491,0.0,Sufficient
22691,DOORMAT WELCOME SUNRISE,376,2349.52,1.0080428954423593,7.056300268096515,3.024128686327078,10.080428954423592,210,0.0,Sufficient
22692,DOORMAT WELCOME TO OUR HOME,559,3652.23,1.4986595174262736,10.490616621983914,4.495978552278821,14.986595174262735,163,0.0,Sufficient
22693,GROW A FLYTRAP OR SUNFLOWER IN TIN,1326,1602.78,3.5549597855227884,24.88471849865952,10.664879356568363,35.54959785522788,459,0.0,Sufficient
22694,WICKER STAR ,2992,6148.2,8.021447721179625,56.15013404825737,24.064343163538872,80.21447721179624,82,0.0,Sufficient
22695,WICKER WREATH SMALL,719,1023.35,1.9276139410187667,13.493297587131368,5.7828418230563,19.276139410187668,210,0.0,Sufficient
22696,WICKER WREATH LARGE,725,1384.9499999999998,1.9436997319034848,13.605898123324396,5.831099195710456,19.43699731903485,305,0.0,Sufficient
22697,GREEN REGENCY TEACUP AND SAUCER,2478,6825.3,6.64343163538874,46.50402144772119,19.93029490616622,66.43431635388741,26,40.43431635388741,Reorder
22698,PINK REGENCY TEACUP AND SAUCER,2246,6053.3,6.021447721179625,42.15013404825737,18.064343163538872,60.21447721179624,138,0.0,Sufficient
22699,ROSES REGENCY TEACUP AND SAUCER ,3230,8761.7,8.659517426273458,60.61662198391421,25.978552278820374,86.59517426273459,226,0.0,Sufficient
22700,BLACK AND WHITE DOG BOWL,192,556.1400000000001,0.514745308310992,3.603217158176944,1.544235924932976,5.14745308310992,70,0.0,Sufficient
22701,PINK DOG BOWL,117,344.49000000000007,0.3136729222520107,2.195710455764075,0.941018766756032,3.136729222520107,436,0.0,Sufficient
22702,BLACK AND WHITE CAT BOWL,218,440.1,0.5844504021447721,4.091152815013404,1.7533512064343162,5.844504021447721,113,0.0,Sufficient
22703,PINK CAT BOWL,143,300.6,0.3833780160857908,2.683646112600536,1.1501340482573723,3.833780160857908,51,0.0,Sufficient
22704,WRAP RED APPLES ,3525,1448.5,9.450402144772118,66.15281501340483,28.351206434316357,94.5040214477212,34,60.50402144772119,Reorder
22705,WRAP GREEN PEARS ,1950,819.0,5.227882037533512,36.59517426273459,15.683646112600538,52.27882037533513,48,4.27882037533513,Reorder
22706,WRAP COWBOYS  ,2215,866.3,5.938337801608579,41.56836461126005,17.815013404825738,59.383378016085786,300,0.0,Sufficient
22707,WRAP MONSTER FUN ,900,378.0,2.412868632707774,16.890080428954423,7.238605898123324,24.128686327077748,140,0.0,Sufficient
22708,WRAP DOLLY GIRL,2575,1001.5,6.903485254691689,48.32439678284182,20.710455764075068,69.0348525469169,238,0.0,Sufficient
22709,WRAP WEDDING DAY,1450,561.0,3.8873994638069695,27.21179624664879,11.662198391420912,38.8739946380697,117,0.0,Sufficient
22710,WRAP I LOVE LONDON ,2704,1055.68,7.249329758713137,50.74530831099196,21.74798927613941,72.49329758713137,181,0.0,Sufficient
22711,WRAP CIRCUS PARADE,2475,1007.5,6.6353887399463805,46.447721179624665,19.906166219839143,66.35388739946382,444,0.0,Sufficient
22712,CARD DOLLY GIRL ,2810,1106.76,7.533512064343164,52.73458445040215,22.60053619302949,75.33512064343164,487,0.0,Sufficient
22713,CARD I LOVE LONDON ,2460,962.64,6.595174262734584,46.16621983914209,19.785522788203757,65.95174262734584,111,0.0,Sufficient
22714,CARD BIRTHDAY COWBOY,1766,707.16,4.734584450402145,33.14209115281501,14.203753351206434,47.34584450402144,363,0.0,Sufficient
22715,CARD WEDDING DAY,1140,465.84,3.0563002680965146,21.3941018766756,9.168900804289544,30.56300268096515,21,9.563002680965148,Reorder
22716,CARD CIRCUS PARADE,2040,839.52,5.46916890080429,38.284182305630026,16.407506702412867,54.69168900804289,284,0.0,Sufficient
22717,CARD DOG AND BALL ,1176,472.32,3.1528150134048256,22.06970509383378,9.458445040214476,31.528150134048254,110,0.0,Sufficient
22718,CARD CAT AND TREE ,972,403.92,2.6058981233243967,18.241286863270776,7.81769436997319,26.05898123324397,53,0.0,Sufficient
22719,"GUMBALL COATHOOK., BLACK & WHITE ",790,903.14,2.117962466487936,14.825737265415553,6.353887399463807,21.17962466487936,452,0.0,Sufficient
22722,SET OF 6 SPICE TINS PANTRY DESIGN,6,23.700000000000003,0.0160857908847185,0.1126005361930295,0.0482573726541555,0.1608579088471849,314,0.0,Sufficient
22725,ALARM CLOCK BAKELIKE CHOCOLATE,547,2007.33,1.4664879356568363,10.265415549597856,4.39946380697051,14.664879356568369,454,0.0,Sufficient
22726,ALARM CLOCK BAKELIKE GREEN,1331,4989.81,3.5683646112600536,24.978552278820374,10.70509383378016,35.683646112600535,26,9.683646112600536,Reorder
22727,ALARM CLOCK BAKELIKE RED ,1620,6011.64,4.343163538873995,30.402144772117964,13.029490616621985,43.43163538873995,339,0.0,Sufficient
22728,ALARM CLOCK BAKELIKE PINK,900,3329.64,2.412868632707774,16.890080428954423,7.238605898123324,24.128686327077748,66,0.0,Sufficient
22729,ALARM CLOCK BAKELIKE ORANGE,703,2634.81,1.8847184986595171,13.193029490616622,5.654155495978552,18.84718498659517,320,0.0,Sufficient
22730,ALARM CLOCK BAKELIKE IVORY,885,3273.39,2.3726541554959786,16.60857908847185,7.117962466487936,23.726541554959784,312,0.0,Sufficient
22731,3D CHRISTMAS STAMPS STICKERS ,1713,2082.73,4.592493297587131,32.14745308310992,13.777479892761392,45.92493297587131,21,24.924932975871307,Reorder
22732,3D VINTAGE CHRISTMAS STICKERS ,2019,2425.71,5.412868632707775,37.89008042895442,16.238605898123325,54.12868632707775,327,0.0,Sufficient
22733,3D STICKERS TRADITIONAL CHRISTMAS ,1878,2288.98,5.03485254691689,35.243967828418235,15.10455764075067,50.348525469168905,89,0.0,Sufficient
22734,SET OF 6 RIBBONS VINTAGE CHRISTMAS,6011,13452.45,16.115281501340483,112.80697050938338,48.34584450402145,161.15281501340482,225,0.0,Sufficient
22735,RIBBON REEL SOCKS AND MITTENS,688,1111.2,1.844504021447721,12.911528150134048,5.533512064343164,18.44504021447721,348,0.0,Sufficient
22736,"RIBBON REEL, MAKING SNOWMEN ",1319,2152.35,3.5361930294906165,24.75335120643432,10.60857908847185,35.361930294906166,273,0.0,Sufficient
22737,RIBBON REEL CHRISTMAS PRESENT ,1861,2998.65,4.989276139410188,34.924932975871315,14.967828418230564,49.89276139410188,488,0.0,Sufficient
22738,RIBBON REEL SNOWY VILLAGE,2157,3463.05,5.7828418230563,40.4798927613941,17.348525469168898,57.828418230563,158,0.0,Sufficient
22739,"RIBBON REEL, XMAS SOCK/BAUBLE",2164,3498.6,5.801608579088472,40.6112600536193,17.404825737265416,58.01608579088472,90,0.0,Sufficient
22740,POLKA DOT PEN,6214,5107.179999999999,16.65951742627346,116.61662198391424,49.97855227882038,166.59517426273462,224,0.0,Sufficient
22741,FUNKY DIVA PEN,2017,1701.9699999999998,5.407506702412869,37.85254691689008,16.22252010723861,54.07506702412869,494,0.0,Sufficient
22742,MAKE YOUR OWN PLAYTIME CARD KIT,344,1014.8000000000002,0.9222520107238604,6.455764075067024,2.766756032171582,9.222520107238603,383,0.0,Sufficient
22743,MAKE YOUR OWN FLOWERPOWER CARD KIT,464,1368.8000000000002,1.2439678284182305,8.707774798927613,3.731903485254692,12.439678284182303,473,0.0,Sufficient
22744,MAKE YOUR OWN MONSOON CARD KIT,595,1697.65,1.5951742627345844,11.16621983914209,4.785522788203753,15.951742627345844,207,0.0,Sufficient
22745,POPPY'S PLAYHOUSE BEDROOM ,1635,3325.5,4.383378016085791,30.68364611260053,13.150134048257373,43.83378016085791,209,0.0,Sufficient
22746,POPPY'S PLAYHOUSE LIVINGROOM ,1323,2670.3,3.546916890080429,24.828418230563003,10.640750670241289,35.46916890080429,34,1.4691689008042914,Reorder
22747,POPPY'S PLAYHOUSE BATHROOM,1032,2074.2,2.766756032171582,19.367292225201076,8.300268096514746,27.66756032171582,475,0.0,Sufficient
22748,POPPY'S PLAYHOUSE KITCHEN,1699,3459.9,4.554959785522788,31.88471849865952,13.664879356568363,45.54959785522788,98,0.0,Sufficient
22749,FELTCRAFT PRINCESS CHARLOTTE DOLL,1285,4715.07,3.445040214477212,24.115281501340483,10.335120643431637,34.45040214477212,277,0.0,Sufficient
22750,FELTCRAFT PRINCESS LOLA DOLL,1178,4313.82,3.158176943699732,22.10723860589812,9.474530831099194,31.58176943699732,152,0.0,Sufficient
22751,FELTCRAFT PRINCESS OLIVIA DOLL,741,2744.19,1.9865951742627344,13.90616621983914,5.959785522788204,19.865951742627345,68,0.0,Sufficient
22752,SET 7 BABUSHKA NESTING BOXES,1920,15315.3,5.14745308310992,36.03217158176943,15.442359249329758,51.47453083109919,419,0.0,Sufficient
22753,SMALL YELLOW BABUSHKA NOTEBOOK ,1283,1068.71,3.439678284182305,24.077747989276137,10.319034852546917,34.396782841823054,498,0.0,Sufficient
22754,SMALL RED BABUSHKA NOTEBOOK ,1904,1559.12,5.10455764075067,35.73190348525469,15.31367292225201,51.0455764075067,374,0.0,Sufficient
22755,SMALL PURPLE BABUSHKA NOTEBOOK ,2007,1646.67,5.380697050938338,37.66487935656836,16.142091152815013,53.806970509383376,35,18.806970509383376,Reorder
22756,LARGE YELLOW BABUSHKA NOTEBOOK ,582,695.58,1.5603217158176943,10.92225201072386,4.680965147453083,15.603217158176944,56,0.0,Sufficient
22757,LARGE RED BABUSHKA NOTEBOOK ,1531,1763.27,4.10455764075067,28.73190348525469,12.31367292225201,41.0455764075067,297,0.0,Sufficient
22758,LARGE PURPLE BABUSHKA NOTEBOOK  ,1186,1377.62,3.1796246648793565,22.257372654155496,9.53887399463807,31.796246648793566,275,0.0,Sufficient
22759,SET OF 3 NOTEBOOKS IN PARCEL,3763,6036.15,10.088471849865952,70.61930294906166,30.26541554959785,100.88471849865952,25,75.88471849865951,Reorder
22760,"TRAY, BREAKFAST IN BED",79,964.05,0.2117962466487935,1.482573726541555,0.6353887399463807,2.117962466487936,208,0.0,Sufficient
22761,CHEST 7 DRAWER MA CAMPAGNE,16,375.2,0.0428954423592493,0.3002680965147453,0.128686327077748,0.4289544235924932,410,0.0,Sufficient
22762,CUPBOARD 3 DRAWER MA CAMPAGNE,42,592.6999999999999,0.1126005361930295,0.7882037533512065,0.3378016085790885,1.126005361930295,416,0.0,Sufficient
22763,KEY CABINET MA CAMPAGNE,465,3333.39,1.2466487935656836,8.726541554959786,3.7399463806970505,12.466487935656836,291,0.0,Sufficient
22764,"RUSTIC WOODEN CABINET, GLASS DOORS",178,3287.72,0.4772117962466488,3.3404825737265416,1.4316353887399464,4.772117962466488,478,0.0,Sufficient
22765,NEWSPAPER STAND,300,3210.3,0.8042895442359249,5.630026809651475,2.412868632707774,8.04289544235925,95,0.0,Sufficient
22766,PHOTO FRAME CORNICE,1128,3174.0,3.024128686327077,21.168900804289542,9.072386058981232,30.241286863270773,259,0.0,Sufficient
22767,TRIPLE PHOTO FRAME CORNICE ,233,2271.95,0.6246648793565683,4.372654155495979,1.873994638069705,6.246648793565684,400,0.0,Sufficient
22768,FAMILY PHOTO FRAME CORNICE,312,3011.6,0.8364611260053619,5.855227882037534,2.5093833780160857,8.36461126005362,279,0.0,Sufficient
22769,CHALKBOARD KITCHEN ORGANISER,162,3148.9,0.4343163538873995,3.0402144772117965,1.3029490616621984,4.343163538873995,344,0.0,Sufficient
22770,MIRROR CORNICE,19,284.05,0.0509383378016085,0.35656836461126,0.1528150134048257,0.5093833780160858,126,0.0,Sufficient
22771,CLEAR DRAWER KNOB ACRYLIC EDWARDIAN,1080,1351.44,2.89544235924933,20.26809651474531,8.68632707774799,28.9544235924933,16,12.9544235924933,Reorder
22772,PINK DRAWER KNOB ACRYLIC EDWARDIAN,639,800.19,1.71313672922252,11.991957104557642,5.13941018766756,17.131367292225203,146,0.0,Sufficient
22773,GREEN DRAWER KNOB ACRYLIC EDWARDIAN,364,456.44,0.9758713136729222,6.831099195710456,2.927613941018767,9.758713136729224,380,0.0,Sufficient
22774,RED DRAWER KNOB ACRYLIC EDWARDIAN,632,791.44,1.6943699731903483,11.86058981233244,5.083109919571045,16.943699731903486,185,0.0,Sufficient
22775,PURPLE DRAWERKNOB ACRYLIC EDWARDIAN,590,738.94,1.581769436997319,11.072386058981232,4.745308310991957,15.81769436997319,337,0.0,Sufficient
22776,SWEETHEART CAKESTAND 3 TIER,495,4612.05,1.327077747989276,9.289544235924932,3.9812332439678286,13.27077747989276,324,0.0,Sufficient
22777,GLASS CLOCHE LARGE,114,928.2,0.3056300268096514,2.1394101876675604,0.9168900804289544,3.056300268096515,224,0.0,Sufficient
22778,GLASS CLOCHE SMALL,207,777.33,0.5549597855227882,3.8847184986595176,1.6648793565683646,5.549597855227882,486,0.0,Sufficient
22779,WOODEN OWLS LIGHT GARLAND ,483,1859.79,1.2949061662198391,9.064343163538874,3.8847184986595176,12.949061662198392,91,0.0,Sufficient
22780,LIGHT GARLAND BUTTERFILES PINK,502,1910.54,1.3458445040214475,9.420911528150134,4.037533512064343,13.458445040214476,232,0.0,Sufficient
22781,GUMBALL MAGAZINE RACK,255,1869.75,0.6836461126005362,4.785522788203753,2.0509383378016084,6.836461126005362,487,0.0,Sufficient
22782,SET 3 WICKER STORAGE BASKETS ,13,312.35,0.03485254691689,0.2439678284182306,0.1045576407506702,0.3485254691689008,381,0.0,Sufficient
22783,SET 3 WICKER OVAL BASKETS W LIDS,26,482.7,0.0697050938337801,0.4879356568364612,0.2091152815013405,0.6970509383378016,432,0.0,Sufficient
22784,LANTERN CREAM GAZEBO ,302,1419.3,0.8096514745308311,5.6675603217158175,2.428954423592493,8.09651474530831,492,0.0,Sufficient
22785,CUSHION COVER PINK UNION FLAG,158,1028.1,0.4235924932975871,2.96514745308311,1.2707774798927614,4.235924932975872,411,0.0,Sufficient
22786,PILLOWCUSHION COVER PINK UNION JACK,111,660.45,0.2975871313672922,2.0831099195710454,0.8927613941018766,2.975871313672922,452,0.0,Sufficient
22788,BROCANTE COAT RACK,261,1945.55,0.6997319034852547,4.898123324396783,2.0991957104557644,6.997319034852548,499,0.0,Sufficient
22789,T-LIGHT HOLDER SWEETHEART HANGING,391,740.85,1.0482573726541555,7.337801608579088,3.1447721179624666,10.482573726541554,112,0.0,Sufficient
22790,"MIRROR, ARCHED GEORGIAN",200,3884.000000000001,0.5361930294906166,3.7533512064343166,1.60857908847185,5.361930294906166,282,0.0,Sufficient
22791,T-LIGHT GLASS FLUTED ANTIQUE,1789,2099.4500000000003,4.7962466487935655,33.57372654155496,14.388739946380696,47.96246648793566,23,24.962466487935657,Reorder
22792,FLUTED ANTIQUE CANDLE HOLDER,747,625.5899999999999,2.002680965147453,14.01876675603217,6.008042895442358,20.02680965147453,168,0.0,Sufficient
22794,SWEETHEART WIRE MAGAZINE RACK,72,558.0,0.1930294906166219,1.351206434316354,0.5790884718498659,1.93029490616622,161,0.0,Sufficient
22795,SWEETHEART RECIPE BOOK STAND,416,2705.6,1.1152815013404829,7.806970509383379,3.345844504021448,11.152815013404826,492,0.0,Sufficient
22796,PHOTO FRAME 3 CLASSIC HANGING,229,2226.35,0.613941018766756,4.297587131367292,1.841823056300268,6.13941018766756,117,0.0,Sufficient
22797,CHEST OF DRAWERS GINGHAM HEART ,82,1353.9,0.2198391420911528,1.5388739946380698,0.6595174262734584,2.1983914209115283,197,0.0,Sufficient
22798,ANTIQUE GLASS DRESSING TABLE POT,632,1845.2,1.6943699731903483,11.86058981233244,5.083109919571045,16.943699731903486,310,0.0,Sufficient
22799,SWEETHEART WIRE FRUIT BOWL,45,372.3,0.1206434316353887,0.8445040214477212,0.3619302949061662,1.206434316353887,107,0.0,Sufficient
22800,ANTIQUE TALL SWIRLGLASS TRINKET POT,312,1170.0,0.8364611260053619,5.855227882037534,2.5093833780160857,8.36461126005362,140,0.0,Sufficient
22801,ANTIQUE GLASS PEDESTAL BOWL,305,1143.75,0.8176943699731903,5.7238605898123325,2.453083109919571,8.176943699731904,302,0.0,Sufficient
22802,FAUX FUR CHOCOLATE THROW,24,478.8,0.064343163538874,0.450402144772118,0.193029490616622,0.6434316353887399,180,0.0,Sufficient
22803,IVORY EMBROIDERED QUILT ,24,887.4,0.064343163538874,0.450402144772118,0.193029490616622,0.6434316353887399,433,0.0,Sufficient
22804,CANDLEHOLDER PINK HANGING HEART,2147,5981.97,5.7560321715817695,40.292225201072384,17.26809651474531,57.56032171581769,483,0.0,Sufficient
22805,BLUE DRAWER KNOB ACRYLIC EDWARDIAN,381,476.25,1.021447721179625,7.150134048257373,3.064343163538874,10.214477211796249,192,0.0,Sufficient
22806,SET OF 6 T-LIGHTS WEDDING CAKE ,179,489.65,0.4798927613941018,3.359249329758713,1.4396782841823057,4.798927613941018,480,0.0,Sufficient
22807,SET OF 6 T-LIGHTS TOADSTOOLS,554,1562.3000000000002,1.485254691689008,10.396782841823056,4.455764075067025,14.852546916890082,373,0.0,Sufficient
22808,SET OF 6 T-LIGHTS EASTER CHICKS,81,219.75000000000003,0.2171581769436997,1.5201072386058982,0.6514745308310992,2.171581769436997,48,0.0,Sufficient
22809,SET OF 6 T-LIGHTS SANTA,1329,3757.35,3.5630026809651474,24.94101876675603,10.68900804289544,35.63002680965147,24,11.630026809651469,Reorder
22810,SET OF 6 T-LIGHTS SNOWMEN,1265,3573.3500000000004,3.39142091152815,23.73994638069705,10.174262734584447,33.914209115281494,385,0.0,Sufficient
22811,SET OF 6 T-LIGHTS CACTI ,122,340.70000000000005,0.3270777479892761,2.289544235924933,0.9812332439678284,3.270777479892762,13,0.0,Sufficient
22812,PACK 3 BOXES CHRISTMAS PANNETONE,2881,5445.15,7.7238605898123325,54.06702412868633,23.171581769437,77.23860589812332,358,0.0,Sufficient
22813,PACK 3 BOXES BIRD PANNETONE ,1596,3011.4,4.278820375335121,29.951742627345844,12.836461126005362,42.788203753351205,479,0.0,Sufficient
22814,CARD PARTY GAMES ,593,244.74,1.5898123324396782,11.128686327077748,4.769436997319035,15.898123324396783,418,0.0,Sufficient
22815,CARD PSYCHEDELIC APPLES,828,343.44,2.219839142091153,15.53887399463807,6.659517426273458,22.198391420911527,406,0.0,Sufficient
22816,CARD MOTORBIKE SANTA,2942,1195.32,7.887399463806971,55.2117962466488,23.66219839142091,78.8739946380697,219,0.0,Sufficient
22817,CARD SUKI BIRTHDAY,732,298.8,1.9624664879356568,13.737265415549595,5.88739946380697,19.624664879356565,170,0.0,Sufficient
22818,CARD CHRISTMAS VILLAGE,2724,1131.12,7.302949061662199,51.12064343163539,21.9088471849866,73.02949061662198,25,48.02949061662199,Reorder
22819,"BIRTHDAY CARD, RETRO SPOT",744,303.84000000000003,1.9946380697050936,13.962466487935655,5.983914209115282,19.94638069705094,435,0.0,Sufficient
22820,GIFT BAG BIRTHDAY,423,274.95,1.1340482573726542,7.938337801608579,3.4021447721179627,11.340482573726542,117,0.0,Sufficient
22821,GIFT BAG PSYCHEDELIC APPLES,514,334.1,1.3780160857908847,9.646112600536194,4.134048257372655,13.780160857908848,391,0.0,Sufficient
22822,CREAM WALL PLANTER HEART SHAPED,170,915.5,0.4557640750670241,3.190348525469169,1.3672922252010724,4.557640750670242,459,0.0,Sufficient
22823,CHEST NATURAL WOOD 20 DRAWERS,8,910.0,0.0214477211796246,0.1501340482573726,0.064343163538874,0.2144772117962466,320,0.0,Sufficient
22824,3 TIER SWEETHEART GARDEN SHELF,8,287.6,0.0214477211796246,0.1501340482573726,0.064343163538874,0.2144772117962466,236,0.0,Sufficient
22825,DECORATIVE PLANT POT WITH FRIEZE,29,230.55,0.0777479892761394,0.5442359249329758,0.2332439678284182,0.777479892761394,179,0.0,Sufficient
22827,GIANT SEVENTEEN DRAWER SIDEBOARD,14,2190.0,0.0375335120643431,0.2627345844504021,0.1126005361930294,0.3753351206434315,43,0.0,Sufficient
22828,REGENCY MIRROR WITH SHUTTERS,8,1200.0,0.0214477211796246,0.1501340482573726,0.064343163538874,0.2144772117962466,423,0.0,Sufficient
22829,BROCANTE SHELF WITH HOOKS,19,189.05,0.0509383378016085,0.35656836461126,0.1528150134048257,0.5093833780160858,260,0.0,Sufficient
22830,UTILTY CABINET WITH HOOKS,175,3576.25,0.4691689008042895,3.2841823056300266,1.4075067024128685,4.691689008042895,256,0.0,Sufficient
22831,WHITE BROCANTE SOAP DISH,69,203.55,0.1849865951742627,1.2949061662198391,0.5549597855227882,1.849865951742628,278,0.0,Sufficient
22832,SWEETHEART WIRE WALL TIDY,28,294.6,0.0750670241286863,0.5254691689008042,0.2252010723860589,0.7506702412868631,150,0.0,Sufficient
22833,HALL CABINET WITH 3 DRAWERS,116,3913.69,0.3109919571045576,2.176943699731903,0.9329758713136728,3.109919571045576,283,0.0,Sufficient
22834,HAND WARMER BABUSHKA DESIGN,2574,5249.400000000001,6.900804289544236,48.30563002680965,20.702412868632702,69.00804289544236,425,0.0,Sufficient
22835,HOT WATER BOTTLE I AM SO POORLY,1847,8382.15,4.951742627345845,34.662198391420915,14.855227882037536,49.51742627345845,105,0.0,Sufficient
22837,HOT WATER BOTTLE BABUSHKA ,2660,11869.8,7.131367292225201,49.91957104557641,21.39410187667561,71.31367292225201,236,0.0,Sufficient
22838,3 TIER CAKE TIN RED AND CREAM,227,3217.65,0.6085790884718498,4.260053619302949,1.8257372654155493,6.085790884718498,388,0.0,Sufficient
22839,"CAKE TIN, 3 TIER MINT/IVORY",135,1930.25,0.3619302949061662,2.533512064343164,1.0857908847184987,3.6193029490616624,48,0.0,Sufficient
22840,ROUND CAKE TIN VINTAGE RED,424,3214.8,1.136729222520107,7.957104557640751,3.410187667560322,11.367292225201073,311,0.0,Sufficient
22841,ROUND CAKE TIN VINTAGE GREEN,245,1875.75,0.6568364611260054,4.597855227882038,1.970509383378016,6.568364611260054,38,0.0,Sufficient
22842,BISCUIT TIN VINTAGE RED,251,1627.05,0.6729222520107239,4.710455764075067,2.018766756032172,6.729222520107238,455,0.0,Sufficient
22843,BISCUIT TIN VINTAGE GREEN,147,953.85,0.3941018766756032,2.7587131367292224,1.1823056300268096,3.941018766756032,486,0.0,Sufficient
22844,VINTAGE CREAM DOG FOOD CONTAINER,228,1889.64,0.6112600536193029,4.278820375335121,1.8337801608579087,6.11260053619303,327,0.0,Sufficient
22845,VINTAGE CREAM CAT FOOD CONTAINER,190,1170.34,0.5093833780160858,3.5656836461126007,1.5281501340482575,5.093833780160859,254,0.0,Sufficient
22846,BREAD BIN DINER STYLE RED ,177,2784.15,0.4745308310991957,3.3217158176943697,1.423592493297587,4.745308310991957,245,0.0,Sufficient
22847,"BREAD BIN, DINER STYLE, IVORY",276,4330.2,0.739946380697051,5.179624664879357,2.219839142091153,7.399463806970511,194,0.0,Sufficient
22848,BREAD BIN DINER STYLE PINK,74,1150.3,0.1983914209115281,1.388739946380697,0.5951742627345844,1.9839142091152813,281,0.0,Sufficient
22849,"BREAD BIN, DINER STYLE, MINT",88,1387.6,0.2359249329758713,1.6514745308310992,0.707774798927614,2.359249329758713,449,0.0,Sufficient
22850,BREAD BIN DINER STYLE BLACK,8,123.6,0.0214477211796246,0.1501340482573726,0.064343163538874,0.2144772117962466,245,0.0,Sufficient
22851,SET 20 NAPKINS FAIRY CAKES DESIGN ,2406,1803.18,6.450402144772118,45.152815013404826,19.351206434316357,64.50402144772119,248,0.0,Sufficient
22852,ENAMEL DOG BOWL CREAM,174,704.98,0.4664879356568364,3.265415549597855,1.3994638069705094,4.664879356568365,386,0.0,Sufficient
22853,ENAMEL CAT BOWL CREAM,170,529.3,0.4557640750670241,3.190348525469169,1.3672922252010724,4.557640750670242,275,0.0,Sufficient
22854,CREAM SWEETHEART EGG HOLDER,354,1685.1,0.9490616621983914,6.64343163538874,2.847184986595174,9.490616621983914,423,0.0,Sufficient
22855,FINE WICKER HEART ,2300,2792.92,6.166219839142091,43.16353887399464,18.498659517426272,61.66219839142092,418,0.0,Sufficient
22856,ASSORTED EASTER DECORATIONS  BELLS,308,330.28000000000003,0.8257372654155496,5.780160857908848,2.4772117962466487,8.257372654155496,368,0.0,Sufficient
22857,ASSORTED EASTER GIFT TAGS,84,71.4,0.225201072386059,1.576407506702413,0.675603217158177,2.25201072386059,349,0.0,Sufficient
22858,EASTER TIN KEEPSAKE,8,13.2,0.0214477211796246,0.1501340482573726,0.064343163538874,0.2144772117962466,398,0.0,Sufficient
22859,EASTER TIN BUNNY BOUQUET,52,85.80000000000001,0.1394101876675603,0.9758713136729223,0.418230563002681,1.3941018766756033,74,0.0,Sufficient
22860,EASTER TIN CHICKS PINK DAISY,22,36.3,0.0589812332439678,0.4128686327077748,0.1769436997319035,0.5898123324396782,487,0.0,Sufficient
22862,LOVE HEART NAPKIN BOX ,581,2453.25,1.5576407506702412,10.903485254691688,4.672922252010723,15.576407506702411,186,0.0,Sufficient
22863,SOAP DISH BROCANTE,419,1178.45,1.123324396782842,7.863270777479894,3.3699731903485257,11.23324396782842,12,0.0,Sufficient
22864,MUG AND COASTER SET RED CIRCLES,378,158.76,1.0134048257372654,7.093833780160858,3.040214477211796,10.134048257372656,438,0.0,Sufficient
22865,HAND WARMER OWL DESIGN,6481,13139.1,17.37533512064343,121.62734584450402,52.1260053619303,173.75335120643433,151,22.75335120643433,Reorder
22866,HAND WARMER SCOTTY DOG DESIGN,6408,12943.8,17.179624664879356,120.25737265415547,51.53887399463807,171.79624664879356,385,0.0,Sufficient
22867,HAND WARMER BIRD DESIGN,6438,12949.8,17.260053619302948,120.82037533512064,51.78016085790884,172.60053619302948,167,5.600536193029484,Reorder
22868,"NUMBER TILE COTTAGE GARDEN, 0 ",58,113.1,0.1554959785522788,1.0884718498659516,0.4664879356568364,1.554959785522788,333,0.0,Sufficient
22869,"NUMBER TILE COTTAGE GARDEN, 1",64,124.8,0.1715817694369973,1.2010723860589811,0.514745308310992,1.715817694369973,155,0.0,Sufficient
22870,"NUMBER TILE COTTAGE GARDEN, 2",59,115.04999999999998,0.1581769436997319,1.1072386058981234,0.4745308310991957,1.5817694369973192,455,0.0,Sufficient
22871,"NUMBER TILE COTTAGE GARDEN, 3 ",56,109.2,0.1501340482573726,1.0509383378016084,0.4504021447721179,1.5013404825737262,302,0.0,Sufficient
22872,"NUMBER TILE COTTAGE GARDEN, 4",60,117.0,0.1608579088471849,1.1260053619302948,0.4825737265415549,1.6085790884718496,162,0.0,Sufficient
22873,"NUMBER TILE COTTAGE GARDEN, 5",60,117.0,0.1608579088471849,1.1260053619302948,0.4825737265415549,1.6085790884718496,441,0.0,Sufficient
22874,"NUMBER TILE COTTAGE GARDEN, 6",60,117.0,0.1608579088471849,1.1260053619302948,0.4825737265415549,1.6085790884718496,202,0.0,Sufficient
22875,"NUMBER TILE COTTAGE GARDEN, 7",59,115.04999999999998,0.1581769436997319,1.1072386058981234,0.4745308310991957,1.5817694369973192,446,0.0,Sufficient
22876,"NUMBER TILE COTTAGE GARDEN, 8",57,111.15,0.1528150134048257,1.0697050938337802,0.4584450402144772,1.5281501340482575,472,0.0,Sufficient
22877,"NUMBER TILE COTTAGE GARDEN, 9",62,120.9,0.1662198391420911,1.163538873994638,0.4986595174262734,1.6621983914209113,82,0.0,Sufficient
22878,"NUMBER TILE COTTAGE GARDEN, No",46,96.6,0.1233243967828418,0.8632707774798928,0.3699731903485255,1.2332439678284182,408,0.0,Sufficient
22879,"NUMBER TILE VINTAGE FONT, 0",9,19.31,0.0241286863270777,0.1689008042895442,0.0723860589812332,0.2412868632707774,314,0.0,Sufficient
22880,"NUMBER TILE VINTAGE FONT, 1",11,23.21,0.0294906166219839,0.2064343163538874,0.0884718498659517,0.2949061662198391,386,0.0,Sufficient
22881,"NUMBER TILE VINTAGE FONT, 2",10,21.26,0.0268096514745308,0.1876675603217158,0.0804289544235924,0.2680965147453083,353,0.0,Sufficient
22882,NUMBER TILE VINTAGE FONT 3,16,32.96,0.0428954423592493,0.3002680965147453,0.128686327077748,0.4289544235924932,461,0.0,Sufficient
22883,"NUMBER TILE VINTAGE FONT, 4",8,17.36,0.0214477211796246,0.1501340482573726,0.064343163538874,0.2144772117962466,149,0.0,Sufficient
22884,NUMBER TILE VINTAGE FONT 5,11,23.21,0.0294906166219839,0.2064343163538874,0.0884718498659517,0.2949061662198391,196,0.0,Sufficient
22885,NUMBER TILE VINTAGE FONT 6 ,14,29.06,0.0375335120643431,0.2627345844504021,0.1126005361930294,0.3753351206434315,302,0.0,Sufficient
22886,"NUMBER TILE VINTAGE FONT, 7",8,17.36,0.0214477211796246,0.1501340482573726,0.064343163538874,0.2144772117962466,70,0.0,Sufficient
22887,"NUMBER TILE VINTAGE FONT, 8",12,25.16,0.032171581769437,0.225201072386059,0.096514745308311,0.3217158176943699,494,0.0,Sufficient
22888,NUMBER TILE VINTAGE FONT 9 ,3,5.85,0.0080428954423592,0.0563002680965147,0.0241286863270777,0.0804289544235924,436,0.0,Sufficient
22889,"NUMBER TILE VINTAGE FONT, No ",24,52.8,0.064343163538874,0.450402144772118,0.193029490616622,0.6434316353887399,389,0.0,Sufficient
22890,NOVELTY BISCUITS CAKE STAND 3 TIER,437,4000.15,1.1715817694369972,8.20107238605898,3.5147453083109914,11.71581769436997,207,0.0,Sufficient
22891,TEA FOR ONE POLKADOT,233,966.25,0.6246648793565683,4.372654155495979,1.873994638069705,6.246648793565684,304,0.0,Sufficient
22892,SALT AND PEPPER SHAKERS TOADSTOOLS,1058,1281.46,2.836461126005362,19.855227882037536,8.509383378016086,28.36461126005362,449,0.0,Sufficient
22893,MINI CAKE STAND T-LIGHT HOLDER,590,247.8,1.581769436997319,11.072386058981232,4.745308310991957,15.81769436997319,328,0.0,Sufficient
22894,TABLECLOTH RED APPLES DESIGN ,257,2099.5,0.6890080428954424,4.823056300268097,2.067024128686328,6.890080428954424,311,0.0,Sufficient
22895,SET OF 2 TEA TOWELS APPLE AND PEARS,806,2337.7000000000003,2.160857908847185,15.126005361930297,6.482573726541555,21.608579088471853,353,0.0,Sufficient
22896,PEG BAG APPLE DESIGN,484,1144.2,1.2975871313672922,9.083109919571044,3.8927613941018766,12.975871313672922,20,0.0,Sufficient
22897,OVEN MITT APPLE DESIGN,603,854.35,1.616621983914209,11.316353887399464,4.849865951742627,16.16621983914209,71,0.0,Sufficient
22898,CHILDRENS APRON APPLE DESIGN,801,1501.95,2.1474530831099194,15.032171581769436,6.442359249329758,21.474530831099194,342,0.0,Sufficient
22899,CHILDRENS APRON DOLLY GIRL ,742,1495.7,1.989276139410188,13.924932975871316,5.967828418230563,19.89276139410188,235,0.0,Sufficient
22900, SET 2 TEA TOWELS I LOVE LONDON ,1055,3022.65,2.8284182305630026,19.798927613941014,8.485254691689008,28.284182305630026,162,0.0,Sufficient
22902,TOTE BAG I LOVE LONDON,467,929.86,1.2520107238605898,8.764075067024129,3.7560321715817695,12.5201072386059,208,0.0,Sufficient
22903,CALENDAR FAMILY FAVORITES,552,1500.4,1.479892761394102,10.359249329758716,4.439678284182306,14.798927613941022,61,0.0,Sufficient
22904,CALENDAR PAPER CUT DESIGN,1461,4137.950000000001,3.9168900804289546,27.41823056300268,11.750670241286864,39.16890080428954,269,0.0,Sufficient
22905,CALENDAR IN SEASON DESIGN,469,1351.5500000000002,1.257372654155496,8.801608579088471,3.772117962466488,12.573726541554958,68,0.0,Sufficient
22906,12 MESSAGE CARDS WITH ENVELOPES,1396,2231.4,3.742627345844504,26.198391420911527,11.227882037533512,37.42627345844504,81,0.0,Sufficient
22907,PACK OF 20 NAPKINS PANTRY DESIGN,2084,1569.8,5.587131367292225,39.10991957104558,16.761394101876675,55.871313672922255,157,0.0,Sufficient
22908,PACK OF 20 NAPKINS RED APPLES,1242,954.9,3.329758713136729,23.308310991957104,9.989276139410189,33.297587131367294,358,0.0,Sufficient
22909,SET OF 20 VINTAGE CHRISTMAS NAPKINS,7740,5986.8,20.750670241286866,145.25469168900804,62.252010723860586,207.50670241286863,72,135.50670241286863,Reorder
22910,PAPER CHAIN KIT VINTAGE CHRISTMAS,7854,21550.1,21.056300268096518,147.3941018766756,63.16890080428954,210.56300268096516,319,0.0,Sufficient
22911,PAPER CHAIN KIT LONDON,391,1081.45,1.0482573726541555,7.337801608579088,3.1447721179624666,10.482573726541554,382,0.0,Sufficient
22912,YELLOW COAT RACK PARIS FASHION,49,242.55,0.131367292225201,0.9195710455764076,0.3941018766756032,1.3136729222520107,252,0.0,Sufficient
22913,RED COAT RACK PARIS FASHION,108,484.2,0.289544235924933,2.026809651474531,0.8686327077747991,2.89544235924933,375,0.0,Sufficient
22914,BLUE COAT RACK PARIS FASHION,128,583.2,0.3431635388739946,2.4021447721179623,1.029490616621984,3.431635388739946,339,0.0,Sufficient
22915,ASSORTED BOTTLE TOP  MAGNETS ,300,118.8,0.8042895442359249,5.630026809651475,2.412868632707774,8.04289544235925,116,0.0,Sufficient
22916,HERB MARKER THYME,80,52.0,0.2144772117962466,1.5013404825737269,0.6434316353887399,2.1447721179624666,235,0.0,Sufficient
22917,HERB MARKER ROSEMARY,82,53.3,0.2198391420911528,1.5388739946380698,0.6595174262734584,2.1983914209115283,322,0.0,Sufficient
22918,HERB MARKER PARSLEY,82,53.3,0.2198391420911528,1.5388739946380698,0.6595174262734584,2.1983914209115283,227,0.0,Sufficient
22919,HERB MARKER MINT,68,44.2,0.1823056300268096,1.2761394101876675,0.546916890080429,1.8230563002680964,434,0.0,Sufficient
22920,HERB MARKER BASIL,81,52.650000000000006,0.2171581769436997,1.5201072386058982,0.6514745308310992,2.171581769436997,250,0.0,Sufficient
22921,HERB MARKER CHIVES ,68,44.2,0.1823056300268096,1.2761394101876675,0.546916890080429,1.8230563002680964,268,0.0,Sufficient
22922,FRIDGE MAGNETS US DINER ASSORTED,522,396.9,1.3994638069705094,9.796246648793566,4.198391420911529,13.994638069705095,385,0.0,Sufficient
22923,FRIDGE MAGNETS LES ENFANTS ASSORTED,300,239.4,0.8042895442359249,5.630026809651475,2.412868632707774,8.04289544235925,271,0.0,Sufficient
22924,FRIDGE MAGNETS LA VIE EN ROSE,264,208.8,0.707774798927614,4.954423592493297,2.123324396782842,7.077747989276139,14,0.0,Sufficient
22925,BLUE GIANT GARDEN THERMOMETER,54,321.3,0.1447721179624665,1.0134048257372654,0.4343163538873995,1.447721179624665,270,0.0,Sufficient
22926,IVORY GIANT GARDEN THERMOMETER,158,904.1,0.4235924932975871,2.96514745308311,1.2707774798927614,4.235924932975872,63,0.0,Sufficient
22927,GREEN GIANT GARDEN THERMOMETER,55,327.25,0.1474530831099195,1.032171581769437,0.4423592493297587,1.4745308310991958,56,0.0,Sufficient
22928,YELLOW GIANT GARDEN THERMOMETER,12,71.4,0.032171581769437,0.225201072386059,0.096514745308311,0.3217158176943699,224,0.0,Sufficient
22929,SCHOOL DESK AND CHAIR ,4,260.0,0.0107238605898123,0.0750670241286863,0.032171581769437,0.1072386058981233,186,0.0,Sufficient
22930,BAKING MOULD HEART MILK CHOCOLATE,91,199.65000000000003,0.2439678284182305,1.707774798927614,0.7319034852546917,2.439678284182306,18,0.0,Sufficient
22931,BAKING MOULD HEART WHITE CHOCOLATE,87,189.45,0.2332439678284182,1.6327077747989276,0.6997319034852547,2.3324396782841825,108,0.0,Sufficient
22932,BAKING MOULD TOFFEE CUP CHOCOLATE,79,169.05000000000004,0.2117962466487935,1.482573726541555,0.6353887399463807,2.117962466487936,29,0.0,Sufficient
22933,BAKING MOULD EASTER EGG MILK CHOC,12,35.400000000000006,0.032171581769437,0.225201072386059,0.096514745308311,0.3217158176943699,387,0.0,Sufficient
22935,BAKING MOULD ROSE MILK CHOCOLATE,81,227.25,0.2171581769436997,1.5201072386058982,0.6514745308310992,2.171581769436997,250,0.0,Sufficient
22936,BAKING MOULD ROSE WHITE CHOCOLATE,9,29.25,0.0241286863270777,0.1689008042895442,0.0723860589812332,0.2412868632707774,70,0.0,Sufficient
22937,BAKING MOULD CHOCOLATE CUPCAKES,50,127.5,0.1340482573726541,0.9383378016085792,0.4021447721179625,1.3404825737265416,388,0.0,Sufficient
22938,CUPCAKE LACE PAPER SET 6,1369,2482.35,3.670241286863271,25.691689008042896,11.010723860589811,36.70241286863271,499,0.0,Sufficient
22939,APRON APPLE DELIGHT,227,1053.65,0.6085790884718498,4.260053619302949,1.8257372654155493,6.085790884718498,428,0.0,Sufficient
22940,FELTCRAFT CHRISTMAS FAIRY,1546,6402.5,4.144772117962466,29.01340482573726,12.434316353887398,41.44772117962466,187,0.0,Sufficient
22941,CHRISTMAS LIGHTS 10 REINDEER,996,8129.400000000001,2.670241286863271,18.691689008042896,8.010723860589813,26.70241286863271,347,0.0,Sufficient
22942,CHRISTMAS LIGHTS 10 SANTAS ,643,5169.7,1.7238605898123325,12.067024128686327,5.171581769436997,17.238605898123325,71,0.0,Sufficient
22943,CHRISTMAS LIGHTS 10 VINTAGE BAUBLES,1181,5381.150000000001,3.1662198391420917,22.16353887399464,9.498659517426274,31.662198391420915,154,0.0,Sufficient
22944,CHRISTMAS METAL POSTCARD WITH BELLS,1511,1724.59,4.050938337801608,28.35656836461126,12.152815013404826,40.50938337801608,225,0.0,Sufficient
22945,CHRISTMAS METAL TAGS ASSORTED ,4680,3772.08,12.546916890080428,87.828418230563,37.64075067024129,125.46916890080428,12,113.46916890080428,Reorder
22946,WOODEN ADVENT CALENDAR CREAM,505,7350.15,1.353887399463807,9.47721179624665,4.061662198391421,13.53887399463807,169,0.0,Sufficient
22947,WOODEN ADVENT CALENDAR RED,243,3514.05,0.6514745308310992,4.560321715817694,1.9544235924932976,6.514745308310991,236,0.0,Sufficient
22948,METAL DECORATION NAUGHTY CHILDREN ,596,506.6,1.5978552278820377,11.184986595174262,4.793565683646112,15.978552278820374,495,0.0,Sufficient
22949,36 DOILIES DOLLY GIRL,1039,1391.35,2.785522788203753,19.498659517426272,8.35656836461126,27.85522788203753,278,0.0,Sufficient
22950,36 DOILIES VINTAGE CHRISTMAS,3036,4143.0,8.13941018766756,56.97587131367292,24.41823056300268,81.39410187667559,129,0.0,Sufficient
22951,72 CAKE CASES DOLLY GIRL DESIGN,3628,1808.2,9.726541554959786,68.0857908847185,29.17962466487936,97.26541554959786,390,0.0,Sufficient
22952,72 CAKE CASES VINTAGE CHRISTMAS,15985,7896.309999999999,42.85522788203753,299.98659517426273,128.5656836461126,428.55227882037536,98,330.55227882037536,Reorder
22953,BIRTHDAY PARTY CORDON BARRIER TAPE,334,390.14,0.8954423592493298,6.2680965147453085,2.6863270777479893,8.954423592493297,338,0.0,Sufficient
22954,HEN PARTY CORDON BARRIER TAPE,40,50.0,0.1072386058981233,0.7506702412868633,0.3217158176943699,1.0723860589812333,77,0.0,Sufficient
22955,36 FOIL STAR CAKE CASES ,437,890.7,1.1715817694369972,8.20107238605898,3.5147453083109914,11.71581769436997,407,0.0,Sufficient
22956,36 FOIL HEART CAKE CASES,550,1104.0,1.4745308310991958,10.32171581769437,4.423592493297587,14.745308310991955,366,0.0,Sufficient
22959,WRAP CHRISTMAS VILLAGE,4812,1957.04,12.900804289544237,90.30563002680964,38.70241286863271,129.00804289544237,107,22.00804289544237,Reorder
22960,JAM MAKING SET WITH JARS,549,2180.25,1.4718498659517427,10.3029490616622,4.415549597855228,14.718498659517426,276,0.0,Sufficient
22961,JAM MAKING SET PRINTED,1561,2244.25,4.184986595174263,29.29490616621984,12.55495978552279,41.84986595174263,114,0.0,Sufficient
22962,JAM JAR WITH PINK LID,714,550.74,1.9142091152815013,13.399463806970507,5.742627345844504,19.142091152815013,449,0.0,Sufficient
22963,JAM JAR WITH BLUE LID,650,502.58,1.742627345844504,12.198391420911529,5.227882037533512,17.426273458445042,332,0.0,Sufficient
22964,3 PIECE SPACEBOY COOKIE CUTTER SET,211,443.1,0.5656836461126006,3.959785522788204,1.6970509383378016,5.656836461126005,132,0.0,Sufficient
22965,3 TRADITIONAl BISCUIT CUTTERS  SET,506,990.6,1.35656836461126,9.49597855227882,4.069705093833781,13.565683646112602,485,0.0,Sufficient
22966,GINGERBREAD MAN COOKIE CUTTER,1004,1200.28,2.6916890080428955,18.841823056300267,8.075067024128685,26.916890080428956,38,0.0,Sufficient
22968,ROSE COTTAGE KEEPSAKE BOX ,360,3326.8,0.96514745308311,6.7560321715817695,2.89544235924933,9.6514745308311,146,0.0,Sufficient
22969,HOMEMADE JAM SCENTED CANDLES,2496,3499.2,6.691689008042896,46.84182305630027,20.075067024128685,66.91689008042896,204,0.0,Sufficient
22972,CHILDREN'S SPACEBOY MUG,179,295.35,0.4798927613941018,3.359249329758713,1.4396782841823057,4.798927613941018,418,0.0,Sufficient
22973,CHILDRENS CIRCUS PARADE MUG,160,264.0,0.4289544235924933,3.0026809651474533,1.28686327077748,4.289544235924933,235,0.0,Sufficient
22974,CHILDRENS DOLLY GIRL MUG,129,212.85,0.3458445040214477,2.420911528150134,1.0375335120643432,3.4584450402144773,341,0.0,Sufficient
22975,SPACEBOY CHILDRENS EGG CUP,104,130.0,0.2788203753351206,1.9517426273458447,0.836461126005362,2.7882037533512065,179,0.0,Sufficient
22976,CIRCUS PARADE CHILDRENS EGG CUP ,136,170.0,0.3646112600536193,2.552278820375335,1.093833780160858,3.646112600536193,18,0.0,Sufficient
22977,DOLLY GIRL CHILDRENS EGG CUP,105,131.25,0.2815013404825737,1.9705093833780165,0.8445040214477213,2.815013404825738,472,0.0,Sufficient
22983,"CARD, BILLBOARD FONT",1554,631.08,4.166219839142091,29.16353887399464,12.498659517426272,41.66219839142091,49,0.0,Sufficient
22984,"CARD, GINGHAM ROSE ",576,241.92,1.5442359249329758,10.809651474530831,4.632707774798927,15.442359249329758,34,0.0,Sufficient
22985,"WRAP, BILLBOARD FONTS DESIGN",990,415.8,2.6541554959785523,18.579088471849865,7.962466487935657,26.54155495978552,270,0.0,Sufficient
22986,GINGHAM ROSE WRAP,1740,698.8,4.664879356568365,32.65415549597856,13.994638069705095,46.64879356568365,404,0.0,Sufficient
22987,"WRAP , SUMMER ROSE DESIGN",150,63.0,0.4021447721179624,2.8150134048257374,1.206434316353887,4.021447721179625,452,0.0,Sufficient
22988,SOLDIERS EGG CUP ,568,710.0,1.522788203753351,10.659517426273458,4.568364611260053,15.227882037533512,235,0.0,Sufficient
35001B,HAND OPEN SHAPE BLACK,16,55.84,0.0428954423592493,0.3002680965147453,0.128686327077748,0.4289544235924932,481,0.0,Sufficient
35001G,HAND OPEN SHAPE GOLD,487,1371.47,1.3056300268096517,9.13941018766756,3.9168900804289546,13.056300268096514,133,0.0,Sufficient
35001P,HAND OPEN SHAPE PINK,2,6.98,0.0053619302949061,0.0375335120643431,0.0160857908847185,0.0536193029490616,472,0.0,Sufficient
35001W,HAND OPEN SHAPE DECO.WHITE,744,2142.24,1.9946380697050936,13.962466487935655,5.983914209115282,19.94638069705094,47,0.0,Sufficient
35004B,SET OF 3 BLACK FLYING DUCKS,779,2809.15,2.088471849865952,14.61930294906166,6.265415549597854,20.88471849865952,337,0.0,Sufficient
35004C,SET OF 3 COLOURED  FLYING DUCKS,2703,12847.35,7.246648793565684,50.72654155495979,21.73994638069705,72.46648793565684,260,0.0,Sufficient
35004G,SET OF 3 GOLD FLYING DUCKS,225,855.31,0.6032171581769437,4.222520107238606,1.809651474530831,6.032171581769437,398,0.0,Sufficient
35004P,SET OF 3 PINK FLYING DUCKS,83,349.15,0.2225201072386059,1.5576407506702414,0.6675603217158177,2.225201072386059,185,0.0,Sufficient
35004S,SET OF 3 SILVER FLYING DUCKS,136,388.4,0.3646112600536193,2.552278820375335,1.093833780160858,3.646112600536193,99,0.0,Sufficient
35015,JACOBS LADDER SMALL,2064,123.84,5.533512064343164,38.73458445040215,16.60053619302949,55.33512064343164,411,0.0,Sufficient
35051B,PINK BEADED CONE CHRISTMAS,14,5.88,0.0375335120643431,0.2627345844504021,0.1126005361930294,0.3753351206434315,463,0.0,Sufficient
35071,ASSORTED SANTA CHRISTMAS DECORATION,48,40.8,0.128686327077748,0.900804289544236,0.386058981233244,1.28686327077748,46,0.0,Sufficient
35085E,IVORY ROSE LAMPSHADE ,39,44.25,0.1045576407506702,0.7319034852546917,0.3136729222520107,1.0455764075067024,325,0.0,Sufficient
35095A,BLUE VICTORIAN FABRIC OVAL BOX,854,311.75,2.289544235924933,16.026809651474533,6.8686327077748,22.895442359249333,185,0.0,Sufficient
35095B,RED VICTORIAN FABRIC OVAL BOX,1052,382.43,2.8203753351206435,19.742627345844504,8.46112600536193,28.203753351206437,470,0.0,Sufficient
35096A,BLUE VICTORIAN FABRIC HEART BOX,710,228.39,1.903485254691689,13.324396782841823,5.710455764075067,19.03485254691689,293,0.0,Sufficient
35096B,RED VICTORIAN FABRIC HEART BOX,288,102.63,0.7721179624664879,5.404825737265416,2.316353887399464,7.721179624664879,462,0.0,Sufficient
35160,BUDDHA INCENSE HOLDER ASSORTED,2176,1587.24,5.833780160857909,40.83646112600536,17.501340482573728,58.337801608579085,470,0.0,Sufficient
35233,PASTA ENAMEL/BRASS CONTAINER,10,37.5,0.0268096514745308,0.1876675603217158,0.0804289544235924,0.2680965147453083,90,0.0,Sufficient
35240,ENAMEL BLUE RIM OVAL TRAY SET/2,48,407.52,0.128686327077748,0.900804289544236,0.386058981233244,1.28686327077748,123,0.0,Sufficient
35241,ENAMEL BLUE RIM BISCUIT BIN,184,877.2,0.4932975871313673,3.453083109919571,1.479892761394102,4.932975871313673,49,0.0,Sufficient
35265,COLOURFUL FLOWER FRUIT BOWL,4,27.8,0.0107238605898123,0.0750670241286863,0.032171581769437,0.1072386058981233,310,0.0,Sufficient
35271S,GOLD PRINT PAPER BAG,414,84.17999999999999,1.1099195710455765,7.769436997319035,3.329758713136729,11.099195710455763,233,0.0,Sufficient
35400,WOODEN BOX ADVENT CALENDAR ,1229,10620.6,3.29490616621984,23.06434316353888,9.884718498659518,32.9490616621984,327,0.0,Sufficient
35443,RASTA IN BATH W SPLIFF ASHTRAY,8,6.8,0.0214477211796246,0.1501340482573726,0.064343163538874,0.2144772117962466,358,0.0,Sufficient
35471A,SET OF 3 BIRD L.BLUE FEATHER,360,349.2,0.96514745308311,6.7560321715817695,2.89544235924933,9.6514745308311,124,0.0,Sufficient
35471D,SET OF 3 BIRD LIGHT PINK FEATHER ,300,375.0,0.8042895442359249,5.630026809651475,2.412868632707774,8.04289544235925,195,0.0,Sufficient
35537,CANDLE RING W/CLEAR BEADS,13,5.46,0.03485254691689,0.2439678284182306,0.1045576407506702,0.3485254691689008,332,0.0,Sufficient
35591T,TURQUOISE CHRISTMAS TREE ,14,17.5,0.0375335120643431,0.2627345844504021,0.1126005361930294,0.3753351206434315,65,0.0,Sufficient
35594,WOODEN CHRISTMAS TREE 3 HANGING,138,57.96,0.3699731903485255,2.5898123324396787,1.1099195710455765,3.699731903485256,49,0.0,Sufficient
35596,WOOD XMAS TREE 9 FIG SHELVES,29,24.65,0.0777479892761394,0.5442359249329758,0.2332439678284182,0.777479892761394,363,0.0,Sufficient
35597A,DUSTY PINK CHRISTMAS TREE 30CM,10,12.5,0.0268096514745308,0.1876675603217158,0.0804289544235924,0.2680965147453083,49,0.0,Sufficient
35597B,BLACKCHRISTMAS TREE 30CM,18,22.5,0.0482573726541554,0.3378016085790885,0.1447721179624664,0.4825737265415549,356,0.0,Sufficient
35597D,PINK/WHITE CHRISTMAS TREE 30CM,12,7.800000000000001,0.032171581769437,0.225201072386059,0.096514745308311,0.3217158176943699,470,0.0,Sufficient
35598A,DUSTY PINK CHRISTMAS TREE 60CM,1,2.95,0.002680965147453,0.0187667560321715,0.0080428954423592,0.0268096514745308,246,0.0,Sufficient
35598B,BLACK CHRISTMAS TREE 60CM,391,380.65,1.0482573726541555,7.337801608579088,3.1447721179624666,10.482573726541554,298,0.0,Sufficient
35598C,WHITE CHRISTMAS TREE 60CM,1,2.95,0.002680965147453,0.0187667560321715,0.0080428954423592,0.0268096514745308,271,0.0,Sufficient
35598D,PINK/WHITE CHRISTMAS TREE 60CM,1007,682.75,2.6997319034852545,18.89812332439678,8.099195710455763,26.997319034852545,225,0.0,Sufficient
35599B,BLACK CHRISTMAS TREE 120CM,40,324.72,0.1072386058981233,0.7506702412868633,0.3217158176943699,1.0723860589812333,156,0.0,Sufficient
35599D,PINK AND WHITE CHRISTMAS TREE 120CM,136,401.2000000000001,0.3646112600536193,2.552278820375335,1.093833780160858,3.646112600536193,345,0.0,Sufficient
35600D,PINK AND WHITE CHRISTMAS TREE 180CM,140,476.00000000000006,0.3753351206434316,2.6273458445040214,1.1260053619302948,3.753351206434316,177,0.0,Sufficient
35603B,S/16 BLACK SHINY/MAT BAUBLES,48,20.16,0.128686327077748,0.900804289544236,0.386058981233244,1.28686327077748,101,0.0,Sufficient
35603C,SET/16 WHITE SHINY & MATT BAUBLES,80,47.04,0.2144772117962466,1.5013404825737269,0.6434316353887399,2.1447721179624666,362,0.0,Sufficient
35607A,PINK FLUFFY CHRISTMAS DECORATION,521,98.99,1.3967828418230563,9.777479892761397,4.190348525469169,13.967828418230564,68,0.0,Sufficient
35607B,BLACK FEATHER CHRISTMAS DECORATION,214,40.66,0.5737265415549598,4.016085790884719,1.7211796246648796,5.737265415549599,68,0.0,Sufficient
35609A,PINK FEATHER CHRISTMAS DECORATION,427,82.19,1.1447721179624666,8.013404825737267,3.4343163538874,11.447721179624669,313,0.0,Sufficient
35610A,PINK CHRISTMAS FLOCK DROPLET ,130,82.82,0.3485254691689008,2.439678284182306,1.0455764075067024,3.4852546916890086,178,0.0,Sufficient
35610B,BLACK CHRISTMAS FLOCK DROPLET ,155,114.07,0.4155495978552279,2.908847184986595,1.2466487935656836,4.155495978552279,278,0.0,Sufficient
35610C,WHITE CHRISTMAS FLOCK DROPLET ,67,43.91,0.1796246648793565,1.257372654155496,0.5388739946380697,1.796246648793566,372,0.0,Sufficient
35611B,BLACK ASSORTED DROPLET DECORATION,59,22.42,0.1581769436997319,1.1072386058981234,0.4745308310991957,1.5817694369973192,54,0.0,Sufficient
35633B,BLUE TINSEL GARLAND ,130,24.7,0.3485254691689008,2.439678284182306,1.0455764075067024,3.4852546916890086,354,0.0,Sufficient
35637A,IVORY STRING CURTAIN WITH POLE ,375,887.25,1.0053619302949062,7.037533512064343,3.0160857908847185,10.05361930294906,190,0.0,Sufficient
35637C,PINK STRING CURTAIN WITH POLE,69,210.75,0.1849865951742627,1.2949061662198391,0.5549597855227882,1.849865951742628,179,0.0,Sufficient
35638A,PINK AND BLACK STRING CURTAIN,1,5.95,0.002680965147453,0.0187667560321715,0.0080428954423592,0.0268096514745308,365,0.0,Sufficient
35638B,PINK/BLUE STRING CURTAIN ,59,159.05,0.1581769436997319,1.1072386058981234,0.4745308310991957,1.5817694369973192,200,0.0,Sufficient
35644,PAIR PINK/BLACK COATHANGERS,21,40.95,0.0563002680965147,0.3941018766756032,0.1689008042895442,0.5630026809651475,164,0.0,Sufficient
35645,VINTAGE BEAD PINK JEWEL BOX,47,199.75,0.1260053619302949,0.8820375335120644,0.3780160857908847,1.260053619302949,431,0.0,Sufficient
35646,VINTAGE BEAD PINK EVENING BAG,24,102.0,0.064343163538874,0.450402144772118,0.193029490616622,0.6434316353887399,197,0.0,Sufficient
35647,VINTAGE BEAD PINK SHADE ,512,636.25,1.3726541554959786,9.60857908847185,4.117962466487936,13.726541554959784,16,0.0,Sufficient
35648,VINTAGE BEAD PINK PURSE ,67,197.65000000000003,0.1796246648793565,1.257372654155496,0.5388739946380697,1.796246648793566,142,0.0,Sufficient
35649,VINTAGE BEAD COSMETIC BAG ,1760,1144.0,4.718498659517426,33.029490616621985,14.155495978552278,47.184986595174266,244,0.0,Sufficient
35650,VINTAGE BEAD PINK JEWEL STAND,2,9.9,0.0053619302949061,0.0375335120643431,0.0160857908847185,0.0536193029490616,54,0.0,Sufficient
35651,VINTAGE BEAD PINK SCARF ,7,55.65,0.0187667560321715,0.131367292225201,0.0563002680965147,0.1876675603217157,323,0.0,Sufficient
35652,VINTAGE BEAD CHAISE LONG JEWEL BOX,18,21.5,0.0482573726541554,0.3378016085790885,0.1447721179624664,0.4825737265415549,258,0.0,Sufficient
35653,VINTAGE BEAD NOTEBOOK,141,415.9500000000001,0.3780160857908847,2.646112600536193,1.134048257372654,3.780160857908847,40,0.0,Sufficient
35654,VINTAGE BEAD FILLED PINK CUSHION,12,59.400000000000006,0.032171581769437,0.225201072386059,0.096514745308311,0.3217158176943699,32,0.0,Sufficient
35751C,PURPLE CURRENT CANDLE RING,31,12.61,0.0831099195710455,0.581769436997319,0.2493297587131367,0.8310991957104557,435,0.0,Sufficient
35751D,PINK CURRENT CANDLE RING,28,5.32,0.0750670241286863,0.5254691689008042,0.2252010723860589,0.7506702412868631,403,0.0,Sufficient
35793,S/3 PUPPIES CHRISTMAS DECORATIONS,101,174.05,0.2707774798927614,1.89544235924933,0.8123324396782843,2.7077747989276144,169,0.0,Sufficient
35809A,ENAMEL PINK TEA CONTAINER,649,923.7,1.739946380697051,12.179624664879356,5.219839142091153,17.39946380697051,372,0.0,Sufficient
35809B,ENAMEL BLUE RIM TEA CONTAINER,73,153.3,0.195710455764075,1.3699731903485255,0.5871313672922251,1.9571045576407504,446,0.0,Sufficient
35810A,ENAMEL PINK COFFEE CONTAINER,515,736.98,1.3806970509383378,9.664879356568363,4.142091152815014,13.80697050938338,167,0.0,Sufficient
35810B,ENAMEL BLUE RIM COFFEE CONTAINER,161,293.1,0.4316353887399464,3.0214477211796247,1.2949061662198391,4.316353887399464,48,0.0,Sufficient
35811A,ENAMEL PINK SUGAR CONTAINER,391,581.58,1.0482573726541555,7.337801608579088,3.1447721179624666,10.482573726541554,424,0.0,Sufficient
35815B,"ACRYLIC JEWEL SNOWFLAKE,BLUE",93,35.34,0.2493297587131367,1.7453083109919572,0.7479892761394102,2.493297587131368,91,0.0,Sufficient
35815P,"ACRYLIC JEWEL SNOWFLAKE, PINK",6,12.6,0.0160857908847185,0.1126005361930295,0.0482573726541555,0.1608579088471849,365,0.0,Sufficient
35816B,"ACRYLIC JEWEL ANGEL,BLUE",137,52.93,0.3672922252010724,2.571045576407507,1.1018766756032172,3.672922252010724,267,0.0,Sufficient
35816P,"ACRYLIC JEWEL ANGEL,PINK",214,95.24,0.5737265415549598,4.016085790884719,1.7211796246648796,5.737265415549599,215,0.0,Sufficient
35817B,"ACRYLIC JEWEL SNOWFLAKE,BLUE",142,56.13,0.3806970509383378,2.6648793565683646,1.1420911528150133,3.806970509383378,86,0.0,Sufficient
35817P,"ACRYLIC JEWEL SNOWFLAKE,PINK",400,186.72,1.0723860589812333,7.506702412868633,3.2171581769437,10.723860589812332,486,0.0,Sufficient
35818B,"ACRYLIC JEWEL ICICLE, BLUE",372,156.6,0.9973190348525468,6.981233243967829,2.991957104557641,9.97319034852547,21,0.0,Sufficient
35818P,"ACRYLIC JEWEL ICICLE, PINK",288,109.44,0.7721179624664879,5.404825737265416,2.316353887399464,7.721179624664879,304,0.0,Sufficient
35819B,"ACRYLIC HANGING JEWEL,BLUE",115,81.11,0.3083109919571045,2.158176943699732,0.9249329758713136,3.0831099195710454,459,0.0,Sufficient
35821B,"JEWELLED DECORATION,BLUE",150,57.0,0.4021447721179624,2.8150134048257374,1.206434316353887,4.021447721179625,233,0.0,Sufficient
35821P,"JEWELLED DECORATION,PINK",2,5.9,0.0053619302949061,0.0375335120643431,0.0160857908847185,0.0536193029490616,22,0.0,Sufficient
35822B,"ACRYLIC BEAD CHAIN, BLUE",229,87.02,0.613941018766756,4.297587131367292,1.841823056300268,6.13941018766756,55,0.0,Sufficient
35822P,"ACRYLIC BEAD CHAIN, PINK",114,43.32,0.3056300268096514,2.1394101876675604,0.9168900804289544,3.056300268096515,164,0.0,Sufficient
35823P,"ACRYLIC BEAD GARLAND,PINK",2,5.9,0.0053619302949061,0.0375335120643431,0.0160857908847185,0.0536193029490616,122,0.0,Sufficient
35824B,"HANGING FLOWERS+MIRROR,BLUE",527,200.26,1.4128686327077749,9.890080428954423,4.238605898123325,14.128686327077748,242,0.0,Sufficient
35824C,"HANGING FLOWERS+MIRROR,CLEAR",235,117.05,0.6300268096514745,4.410187667560321,1.8900804289544235,6.300268096514745,26,0.0,Sufficient
35824P,"HANGING FLOWERS+MIRROR,PINK",324,136.44,0.868632707774799,6.080428954423593,2.6058981233243967,8.68632707774799,369,0.0,Sufficient
35832,WOOLLY HAT SOCK GLOVE ADVENT STRING,1687,4995.85,4.522788203753351,31.65951742627346,13.568364611260057,45.22788203753352,232,0.0,Sufficient
35833G,4 GOLD FLOCK CHRISTMAS BALLS,126,198.0,0.3378016085790885,2.3646112600536195,1.0134048257372654,3.378016085790885,363,0.0,Sufficient
35833P,4 PINK FLOCK CHRISTMAS BALLS,126,198.0,0.3378016085790885,2.3646112600536195,1.0134048257372654,3.378016085790885,197,0.0,Sufficient
35837,SET OF SIX SILVER+RED FLOCK BAUBLES,2,1.7,0.0053619302949061,0.0375335120643431,0.0160857908847185,0.0536193029490616,457,0.0,Sufficient
35838A,S/6 MULTICOLOUR ORNAMENETAL CANDLE,171,176.75,0.4584450402144772,3.20911528150134,1.3753351206434314,4.584450402144771,353,0.0,Sufficient
35838B,S/6 SILVER ORNAMENETAL CANDLE,97,82.45,0.260053619302949,1.8203753351206435,0.7801608579088473,2.600536193029491,374,0.0,Sufficient
35840,FLAT GLASS  BAUBLE WHITE FLOCK ,36,51.0,0.0965147453083109,0.675603217158177,0.2895442359249329,0.96514745308311,172,0.0,Sufficient
35909A,RABBIT EASTER DECORATION,12,35.400000000000006,0.032171581769437,0.225201072386059,0.096514745308311,0.3217158176943699,335,0.0,Sufficient
35909B,PINK FLOWERS RABBIT EASTER,8,23.6,0.0214477211796246,0.1501340482573726,0.064343163538874,0.2144772117962466,476,0.0,Sufficient
35910A,MULTICOLOUR EASTER RABBIT ,32,62.39999999999999,0.0857908847184986,0.6005361930294906,0.257372654155496,0.8579088471849865,423,0.0,Sufficient
35910B,PINK FLOWERS RABBIT EASTER,14,27.3,0.0375335120643431,0.2627345844504021,0.1126005361930294,0.3753351206434315,464,0.0,Sufficient
35911A,MULTICOLOUR RABBIT EGG WARMER,55,115.5,0.1474530831099195,1.032171581769437,0.4423592493297587,1.4745308310991958,83,0.0,Sufficient
35911B,PINK/FLOWER RABBIT EGG WARMER ,40,84.0,0.1072386058981233,0.7506702412868633,0.3217158176943699,1.0723860589812333,242,0.0,Sufficient
35912B,WHITE/PINK CHICK DECORATION,34,42.5,0.0911528150134048,0.6380697050938338,0.2734584450402145,0.9115281501340482,233,0.0,Sufficient
35913B,WHITE/PINK CHICK EASTER DECORATION,63,53.55,0.1689008042895442,1.1823056300268098,0.5067024128686327,1.6890080428954426,491,0.0,Sufficient
35914,PINK CHICK EGG WARMER + EGG CUP,40,84.0,0.1072386058981233,0.7506702412868633,0.3217158176943699,1.0723860589812333,328,0.0,Sufficient
35915A,CREAM KNITTED HEN,288,365.76,0.7721179624664879,5.404825737265416,2.316353887399464,7.721179624664879,421,0.0,Sufficient
35915B,BLUE KNITTED HEN ,343,456.51,0.9195710455764076,6.436997319034852,2.7587131367292224,9.195710455764074,69,0.0,Sufficient
35915C,PEACH KNITTED HEN ,339,449.91,0.9088471849865952,6.361930294906166,2.726541554959786,9.088471849865952,344,0.0,Sufficient
35916A,YELLOW FELT HANGING HEART W FLOWER,31,26.35,0.0831099195710455,0.581769436997319,0.2493297587131367,0.8310991957104557,231,0.0,Sufficient
35916B,BLUE FELT HANGING HEART W FLOWER,31,26.35,0.0831099195710455,0.581769436997319,0.2493297587131367,0.8310991957104557,46,0.0,Sufficient
35916C,PINK FELT HANGING HEART W FLOWER,31,26.35,0.0831099195710455,0.581769436997319,0.2493297587131367,0.8310991957104557,486,0.0,Sufficient
35918B,BLUE FLORIBUNDA EGG WARMER,10,12.5,0.0268096514745308,0.1876675603217158,0.0804289544235924,0.2680965147453083,287,0.0,Sufficient
35920,FOUR RABBIT EASTER DECORATIONS,998,191.5,2.675603217158177,18.72922252010724,8.026809651474531,26.75603217158177,205,0.0,Sufficient
35921,EASTER BUNNY HANGING GARLAND,100,125.0,0.2680965147453083,1.8766756032171583,0.804289544235925,2.680965147453083,413,0.0,Sufficient
35922,EASTER BUNNY WREATH,48,223.6,0.128686327077748,0.900804289544236,0.386058981233244,1.28686327077748,361,0.0,Sufficient
35923,CANDY HEART HANGING DECORATION,188,235.0,0.5040214477211796,3.528150134048257,1.512064343163539,5.040214477211796,493,0.0,Sufficient
35924,HANGING FAIRY CAKE DECORATION,1281,2296.5,3.4343163538873998,24.040214477211794,10.302949061662195,34.343163538873995,251,0.0,Sufficient
35930,PINK HEART CHRISTMAS DECORATION,1,0.38,0.002680965147453,0.0187667560321715,0.0080428954423592,0.0268096514745308,333,0.0,Sufficient
35931,PINK STAR CHRISTMAS DECORATION,156,78.11999999999999,0.4182305630026809,2.927613941018767,1.2546916890080428,4.18230563002681,228,0.0,Sufficient
35932,PINK CHRISTMAS TREE DECORATION,37,15.63,0.099195710455764,0.6943699731903485,0.2975871313672922,0.9919571045576407,201,0.0,Sufficient
35933,PINK STOCKING CHRISTMAS DECORATION,90,34.2,0.2412868632707774,1.6890080428954424,0.7238605898123325,2.412868632707774,26,0.0,Sufficient
35936,CERISE+GOLD CHRISTMAS TREE DEC,36,13.68,0.0965147453083109,0.675603217158177,0.2895442359249329,0.96514745308311,21,0.0,Sufficient
35937,CERISE+GOLD CHRISTMAS STOCKING DEC,188,71.44,0.5040214477211796,3.528150134048257,1.512064343163539,5.040214477211796,415,0.0,Sufficient
35945,GOLD CHRISTMAS STOCKING DECORATION,1,1.95,0.002680965147453,0.0187667560321715,0.0080428954423592,0.0268096514745308,410,0.0,Sufficient
35950,FOLKART HEART CHRISTMAS DECORATIONS,1,1.25,0.002680965147453,0.0187667560321715,0.0080428954423592,0.0268096514745308,403,0.0,Sufficient
35951,FOLKART BAUBLE CHRISTMAS DECORATION,1339,671.51,3.5898123324396782,25.128686327077748,10.769436997319035,35.898123324396785,383,0.0,Sufficient
35953,FOLKART STAR CHRISTMAS DECORATIONS,333,416.25,0.8927613941018767,6.249329758713137,2.6782841823056303,8.927613941018768,202,0.0,Sufficient
35954,SMALL FOLKART STAR CHRISTMAS DEC,1036,435.12,2.777479892761394,19.44235924932976,8.332439678284182,27.77479892761394,31,0.0,Sufficient
35955,SMALL FOLKART CHRISTMAS TREE DEC,135,34.62,0.3619302949061662,2.533512064343164,1.0857908847184987,3.6193029490616624,483,0.0,Sufficient
35957,SMALLFOLKART BAUBLE CHRISTMAS DEC,2929,733.38,7.85254691689008,54.96782841823057,23.55764075067024,78.52546916890081,129,0.0,Sufficient
35958,FOLKART ZINC STAR CHRISTMAS DEC,1100,935.0,2.949061662198392,20.64343163538874,8.847184986595174,29.490616621983914,219,0.0,Sufficient
35961,FOLKART ZINC HEART CHRISTMAS DEC,8013,6137.13,21.48257372654156,150.3780160857909,64.44772117962466,214.8257372654156,315,0.0,Sufficient
35962,12 ASS ZINC CHRISTMAS DECORATIONS,520,1092.0,1.3941018766756033,9.758713136729224,4.18230563002681,13.941018766756034,279,0.0,Sufficient
35963,FOLKART ZINC CLIP ON ANGEL WINGS,101,38.38,0.2707774798927614,1.89544235924933,0.8123324396782843,2.7077747989276144,201,0.0,Sufficient
35964,FOLKART CLIP ON STARS,384,241.92,1.029490616621984,7.206434316353888,3.088471849865952,10.29490616621984,184,0.0,Sufficient
35965,FOLKART HEART NAPKIN RINGS,195,534.45,0.5227882037533512,3.6595174262734576,1.5683646112600536,5.227882037533512,294,0.0,Sufficient
35966,FOLKART CHRISTMAS TREE T-LIGHT HOLD,217,82.46,0.5817694369973191,4.072386058981234,1.7453083109919572,5.817694369973191,213,0.0,Sufficient
35967,FOLK ART METAL STAR T-LIGHT HOLDER,429,168.66,1.1501340482573728,8.05093833780161,3.4504021447721183,11.501340482573728,173,0.0,Sufficient
35968,FOLK ART METAL HEART T-LIGHT HOLDER,580,220.4,1.554959785522788,10.884718498659517,4.664879356568364,15.54959785522788,260,0.0,Sufficient
35969,FOLKART CROWN TABLE DECORATIONS,450,376.74,1.206434316353887,8.445040214477212,3.619302949061662,12.064343163538874,236,0.0,Sufficient
35970,ZINC FOLKART SLEIGH BELLS,3224,5174.96,8.64343163538874,60.50402144772119,25.93029490616622,86.43431635388741,445,0.0,Sufficient
35971,ROSE FOLKART HEART DECORATIONS,1444,1167.56,3.871313672922252,27.099195710455763,11.613941018766756,38.71313672922252,390,0.0,Sufficient
35972,DAISY FOLKART HEART DECORATION,293,366.25,0.7855227882037533,5.498659517426273,2.35656836461126,7.855227882037534,469,0.0,Sufficient
35973,GERANIUM FOLKART HEART DECORATION,47,58.75,0.1260053619302949,0.8820375335120644,0.3780160857908847,1.260053619302949,16,0.0,Sufficient
35974,S/6 CHRISTMAS TREE PLACE SETTING,1,3.75,0.002680965147453,0.0187667560321715,0.0080428954423592,0.0268096514745308,38,0.0,Sufficient
35976B,WHITE SCANDINAVIAN HEART CHRISTMAS,1,1.25,0.002680965147453,0.0187667560321715,0.0080428954423592,0.0268096514745308,404,0.0,Sufficient
35979,SIX STRING SCANDINAVIAN HEART DECS,83,244.85,0.2225201072386059,1.5576407506702414,0.6675603217158177,2.225201072386059,42,0.0,Sufficient
35980B,RED TOP SCANDINAVIAN HEART ,4,1.52,0.0107238605898123,0.0750670241286863,0.032171581769437,0.1072386058981233,143,0.0,Sufficient
35980C,REDWHITE STRIPE SCANDINAVIAN HEART ,375,142.5,1.0053619302949062,7.037533512064343,3.0160857908847185,10.05361930294906,376,0.0,Sufficient
35981C,WHITE SNOW SCANDINAVIAN STOCKING ,563,266.14,1.5093833780160857,10.5656836461126,4.528150134048257,15.093833780160857,88,0.0,Sufficient
35991,SET/6 BLACK SNOWFLAKE T-LIGHTS ,387,201.91,1.0375335120643432,7.262734584450403,3.1126005361930296,10.375335120643433,425,0.0,Sufficient
35995,SET/6 BLACK GLITTER REINDEER CANDLE,4,3.36,0.0107238605898123,0.0750670241286863,0.032171581769437,0.1072386058981233,444,0.0,Sufficient
35999,S/6 SCANDINAVIAN HEART T-LIGHT,1,2.55,0.002680965147453,0.0187667560321715,0.0080428954423592,0.0268096514745308,468,0.0,Sufficient
37112,YELLOW BIRDS FELT DES FOODCOVER,9,33.75,0.0241286863270777,0.1689008042895442,0.0723860589812332,0.2412868632707774,67,0.0,Sufficient
37326,FAIRY DESIGN MUGS,1,1.25,0.002680965147453,0.0187667560321715,0.0080428954423592,0.0268096514745308,480,0.0,Sufficient
37327,ASSTD MULTICOLOUR CIRCLES MUG,167,221.75,0.4477211796246649,3.1340482573726542,1.3431635388739946,4.477211796246649,35,0.0,Sufficient
37330,SPOTS MUG,498,870.2999999999998,1.3351206434316354,9.345844504021448,4.005361930294907,13.351206434316357,491,0.0,Sufficient
37333,"RETRO ""TEA FOR ONE"" ",108,501.0,0.289544235924933,2.026809651474531,0.8686327077747991,2.89544235924933,439,0.0,Sufficient
37340,MULTICOLOUR SPRING FLOWER MUG,11045,1738.9700000000005,29.611260053619304,207.27882037533516,88.83378016085791,296.11260053619304,235,61.11260053619304,Reorder
37342,SPOTTY COFFEE CUP & SAUCER,36,106.2,0.0965147453083109,0.675603217158177,0.2895442359249329,0.96514745308311,294,0.0,Sufficient
37343,SPOTS DESIGN MUG W PINK INSIDE,912,1322.4,2.445040214477212,17.115281501340483,7.335120643431635,24.45040214477212,13,11.45040214477212,Reorder
37345,ASSTD HEARTS DESIGN MUGS,318,536.1,0.8525469168900804,5.967828418230563,2.557640750670241,8.525469168900804,474,0.0,Sufficient
37348,SET OF 4 PASTEL STACKING MUGS,13,33.15,0.03485254691689,0.2439678284182306,0.1045576407506702,0.3485254691689008,108,0.0,Sufficient
37351,ORANGE FLOWER MUG ,5391,570.15,14.453083109919572,101.171581769437,43.35924932975871,144.53083109919572,406,0.0,Sufficient
37352,BIRD IN TREE MUG ,4643,504.55,12.447721179624663,87.13404825737265,37.343163538874,124.47721179624664,498,0.0,Sufficient
37370,RETRO COFFEE MUGS ASSORTED,4753,5408.87,12.742627345844504,89.19839142091152,38.22788203753351,127.42627345844502,48,79.42627345844502,Reorder
37379A,PINK CHERRY BLOSSOM CUP & SAUCER,24,30.0,0.064343163538874,0.450402144772118,0.193029490616622,0.6434316353887399,280,0.0,Sufficient
37379B,BLUE CHERRY BLOSSOM CUP & SAUCER,1122,181.5,3.008042895442359,21.056300268096518,9.024128686327078,30.080428954423592,384,0.0,Sufficient
37399,"ASS RETROSPOOF MUGS,SPORTS",143,75.0,0.3833780160857908,2.683646112600536,1.1501340482573723,3.833780160857908,294,0.0,Sufficient
37408,ASSORTED DESIGN GEISHA GIRL MUGS,5,6.25,0.0134048257372654,0.0938337801608579,0.0402144772117962,0.1340482573726541,166,0.0,Sufficient
37409,ASSORTED DESIGN FLOWER MUGS,7,5.949999999999999,0.0187667560321715,0.131367292225201,0.0563002680965147,0.1876675603217157,84,0.0,Sufficient
37410,BLACK AND WHITE PAISLEY FLOWER MUG,25685,3019.57,68.86058981233244,482.0241286863271,206.5817694369973,688.6058981233243,381,307.6058981233243,Reorder
37422,WHITE WITH BLACK CATS BOWL,344,141.68,0.9222520107238604,6.455764075067024,2.766756032171582,9.222520107238603,297,0.0,Sufficient
37423,WHITE WITH BLACK CATS PLATE,6013,683.05,16.12064343163539,112.84450402144772,48.36193029490617,161.20643431635392,139,22.20643431635392,Reorder
37424,WHITE WITH BLACK CATS MUG,5153,975.41,13.815013404825738,96.70509383378015,41.44504021447722,138.15013404825737,184,0.0,Sufficient
37432,MUG PINK AND PURPLE ARABIC DESIGN,6,3.9,0.0160857908847185,0.1126005361930295,0.0482573726541555,0.1608579088471849,471,0.0,Sufficient
37438,FUNKY FLOWER COFFEE POT,1,3.75,0.002680965147453,0.0187667560321715,0.0080428954423592,0.0268096514745308,93,0.0,Sufficient
37441,ASSORTED WHITE EMBOSSED CHINA MUGS,674,1307.4,1.806970509383378,12.648793565683649,5.420911528150135,18.069705093833782,31,0.0,Sufficient
37444A,YELLOW BREAKFAST CUP AND SAUCER,2639,407.93,7.075067024128686,49.525469168900806,21.22520107238606,70.75067024128687,468,0.0,Sufficient
37444B,BLUE BREAKFAST CUP AND SAUCER ,1994,332.54,5.345844504021447,37.42091152815013,16.037533512064343,53.45844504021447,36,17.45844504021447,Reorder
37444C,PINK BREAKFAST CUP AND SAUCER ,1578,313.98,4.230563002680965,29.613941018766752,12.691689008042896,42.305630026809645,204,0.0,Sufficient
37446,MINI CAKE STAND WITH HANGING CAKES,2312,3053.4,6.198391420911528,43.388739946380696,18.595174262734584,61.98391420911528,346,0.0,Sufficient
37447,CERAMIC CAKE DESIGN SPOTTED PLATE,1964,2813.8,5.265415549597855,36.85790884718499,15.796246648793566,52.65415549597856,391,0.0,Sufficient
37448,CERAMIC CAKE DESIGN SPOTTED MUG,3065,4376.77,8.2171581769437,57.5201072386059,24.651474530831106,82.17158176943701,245,0.0,Sufficient
37449,CERAMIC CAKE STAND + HANGING CAKES,1747,15426.6,4.683646112600536,32.78552278820376,14.05093833780161,46.83646112600537,449,0.0,Sufficient
37450,CERAMIC CAKE BOWL + HANGING CAKES,1690,4619.5,4.53083109919571,31.71581769436997,13.592493297587133,45.30831099195711,101,0.0,Sufficient
37451,CERAMIC CAKE TEAPOT WITH CHERRY,1,4.95,0.002680965147453,0.0187667560321715,0.0080428954423592,0.0268096514745308,486,0.0,Sufficient
37461,FUNKY MONKEY MUG,710,697.9,1.903485254691689,13.324396782841823,5.710455764075067,19.03485254691689,30,0.0,Sufficient
37462B,"PET MUG, BUDGIE",119,49.98,0.3190348525469169,2.233243967828418,0.9571045576407506,3.190348525469169,312,0.0,Sufficient
37462E,"PET MUG, GOLDFISH",54,22.68,0.1447721179624665,1.0134048257372654,0.4343163538873995,1.447721179624665,473,0.0,Sufficient
37464,ROBOT MUG IN DISPLAY BOX,273,327.57,0.7319034852546917,5.123324396782842,2.1957104557640754,7.319034852546918,366,0.0,Sufficient
37467,PIG MUG IN TWO COLOUR DESIGNS,84,71.39999999999999,0.225201072386059,1.576407506702413,0.675603217158177,2.25201072386059,452,0.0,Sufficient
37471,MULTICOLOUR DOTS PLATE,1372,140.20000000000002,3.67828418230563,25.747989276139407,11.03485254691689,36.782841823056295,93,0.0,Sufficient
37474,SET/4 2 TONE EGG SHAPE MIXING BOWLS,58,559.5799999999999,0.1554959785522788,1.0884718498659516,0.4664879356568364,1.554959785522788,271,0.0,Sufficient
37475,SET/4 COLOURFUL MIXING BOWLS,38,369.34,0.1018766756032171,0.7131367292225201,0.3056300268096514,1.0187667560321716,156,0.0,Sufficient
37476,CONDIMENT TRAY 4 BOWLS AND 4 SPOONS,27,259.89,0.0723860589812332,0.5067024128686327,0.2171581769436997,0.7238605898123325,450,0.0,Sufficient
37477B,"FLOWER FAIRY MUG+COASTER,LAVENDER",11,41.25,0.0294906166219839,0.2064343163538874,0.0884718498659517,0.2949061662198391,462,0.0,Sufficient
37477C,"FLOWER FAIRY MUG+COASTER,ROSE",6,22.5,0.0160857908847185,0.1126005361930295,0.0482573726541555,0.1608579088471849,396,0.0,Sufficient
37479B,CUBIC MUG FLOCK BLUE ON BROWN,1116,958.8,2.991957104557641,20.94369973190349,8.975871313672922,29.919571045576408,266,0.0,Sufficient
37479P,CUBIC MUG FLOCK PINK ON BROWN,9,22.950000000000003,0.0241286863270777,0.1689008042895442,0.0723860589812332,0.2412868632707774,67,0.0,Sufficient
37481,CUBIC MUG TEATIME CAKES,6,15.3,0.0160857908847185,0.1126005361930295,0.0482573726541555,0.1608579088471849,389,0.0,Sufficient
37482B,CUBIC MUG BLUE POLKA DOT,1249,1093.95,3.3485254691689006,23.439678284182303,10.0455764075067,33.48525469168901,431,0.0,Sufficient
37482P,CUBIC MUG PINK POLKA DOT,160,408.0,0.4289544235924933,3.0026809651474533,1.28686327077748,4.289544235924933,24,0.0,Sufficient
37483,ENGLISH ROSE MUG IN GIFT BOX,143,232.89,0.3833780160857908,2.683646112600536,1.1501340482573723,3.833780160857908,171,0.0,Sufficient
37484,ENGLISH ROSE TEA FOR ONE GIFT BOX,1,6.75,0.002680965147453,0.0187667560321715,0.0080428954423592,0.0268096514745308,454,0.0,Sufficient
37485,ENGLISH ROSE TEA SET IN GIFT BOX,49,207.69,0.131367292225201,0.9195710455764076,0.3941018766756032,1.3136729222520107,172,0.0,Sufficient
37488A,YELLOW PINK FLOWER DESIGN BIG BOWL,3,8.850000000000001,0.0080428954423592,0.0563002680965147,0.0241286863270777,0.0804289544235924,329,0.0,Sufficient
37489A,YELLOW/PINK FLOWER DESIGN BIG MUG,11,21.45,0.0294906166219839,0.2064343163538874,0.0884718498659517,0.2949061662198391,290,0.0,Sufficient
37489B,BLUE/YELLOW FLOWER DESIGN BIG MUG,8,15.6,0.0214477211796246,0.1501340482573726,0.064343163538874,0.2144772117962466,289,0.0,Sufficient
37489C,GREEN/BLUE FLOWER DESIGN BIG MUG,3,5.85,0.0080428954423592,0.0563002680965147,0.0241286863270777,0.0804289544235924,21,0.0,Sufficient
37489D,PINK/GREEN FLOWER DESIGN BIG MUG,7,13.65,0.0187667560321715,0.131367292225201,0.0563002680965147,0.1876675603217157,283,0.0,Sufficient
37491A,YELLOW/PINK CERAMIC CANDLE HOLDER,7,11.55,0.0187667560321715,0.131367292225201,0.0563002680965147,0.1876675603217157,280,0.0,Sufficient
37491B,BLUE/YELLOW CERAMIC CANDLE HOLDER,6,9.9,0.0160857908847185,0.1126005361930295,0.0482573726541555,0.1608579088471849,217,0.0,Sufficient
37491C,GREEN/BLUE CERAMIC CANDLE HOLDER,8,13.2,0.0214477211796246,0.1501340482573726,0.064343163538874,0.2144772117962466,36,0.0,Sufficient
37491D,PURPLE/BLUE CERAMIC CANDLE HOLDER,12,19.8,0.032171581769437,0.225201072386059,0.096514745308311,0.3217158176943699,81,0.0,Sufficient
37492A,YELLOW RED FLOWER PIGGY BANK,107,206.55,0.2868632707774799,2.0080428954423595,0.8605898123324398,2.8686327077747995,69,0.0,Sufficient
37492B,BLUE YELLOW FLOWER PIGGY BANK,488,937.2,1.3083109919571043,9.158176943699733,3.9249329758713136,13.083109919571047,439,0.0,Sufficient
37492C,GREEN BLUE FLOWER PIGGY BANK,241,472.65,0.646112600536193,4.522788203753351,1.938337801608579,6.461126005361931,482,0.0,Sufficient
37492D,PURPLE GREEN FLOWER PIGGY BANK,359,664.35,0.9624664879356568,6.737265415549597,2.8873994638069704,9.624664879356567,154,0.0,Sufficient
37494A,FAIRY CAKE CERAMIC BUTTER DISH,192,523.2,0.514745308310992,3.603217158176944,1.544235924932976,5.14745308310992,102,0.0,Sufficient
37495,FAIRY CAKE BIRTHDAY CANDLE SET,1092,3864.6,2.927613941018767,20.49329758713137,8.782841823056302,29.27613941018767,318,0.0,Sufficient
37500,TEA TIME TEAPOT IN GIFT BOX,489,4194.11,1.3109919571045576,9.176943699731904,3.9329758713136727,13.109919571045577,17,0.0,Sufficient
37501,TEA TIME TEA SET IN GIFT BOX,337,2318.15,0.903485254691689,6.324396782841824,2.7104557640750677,9.034852546916891,88,0.0,Sufficient
37502,TEA TIME MUG IN GIFT BOX,806,2300.9,2.160857908847185,15.126005361930297,6.482573726541555,21.608579088471853,36,0.0,Sufficient
37503,TEA TIME CAKE STAND IN GIFT BOX,2384,23784.8,6.39142091152815,44.73994638069705,19.17426273458445,63.91420911528149,183,0.0,Sufficient
37506,NEW ENGLAND MILK JUG W GIFT BOX,28,166.6,0.0750670241286863,0.5254691689008042,0.2252010723860589,0.7506702412868631,59,0.0,Sufficient
37508,NEW ENGLAND CERAMIC CAKE SERVER,87,221.85,0.2332439678284182,1.6327077747989276,0.6997319034852547,2.3324396782841825,208,0.0,Sufficient
37509,NEW ENGLAND MUG W GIFT BOX,28,71.39999999999999,0.0750670241286863,0.5254691689008042,0.2252010723860589,0.7506702412868631,396,0.0,Sufficient
40001, WHITE BAMBOO RIBS LAMPSHADE,1402,990.1,3.7587131367292224,26.310991957104555,11.276139410187668,37.58713136729222,358,0.0,Sufficient
40002,WHITE BAMBOO RIBS LAMPSHADE,78,66.3,0.2091152815013404,1.4638069705093837,0.6273458445040214,2.091152815013405,457,0.0,Sufficient
40003,WHITE BAMBOO RIBS LAMPSHADE,983,1041.55,2.635388739946381,18.447721179624665,7.906166219839143,26.353887399463808,437,0.0,Sufficient
40005B,BLUE ORGANDY ROUND LAMPSHADE W BEA,22,18.7,0.0589812332439678,0.4128686327077748,0.1769436997319035,0.5898123324396782,190,0.0,Sufficient
40016,CHINESE DRAGON PAPER LANTERNS,10023,3193.74,26.87131367292225,188.09919571045577,80.61394101876675,268.7131367292225,33,235.71313672922253,Reorder
40018E,TEA TIME PAPER LANTERNS,334,630.5,0.8954423592493298,6.2680965147453085,2.6863270777479893,8.954423592493297,325,0.0,Sufficient
40018F,CHERRY DESIGN PAPERLANTERNS,1064,2000.44,2.852546916890081,19.967828418230564,8.557640750670242,28.52546916890081,387,0.0,Sufficient
40046A,RED DAISY PAPER LAMPSHADE,271,325.07,0.7265415549597856,5.085790884718499,2.1796246648793565,7.265415549597855,396,0.0,Sufficient
40046C,PINK BUTTERFLY PAPER LAMPSHADE,3,3.75,0.0080428954423592,0.0563002680965147,0.0241286863270777,0.0804289544235924,413,0.0,Sufficient
44089A,PINK GAUZE BUTTERFLY LAMPSHADE,24,10.08,0.064343163538874,0.450402144772118,0.193029490616622,0.6434316353887399,55,0.0,Sufficient
44089C,LILAC GAUZE BUTTERFLY LAMPSHADE,44,18.48,0.1179624664879356,0.8257372654155496,0.353887399463807,1.1796246648793565,24,0.0,Sufficient
44091A,BLUE CRUSOE CHECK LAMPSHADE,9,3.78,0.0241286863270777,0.1689008042895442,0.0723860589812332,0.2412868632707774,162,0.0,Sufficient
44091C,MULTICOLOUR CRUSOE CHECK LAMPSHADE,48,20.16,0.128686327077748,0.900804289544236,0.386058981233244,1.28686327077748,231,0.0,Sufficient
44092B,BLUE WHITE PLASTIC RINGS LAMPSHADE,1,0.85,0.002680965147453,0.0187667560321715,0.0080428954423592,0.0268096514745308,215,0.0,Sufficient
44092C,PURPLE/COPPER HANGING LAMPSHADE,3,2.55,0.0080428954423592,0.0563002680965147,0.0241286863270777,0.0804289544235924,464,0.0,Sufficient
44217M,MULTICOLOUR FEATHERS CURTAIN,72,236.40000000000003,0.1930294906166219,1.351206434316354,0.5790884718498659,1.93029490616622,282,0.0,Sufficient
44228,CANNABIS LEAF BEAD CURTAIN,12,10.2,0.032171581769437,0.225201072386059,0.096514745308311,0.3217158176943699,391,0.0,Sufficient
44230,SQUARE MIRROR CURTAIN,207,1434.18,0.5549597855227882,3.8847184986595176,1.6648793565683646,5.549597855227882,245,0.0,Sufficient
44234,ASSORTED CIRCULAR MOBILE,521,102.93,1.3967828418230563,9.777479892761397,4.190348525469169,13.967828418230564,349,0.0,Sufficient
44235,ASS COL CIRCLE MOBILE ,283,105.9,0.7587131367292225,5.310991957104557,2.2761394101876675,7.587131367292224,237,0.0,Sufficient
44236,PINK/PURPLE CIRCLE CURTAIN,12,55.8,0.032171581769437,0.225201072386059,0.096514745308311,0.3217158176943699,18,0.0,Sufficient
44241C,BLUE BUTTERFLY ON SPRING,68,57.8,0.1823056300268096,1.2761394101876675,0.546916890080429,1.8230563002680964,175,0.0,Sufficient
44242A,LILAC FEATHERS CURTAIN,2,2.5,0.0053619302949061,0.0375335120643431,0.0160857908847185,0.0536193029490616,441,0.0,Sufficient
44242B,PINK FEATHERS CURTAIN,54,67.5,0.1447721179624665,1.0134048257372654,0.4343163538873995,1.447721179624665,453,0.0,Sufficient
44265,M/COLOUR POM-POM CURTAIN,6,25.5,0.0160857908847185,0.1126005361930295,0.0482573726541555,0.1608579088471849,328,0.0,Sufficient
45008C,DECORATIVE NET CANOPY CREAM,68,541.6,0.1823056300268096,1.2761394101876675,0.546916890080429,1.8230563002680964,223,0.0,Sufficient
45013,FOLDING SHOE TIDY,45,123.15,0.1206434316353887,0.8445040214477212,0.3619302949061662,1.206434316353887,126,0.0,Sufficient
45014,FOLDING SHIRT TIDY,1,4.65,0.002680965147453,0.0187667560321715,0.0080428954423592,0.0268096514745308,395,0.0,Sufficient
45016,DECORATIVE NET CANOPY LEOPARD,73,248.75,0.195710455764075,1.3699731903485255,0.5871313672922251,1.9571045576407504,353,0.0,Sufficient
46000M,POLYESTER FILLER PAD 45x45cm,1497,2320.35,4.013404825737266,28.09383378016086,12.040214477211798,40.134048257372655,81,0.0,Sufficient
46000P,POLYESTER FILLER PAD 65CMx65CM,197,837.25,0.5281501340482574,3.6970509383378016,1.584450402144772,5.281501340482574,404,0.0,Sufficient
46000R,POLYESTER FILLER PAD 45x30cm,144,208.8,0.3860589812332439,2.702412868632708,1.1581769436997318,3.86058981233244,73,0.0,Sufficient
46000S,POLYESTER FILLER PAD 40x40cm,1915,2776.75,5.134048257372654,35.938337801608576,15.40214477211796,51.34048257372653,214,0.0,Sufficient
46000U,POLYESTER FILLER PAD 30CMx30CM,144,180.0,0.3860589812332439,2.702412868632708,1.1581769436997318,3.86058981233244,218,0.0,Sufficient
46037A,PINK CANVAS DES CUSHION COVER ,6,7.5,0.0160857908847185,0.1126005361930295,0.0482573726541555,0.1608579088471849,81,0.0,Sufficient
46115B,GREEN POP ART MAO CUSHION COVER ,280,53.2,0.7506702412868632,5.254691689008043,2.252010723860589,7.506702412868632,286,0.0,Sufficient
46118,FUNKY MONKEY CUSHION COVER,131,111.35,0.3512064343163539,2.4584450402144773,1.0536193029490617,3.512064343163539,283,0.0,Sufficient
46126A,ELVIS WALLHANGING / CURTAIN,249,311.25,0.6675603217158177,4.672922252010724,2.0026809651474533,6.675603217158177,487,0.0,Sufficient
46137D,GREEN CHENILLE SHAGGY RUG,43,126.85,0.1152815013404825,0.806970509383378,0.3458445040214477,1.1528150134048256,329,0.0,Sufficient
46138B,BLUE CHENILLE SHAGGY CUSHION COVER ,16,31.2,0.0428954423592493,0.3002680965147453,0.128686327077748,0.4289544235924932,347,0.0,Sufficient
46138D,GREEN CHENILLE SHAGGY C/COVER,1,1.95,0.002680965147453,0.0187667560321715,0.0080428954423592,0.0268096514745308,375,0.0,Sufficient
46307,ROSES BLUE BASE CUSHION COVER ,12,19.8,0.032171581769437,0.225201072386059,0.096514745308311,0.3217158176943699,104,0.0,Sufficient
46775A,BUBBLE GUM CHUNKY KNITTED THROW ,5,84.75,0.0134048257372654,0.0938337801608579,0.0402144772117962,0.1340482573726541,175,0.0,Sufficient
46775B,BERRIES CHUNKY KNITTED THROW ,5,84.75,0.0134048257372654,0.0938337801608579,0.0402144772117962,0.1340482573726541,41,0.0,Sufficient
46775D,SUNSET COLOUR CHUNKY KNITTED THROW,28,474.6,0.0750670241286863,0.5254691689008042,0.2252010723860589,0.7506702412868631,20,0.0,Sufficient
46775E,CANDY POP CHUNKY KNITTED THROW ,15,254.25,0.0402144772117962,0.2815013404825737,0.1206434316353887,0.4021447721179624,310,0.0,Sufficient
46776A,WOVEN BUBBLE GUM CUSHION COVER,176,294.0,0.4718498659517426,3.3029490616621984,1.415549597855228,4.718498659517426,226,0.0,Sufficient
46776B,WOVEN BERRIES CUSHION COVER ,179,308.85,0.4798927613941018,3.359249329758713,1.4396782841823057,4.798927613941018,298,0.0,Sufficient
46776C,WOVEN FROST CUSHION COVER,91,184.05,0.2439678284182305,1.707774798927614,0.7319034852546917,2.439678284182306,111,0.0,Sufficient
46776D,WOVEN SUNSET CUSHION COVER ,11,54.45,0.0294906166219839,0.2064343163538874,0.0884718498659517,0.2949061662198391,434,0.0,Sufficient
46776E,WOVEN CANDY CUSHION COVER ,79,124.65,0.2117962466487935,1.482573726541555,0.6353887399463807,2.117962466487936,401,0.0,Sufficient
46776F,WOVEN ROSE GARDEN CUSHION COVER ,153,268.95,0.4101876675603217,2.871313672922252,1.230563002680965,4.101876675603217,276,0.0,Sufficient
47013A,WINE BOTTLE DRESSING LT.BLUE,127,36.83,0.3404825737265415,2.383378016085791,1.021447721179625,3.404825737265416,223,0.0,Sufficient
47013C,WINE BOTTLE DRESSING DARK BLUE,95,27.55,0.2546916890080429,1.7828418230563003,0.7640750670241288,2.5469168900804293,188,0.0,Sufficient
47016,LIGHT DECORATION BATTERY OPERATED,29,60.900000000000006,0.0777479892761394,0.5442359249329758,0.2332439678284182,0.777479892761394,97,0.0,Sufficient
47021G,SET/6 BEAD COASTERS GAUZE BAG GOLD,115,143.75,0.3083109919571045,2.158176943699732,0.9249329758713136,3.0831099195710454,50,0.0,Sufficient
47310M,"SMALL POP BOX,FUNKY MONKEY",309,347.85,0.8284182305630027,5.798927613941019,2.485254691689008,8.284182305630027,410,0.0,Sufficient
47341A,FUSCHIA TABLE RUN FLOWER ,2,7.5,0.0053619302949061,0.0375335120643431,0.0160857908847185,0.0536193029490616,85,0.0,Sufficient
47341B,BLUE TABLE RUN FLOWER,3,11.25,0.0080428954423592,0.0563002680965147,0.0241286863270777,0.0804289544235924,386,0.0,Sufficient
47343A,FUSCHIA FLOWER PURSE WITH BEADS,47,70.03,0.1260053619302949,0.8820375335120644,0.3780160857908847,1.260053619302949,55,0.0,Sufficient
47344B,BLUE FLOWER DES PURSE,10,12.5,0.0268096514745308,0.1876675603217158,0.0804289544235924,0.2680965147453083,169,0.0,Sufficient
47347B,BLUE FLOWER T-LIGHT HOLDER,236,169.72,0.6327077747989276,4.428954423592494,1.8981233243967828,6.327077747989277,472,0.0,Sufficient
47348A,FUSCHIA VOILE POINTY SHOE DEC,7,13.65,0.0187667560321715,0.131367292225201,0.0563002680965147,0.1876675603217157,89,0.0,Sufficient
47351B,BLUE  VOILE LAMPSHADE,12,35.400000000000006,0.032171581769437,0.225201072386059,0.096514745308311,0.3217158176943699,319,0.0,Sufficient
47367B,PAIR PADDED HANGERS PINK CHECK,96,340.8,0.257372654155496,1.801608579088472,0.772117962466488,2.57372654155496,95,0.0,Sufficient
47369A,PINK GREEN EMBROIDERY COSMETIC BAG,17,50.150000000000006,0.0455764075067024,0.3190348525469169,0.1367292225201072,0.4557640750670241,101,0.0,Sufficient
47369B,BLUE GREEN EMBROIDERY COSMETIC BAG,20,59.00000000000001,0.0536193029490616,0.3753351206434316,0.1608579088471849,0.5361930294906166,157,0.0,Sufficient
47420,ASSORTED COLOUR SUCTION CUP HOOK,160,30.4,0.4289544235924933,3.0026809651474533,1.28686327077748,4.289544235924933,170,0.0,Sufficient
47421,ASSORTED COLOUR LIZARD SUCTION HOOK,491,188.94,1.3163538873994638,9.214477211796249,3.949061662198392,13.16353887399464,211,0.0,Sufficient
47422,ASSORTED MONKEY SUCTION CUP HOOK,558,211.32,1.4959785522788205,10.471849865951745,4.487935656836461,14.959785522788204,433,0.0,Sufficient
47469,ASSORTED SHAPES PHOTO CLIP SILVER ,739,347.87,1.9812332439678284,13.8686327077748,5.943699731903485,19.812332439678283,425,0.0,Sufficient
47471,RAINBOW PEGS PHOTO CLIP STRING,121,78.65,0.324396782841823,2.2707774798927614,0.9731903485254692,3.2439678284182305,251,0.0,Sufficient
47480,HANGING PHOTO CLIP ROPE LADDER,963,1492.95,2.581769436997319,18.072386058981238,7.745308310991957,25.81769436997319,362,0.0,Sufficient
47481,50CM METAL STRING WITH  7 CLIPS,95,80.75,0.2546916890080429,1.7828418230563003,0.7640750670241288,2.5469168900804293,11,0.0,Sufficient
47502,POLKADOT CUTLERY 24 PCS IN TRAY,617,6307.15,1.6541554959785525,11.579088471849866,4.962466487935657,16.541554959785522,234,0.0,Sufficient
47503A,ASS FLORAL PRINT MULTI SCREWDRIVER,116,145.0,0.3109919571045576,2.176943699731903,0.9329758713136728,3.109919571045576,298,0.0,Sufficient
47503E,ASS FLORAL PRINT SCISSORS,6828,1169.4,18.30563002680965,128.13941018766758,54.91689008042896,183.05630026809652,242,0.0,Sufficient
47503F,ASS FLORAL PRINT TORCH,2567,729.9499999999999,6.882037533512064,48.17426273458445,20.646112600536192,68.82037533512064,470,0.0,Sufficient
47503G,ASS FLORAL PRINT TAPE MEASURE,235,289.19,0.6300268096514745,4.410187667560321,1.8900804289544235,6.300268096514745,423,0.0,Sufficient
47503H,ASS FLORAL PRINT SPIRIT LEVEL ,53,103.35,0.1420911528150134,0.994638069705094,0.4262734584450403,1.420911528150134,426,0.0,Sufficient
47503J,SET/3 FLORAL GARDEN TOOLS IN BAG,280,1994.0,0.7506702412868632,5.254691689008043,2.252010723860589,7.506702412868632,86,0.0,Sufficient
47503K,ASSORTED FLORAL SECATEURS,3141,1293.75,8.420911528150134,58.94638069705093,25.2627345844504,84.20911528150134,125,0.0,Sufficient
47504E,ENGLISH ROSE SCISSORS,4372,871.4,11.72117962466488,82.04825737265415,35.16353887399464,117.2117962466488,163,0.0,Sufficient
47504F,ENGLISH ROSE TORCH,526,193.1,1.4101876675603218,9.871313672922252,4.230563002680965,14.101876675603217,415,0.0,Sufficient
47504G,ENGLISH ROSE TAPE MEASURE,256,315.44,0.6863270777479893,4.804289544235925,2.058981233243968,6.863270777479892,112,0.0,Sufficient
47504H,ENGLISH ROSE SPIRIT LEVEL ,44,85.8,0.1179624664879356,0.8257372654155496,0.353887399463807,1.1796246648793565,203,0.0,Sufficient
47504J,ENGLISH ROSE SET/3 GARDEN TOOLS,3,23.85,0.0080428954423592,0.0563002680965147,0.0241286863270777,0.0804289544235924,175,0.0,Sufficient
47504K,ENGLISH ROSE GARDEN SECATEURS,639,974.85,1.71313672922252,11.991957104557642,5.13941018766756,17.131367292225203,368,0.0,Sufficient
47505,MINATURE COLOURED GARDENING SET,716,3331.7000000000003,1.9195710455764077,13.436997319034852,5.758713136729222,19.195710455764072,99,0.0,Sufficient
47518F,ICON PLACEMAT POP ART ELVIS,73,30.660000000000004,0.195710455764075,1.3699731903485255,0.5871313672922251,1.9571045576407504,183,0.0,Sufficient
47552A,DOTS IRONING BOARD COVER,12,23.4,0.032171581769437,0.225201072386059,0.096514745308311,0.3217158176943699,131,0.0,Sufficient
47554,S/3 COLOURS FLOCK TEA TOWELS,1,2.55,0.002680965147453,0.0187667560321715,0.0080428954423592,0.0268096514745308,152,0.0,Sufficient
47556,SET/2 SPOTTY + ROSE TEA TOWELS ,1,2.55,0.002680965147453,0.0187667560321715,0.0080428954423592,0.0268096514745308,491,0.0,Sufficient
47556B,TEA TIME TEA TOWELS ,2541,7318.35,6.8123324396782845,47.68632707774799,20.43699731903485,68.12332439678283,115,0.0,Sufficient
47559B,TEA TIME OVEN GLOVE,3064,3683.7,8.214477211796247,57.50134048257373,24.64343163538874,82.14477211796246,384,0.0,Sufficient
47562,ENGLISH ROSE IRONING BOARD COVER,104,390.0,0.2788203753351206,1.9517426273458447,0.836461126005362,2.7882037533512065,437,0.0,Sufficient
47563A,RETRO LONGBOARD IRONING BOARD COVER,27,101.25,0.0723860589812332,0.5067024128686327,0.2171581769436997,0.7238605898123325,314,0.0,Sufficient
47563B,WAVELINE SURF IRONING BOARD COVER,8,30.0,0.0214477211796246,0.1501340482573726,0.064343163538874,0.2144772117962466,369,0.0,Sufficient
47566,PARTY BUNTING,8312,35017.3,22.284182305630026,155.98927613941018,66.85254691689008,222.84182305630023,468,0.0,Sufficient
47566B,TEA TIME PARTY BUNTING,3351,13950.45,8.983914209115282,62.88739946380697,26.951742627345844,89.83914209115281,326,0.0,Sufficient
47567B,TEA TIME KITCHEN APRON,1563,8192.25,4.190348525469169,29.33243967828418,12.571045576407506,41.90348525469169,460,0.0,Sufficient
47568,ENGLISH ROSE DESIGN PEG BAG,2262,4478.78,6.064343163538874,42.45040214477212,18.193029490616624,60.64343163538874,132,0.0,Sufficient
47569,ENGLISH ROSE DESIGN SHOPPING BAG,1,2.55,0.002680965147453,0.0187667560321715,0.0080428954423592,0.0268096514745308,399,0.0,Sufficient
47570,ENGLISH ROSE TABLE CLOTH,207,2096.55,0.5549597855227882,3.8847184986595176,1.6648793565683646,5.549597855227882,18,0.0,Sufficient
47570B,TEA TIME TABLE CLOTH,752,7252.8,2.0160857908847185,14.11260053619303,6.048257372654156,20.160857908847184,271,0.0,Sufficient
47574A,ENGLISH ROSE SCENTED HANGING FLOWER,21,89.25,0.0563002680965147,0.3941018766756032,0.1689008042895442,0.5630026809651475,82,0.0,Sufficient
47574B,ENGLISH ROSE SCENTED HANGING HEART,45,191.25,0.1206434316353887,0.8445040214477212,0.3619302949061662,1.206434316353887,368,0.0,Sufficient
47578A,ENGLISH ROSE SMALL SCENTED FLOWER,96,81.6,0.257372654155496,1.801608579088472,0.772117962466488,2.57372654155496,232,0.0,Sufficient
47579,TEA TIME BREAKFAST BASKET,170,357.0,0.4557640750670241,3.190348525469169,1.3672922252010724,4.557640750670242,425,0.0,Sufficient
47580,TEA TIME DES TEA COSY,1230,2902.05,3.297587131367292,23.083109919571044,9.892761394101877,32.97587131367292,50,0.0,Sufficient
47581B,FAIRY CAKE WICKER PICNIC BASKET ,33,420.75,0.0884718498659517,0.6193029490616622,0.2654155495978552,0.8847184986595173,379,0.0,Sufficient
47583A,SET OF 3 WICKER BASKET ROSE,70,561.8,0.1876675603217158,1.3136729222520107,0.5630026809651474,1.876675603217158,213,0.0,Sufficient
47583B,SET OF 3 WICKER BASKET TEA AND CAKE,27,332.6,0.0723860589812332,0.5067024128686327,0.2171581769436997,0.7238605898123325,273,0.0,Sufficient
47585A,PINK FAIRY CAKE CUSHION COVER,811,1391.25,2.1742627345844503,15.219839142091152,6.5227882037533504,21.742627345844504,337,0.0,Sufficient
47586A,PINK FAIRY CAKE CUSHION COVER,180,214.2,0.4825737265415549,3.3780160857908847,1.447721179624665,4.825737265415549,187,0.0,Sufficient
47587A,PINK FAIRY CAKE COASTER,2676,1049.64,7.174262734584451,50.21983914209115,21.52278820375335,71.74262734584451,357,0.0,Sufficient
47589,CONGRATULATIONS BUNTING,135,735.75,0.3619302949061662,2.533512064343164,1.0857908847184987,3.6193029490616624,327,0.0,Sufficient
47590A,BLUE HAPPY BIRTHDAY BUNTING,2806,13792.7,7.522788203753351,52.65951742627346,22.56836461126005,75.22788203753352,93,0.0,Sufficient
47590B,PINK HAPPY BIRTHDAY BUNTING,3398,17073.100000000002,9.109919571045577,63.76943699731903,27.32975871313673,91.09919571045576,327,0.0,Sufficient
47591A,CAROUSEL DES CHILD'S APRON,98,161.7,0.2627345844504021,1.8391420911528151,0.7882037533512065,2.6273458445040214,120,0.0,Sufficient
47591B,SCOTTIES DES CHILD'S APRON,631,990.75,1.6916890080428957,11.841823056300267,5.075067024128686,16.916890080428953,260,0.0,Sufficient
47591C,BLUE FAIRY CAKE CHILD'S APRON,995,1800.45,2.667560321715817,18.67292225201072,8.002680965147452,26.675603217158173,392,0.0,Sufficient
47591D,PINK FAIRY CAKE CHILD'S APRON,6138,11128.26,16.455764075067023,115.19034852546916,49.36729222520107,164.55764075067023,16,148.55764075067023,Reorder
47592A,CAROUSEL DES CHILD'S OVERALL,194,407.4,0.5201072386058981,3.640750670241287,1.5603217158176943,5.201072386058982,468,0.0,Sufficient
47592B,SCOTTIES DESIGN CHILD'S OVERALL,47,98.7,0.1260053619302949,0.8820375335120644,0.3780160857908847,1.260053619302949,93,0.0,Sufficient
47593A,CAROUSEL DESIGN BABY BIB,157,196.25,0.420911528150134,2.9463806970509383,1.262734584450402,4.20911528150134,217,0.0,Sufficient
47593B,SCOTTIES DESIGN BABY BIB,169,211.25,0.453083109919571,3.171581769436997,1.3592493297587132,4.53083109919571,397,0.0,Sufficient
47594A,CAROUSEL DESIGN WASHBAG,229,446.55,0.613941018766756,4.297587131367292,1.841823056300268,6.13941018766756,399,0.0,Sufficient
47594B,SCOTTIES DESIGN WASHBAG,222,432.9,0.5951742627345844,4.166219839142091,1.7855227882037532,5.951742627345844,323,0.0,Sufficient
47597,NEW ENGLAND TEATOWELS,124,316.2,0.3324396782841823,2.327077747989276,0.9973190348525468,3.3243967828418226,31,0.0,Sufficient
47598,NEW ENGLAND EGG WARMER,120,66.0,0.3217158176943699,2.252010723860589,0.96514745308311,3.217158176943699,419,0.0,Sufficient
47599A,PINK PARTY BAGS,3544,6517.36,9.501340482573726,66.50938337801608,28.50402144772118,95.01340482573728,392,0.0,Sufficient
47599B,BLUE PARTY BAGS ,2065,3905.1,5.536193029490617,38.75335120643432,16.60857908847185,55.361930294906166,12,43.361930294906166,Reorder
48103,DOOR MAT KISS MY.......,35,201.73,0.0938337801608579,0.6568364611260054,0.2815013404825737,0.938337801608579,136,0.0,Sufficient
48111,DOOR MAT 3 SMILEY CATS,2994,16977.920000000002,8.026809651474531,56.18766756032172,24.0804289544236,80.26809651474531,306,0.0,Sufficient
48116,DOOR MAT MULTICOLOUR STRIPE,1896,10798.44,5.083109919571045,35.58176943699732,15.249329758713136,50.83109919571046,197,0.0,Sufficient
48129,DOOR MAT TOPIARY,2204,13223.5,5.908847184986596,41.361930294906166,17.726541554959788,59.088471849865954,371,0.0,Sufficient
48138,DOOR MAT UNION FLAG,6342,41223.56,17.00268096514745,119.01876675603216,51.00804289544236,170.02680965147454,23,147.02680965147454,Reorder
48173A,DOOR MAT BLUE FLOCK,1,6.75,0.002680965147453,0.0187667560321715,0.0080428954423592,0.0268096514745308,468,0.0,Sufficient
48173C,DOOR MAT BLACK FLOCK ,2270,12898.46,6.085790884718499,42.60053619302949,18.257372654155496,60.85790884718499,475,0.0,Sufficient
48175,DOOR MAT CAMOUFLAGE,38,152.0,0.1018766756032171,0.7131367292225201,0.3056300268096514,1.0187667560321716,21,0.0,Sufficient
48179,DOOR MAT SWEET HOME,28,131.25,0.0750670241286863,0.5254691689008042,0.2252010723860589,0.7506702412868631,96,0.0,Sufficient
48184,DOOR MAT ENGLISH ROSE ,2673,16493.03,7.166219839142091,50.16353887399464,21.498659517426272,71.66219839142092,21,50.66219839142092,Reorder
48185,DOOR MAT FAIRY CAKE,2996,18475.74,8.032171581769436,56.22520107238606,24.09651474530831,80.32171581769437,406,0.0,Sufficient
48187,DOOR MAT NEW ENGLAND,3477,21742.69,9.32171581769437,65.2520107238606,27.965147453083112,93.21715817694373,34,59.21715817694371,Reorder
48188,DOOR MAT WELCOME PUPPIES,2747,15584.77,7.3646112600536195,51.552278820375335,22.093833780160857,73.64611260053618,310,0.0,Sufficient
48189,DOOR MAT FRIENDSHIP ,1226,7033.74,3.28686327077748,23.00804289544236,9.86058981233244,32.86863270777479,252,0.0,Sufficient
48194,DOORMAT HEARTS,4276,25574.7,11.463806970509385,80.24664879356568,34.39142091152815,114.63806970509384,131,0.0,Sufficient
48195,DOOR MAT GREEN PAISLEY ,253,1409.11,0.67828418230563,4.7479892761394105,2.0348525469168903,6.782841823056301,156,0.0,Sufficient
48197,DOOR MAT BIRD ON THE WIRE,785,4437.95,2.10455764075067,14.73190348525469,6.31367292225201,21.0455764075067,64,0.0,Sufficient
51008,AFGHAN SLIPPER SOCK PAIR,2317,7388.65,6.2117962466487935,43.48257372654155,18.63538873994638,62.11796246648793,247,0.0,Sufficient
51012C,"FEATHER DUSTER, COAL BLACK",170,212.5,0.4557640750670241,3.190348525469169,1.3672922252010724,4.557640750670242,365,0.0,Sufficient
51012L,"FEATHER DUSTER, LIGHT PINK",10,12.5,0.0268096514745308,0.1876675603217158,0.0804289544235924,0.2680965147453083,182,0.0,Sufficient
51014A,"FEATHER PEN,HOT PINK",2499,2049.27,6.699731903485255,46.89812332439678,20.099195710455763,66.99731903485254,401,0.0,Sufficient
51014C,"FEATHER PEN,COAL BLACK",1465,1201.57,3.927613941018767,27.49329758713137,11.782841823056302,39.27613941018767,230,0.0,Sufficient
51014L,"FEATHER PEN,LIGHT PINK",1326,1083.4199999999998,3.5549597855227884,24.88471849865952,10.664879356568363,35.54959785522788,128,0.0,Sufficient
51020A,SUMMER FUN DESIGN SHOWER CAP,978,346.98,2.6219839142091157,18.353887399463808,7.865951742627345,26.219839142091157,318,0.0,Sufficient
51020B,STRIPY DESIGN SHOWER CAP,890,421.3,2.386058981233244,16.702412868632706,7.158176943699731,23.860589812332435,192,0.0,Sufficient
62018,SOMBRERO ,5149,6728.15,13.804289544235925,96.63002680965148,41.41286863270777,138.04289544235922,297,0.0,Sufficient
62043B,BLUE CHECK BAG W HANDLE 34X20CM,37,61.05,0.099195710455764,0.6943699731903485,0.2975871313672922,0.9919571045576407,316,0.0,Sufficient
62074B,ELEPHANT CLIP W SUCTION CUP,18,7.56,0.0482573726541554,0.3378016085790885,0.1447721179624664,0.4825737265415549,309,0.0,Sufficient
62086A,PINK RETRO BIG FLOWER BAG,24,46.8,0.064343163538874,0.450402144772118,0.193029490616622,0.6434316353887399,91,0.0,Sufficient
62094B,TURQ ICE CREAM BUM BAG ,238,371.9,0.6380697050938338,4.466487935656836,1.9142091152815013,6.380697050938338,463,0.0,Sufficient
62095B,TURQOISE ICE CREAM SUNHAT,289,304.09000000000003,0.774798927613941,5.423592493297587,2.324396782841823,7.74798927613941,411,0.0,Sufficient
62096A,PINK/YELLOW FLOWERS HANDBAG,243,321.95,0.6514745308310992,4.560321715817694,1.9544235924932976,6.514745308310991,220,0.0,Sufficient
62096B,PURPLE/TURQ FLOWERS HANDBAG,207,276.25,0.5549597855227882,3.8847184986595176,1.6648793565683646,5.549597855227882,159,0.0,Sufficient
62097A,PINK STRIPES SHOULDER BAG,1,2.95,0.002680965147453,0.0187667560321715,0.0080428954423592,0.0268096514745308,46,0.0,Sufficient
62097B,BLUE STRIPES SHOULDER BAG,2,5.9,0.0053619302949061,0.0375335120643431,0.0160857908847185,0.0536193029490616,361,0.0,Sufficient
70006,LOVE HEART POCKET WARMER,1587,1875.75,4.254691689008043,29.7828418230563,12.764075067024129,42.54691689008043,321,0.0,Sufficient
70007,HI TEC ALPINE HAND WARMER,379,511.83,1.0160857908847185,7.11260053619303,3.0482573726541555,10.160857908847186,370,0.0,Sufficient
71028B,SILVER BLUE EGG T-LIGHT HOLDER,483,189.89,1.2949061662198391,9.064343163538874,3.8847184986595176,12.949061662198392,68,0.0,Sufficient
71038,WHITE HANGING BEADS CANDLE HOLDER,485,2582.4500000000003,1.3002680965147453,9.101876675603217,3.900804289544236,13.002680965147452,140,0.0,Sufficient
71050,SMALL SINGLE FLAME CANDLE HOLDER,18,6.299999999999999,0.0482573726541554,0.3378016085790885,0.1447721179624664,0.4825737265415549,421,0.0,Sufficient
71053,WHITE METAL LANTERN,2920,10304.16,7.828418230563003,54.79892761394102,23.485254691689008,78.28418230563003,211,0.0,Sufficient
71101A,ANGEL ON KNEES METAL POLE 100CM H,6,5.1,0.0160857908847185,0.1126005361930295,0.0482573726541555,0.1608579088471849,252,0.0,Sufficient
71101E,STANDING FAIRY POLE SUPPORT ,431,347.63,1.155495978552279,8.088471849865952,3.4664879356568368,11.554959785522788,44,0.0,Sufficient
71143,SILVER BOOK MARK WITH BEADS,68,57.8,0.1823056300268096,1.2761394101876675,0.546916890080429,1.8230563002680964,454,0.0,Sufficient
71215,METAL BASE FOR CANDLES,167,63.9,0.4477211796246649,3.1340482573726542,1.3431635388739946,4.477211796246649,102,0.0,Sufficient
71270,PHOTO CLIP LINE,121,151.25,0.324396782841823,2.2707774798927614,0.9731903485254692,3.2439678284182305,447,0.0,Sufficient
71279,PINK GLASS CANDLEHOLDER,102,300.90000000000003,0.2734584450402145,1.9142091152815013,0.8203753351206435,2.734584450402145,456,0.0,Sufficient
71403,"PINK/WHITE ""KEEP CLEAN"" BULLET BIN",76,224.20000000000005,0.2037533512064343,1.4262734584450405,0.6112600536193029,2.037533512064343,216,0.0,Sufficient
71406C,BLACK ORANGE SQUEEZER,81,34.02,0.2171581769436997,1.5201072386058982,0.6514745308310992,2.171581769436997,362,0.0,Sufficient
71434B,"BLACK RND BULLET""KEEP CLEAN"" BIN",1,2.55,0.002680965147453,0.0187667560321715,0.0080428954423592,0.0268096514745308,400,0.0,Sufficient
71459,HANGING JAM JAR T-LIGHT HOLDER,19183,14973.31,51.428954423592494,360.0026809651475,154.28686327077747,514.289544235925,341,173.28954423592495,Reorder
71477,COLOUR GLASS. STAR T-LIGHT HOLDER,8831,24965.75,23.675603217158177,165.72922252010724,71.02680965147454,236.75603217158175,314,0.0,Sufficient
71495A,CD WALL TIDY BLUE OFFICE,117,43.38,0.3136729222520107,2.195710455764075,0.941018766756032,3.136729222520107,359,0.0,Sufficient
71495B,CD WALL TIDY RED FLOWERS,140,53.040000000000006,0.3753351206434316,2.6273458445040214,1.1260053619302948,3.753351206434316,222,0.0,Sufficient
71496A,A4 WALL TIDY BLUE OFFICE,126,70.38000000000001,0.3378016085790885,2.3646112600536195,1.0134048257372654,3.378016085790885,168,0.0,Sufficient
71496B,A4 WALL TIDY RED FLOWERS,2,1.3,0.0053619302949061,0.0375335120643431,0.0160857908847185,0.0536193029490616,451,0.0,Sufficient
71510,SQUARE METAL CANDLEHOLDER BASE,125,75.53,0.3351206434316354,2.345844504021448,1.0053619302949062,3.351206434316354,454,0.0,Sufficient
72008,FROSTED BOX 9 WHITE T-LIGHT CANDLES,3699,1470.42,9.916890080428956,69.41823056300268,29.750670241286866,99.16890080428954,33,66.16890080428954,Reorder
72023F,RED ORGANIC CANDLE IN GLASS,613,627.05,1.64343163538874,11.50402144772118,4.930294906166219,16.434316353887397,413,0.0,Sufficient
72024U,LILAC VOTIVE CANDLE,146,30.66,0.3914209115281501,2.739946380697051,1.1742627345844503,3.914209115281501,302,0.0,Sufficient
72038P,PRICE'S CANDLE PEACH,1050,116.5,2.8150134048257374,19.70509383378016,8.445040214477212,28.15013404825737,13,15.150134048257373,Reorder
72045D,ROSES ON BLUE TEACUP CANDLE ,536,905.84,1.4369973190348526,10.05898123324397,4.310991957104558,14.369973190348528,229,0.0,Sufficient
72051S,BAG OF SILVER STONES,100,42.0,0.2680965147453083,1.8766756032171583,0.804289544235925,2.680965147453083,373,0.0,Sufficient
72083A,STRAWBERY SWIRL FLARE CANDLE,24,50.400000000000006,0.064343163538874,0.450402144772118,0.193029490616622,0.6434316353887399,391,0.0,Sufficient
72084B,CHOCOLATE ICE CREAM CANDLE,2,3.9,0.0053619302949061,0.0375335120643431,0.0160857908847185,0.0536193029490616,29,0.0,Sufficient
72122,COFFEE SCENT PILLAR CANDLE,241,228.95,0.646112600536193,4.522788203753351,1.938337801608579,6.461126005361931,453,0.0,Sufficient
72127,COLUMBIAN CANDLE ROUND ,217,255.29,0.5817694369973191,4.072386058981234,1.7453083109919572,5.817694369973191,161,0.0,Sufficient
72128,COLUMBIAN CANDLE ROUND,507,260.43,1.3592493297587132,9.514745308310992,4.07774798927614,13.592493297587133,59,0.0,Sufficient
72129,COLUMBIAN CANDLE ROUND ,73,47.45,0.195710455764075,1.3699731903485255,0.5871313672922251,1.9571045576407504,186,0.0,Sufficient
72130,COLUMBIAN CANDLE ROUND,587,200.11,1.5737265415549595,11.016085790884718,4.721179624664879,15.737265415549595,444,0.0,Sufficient
72131,COLUMBIAN CANDLE RECTANGLE,623,477.33,1.6702412868632708,11.691689008042896,5.010723860589812,16.70241286863271,105,0.0,Sufficient
72132,COLUMBIAN CUBE CANDLE,532,429.0,1.4262734584450405,9.983914209115282,4.278820375335121,14.262734584450405,114,0.0,Sufficient
72133,COLUMBIAN CANDLE RECTANGLE,66,61.62,0.1769436997319035,1.2386058981233243,0.5308310991957105,1.7694369973190347,429,0.0,Sufficient
72134,COLUMBIAN  CUBE CANDLE ,222,61.98,0.5951742627345844,4.166219839142091,1.7855227882037532,5.951742627345844,259,0.0,Sufficient
72140E,BEST DAD CANDLE LETTERS,185,127.01,0.4959785522788204,3.4718498659517425,1.487935656836461,4.959785522788204,126,0.0,Sufficient
72140F,HAPPY ANNIVERSARY CANDLE LETTERS,175,69.18,0.4691689008042895,3.2841823056300266,1.4075067024128685,4.691689008042895,363,0.0,Sufficient
72225C,LAVENDER SCENT CAKE CANDLE,1277,295.45,3.423592493297587,23.96514745308311,10.27077747989276,34.23592493297587,237,0.0,Sufficient
72225D,VANILLA SCENT CAKE CANDLE ,960,218.88,2.57372654155496,18.01608579088472,7.721179624664879,25.737265415549597,75,0.0,Sufficient
72232,FENG SHUI PILLAR CANDLE,3061,581.5899999999999,8.206434316353887,57.44504021447721,24.619302949061662,82.06434316353887,344,0.0,Sufficient
72267,PREMIUM CHURCH CANDLE,247,479.34,0.6621983914209115,4.6353887399463805,1.9865951742627344,6.621983914209115,427,0.0,Sufficient
72349B,SET/6 PURPLE BUTTERFLY T-LIGHTS,1257,2482.26,3.3699731903485253,23.58981233243968,10.109919571045577,33.69973190348526,429,0.0,Sufficient
72351A,SET/6 TURQUOISE BUTTERFLY T-LIGHTS,2429,4686.530000000001,6.512064343163539,45.584450402144775,19.53619302949062,65.12064343163539,271,0.0,Sufficient
72351B,SET/6 PINK  BUTTERFLY T-LIGHTS,3649,6978.200000000001,9.7828418230563,68.4798927613941,29.348525469168894,97.828418230563,304,0.0,Sufficient
72369A,PINK CLEAR GLASS CANDLE PLATE,25,31.25,0.067024128686327,0.4691689008042896,0.2010723860589812,0.6702412868632708,435,0.0,Sufficient
72484,ROSES IN WHITE HEART CANDLE ,1805,958.21,4.839142091152815,33.8739946380697,14.517426273458444,48.391420911528144,252,0.0,Sufficient
72487,ROSES WHITE ROUND CANDLE,826,351.62,2.214477211796247,15.501340482573728,6.64343163538874,22.144772117962468,380,0.0,Sufficient
72529W,WHITE ADVENT CANDLE,443,829.08,1.1876675603217155,8.31367292225201,3.5630026809651474,11.87667560321716,195,0.0,Sufficient
72586,"S/6 HALLOWEEN GHOST T LIGHTS, 5CM H",1572,660.24,4.214477211796247,29.501340482573728,12.64343163538874,42.14477211796247,255,0.0,Sufficient
72598,SET/12 TAPER CANDLES,600,464.64,1.6085790884718498,11.26005361930295,4.825737265415549,16.0857908847185,134,0.0,Sufficient
72606A,BROWN ANTIQUE CUBE CANDLE,226,94.92,0.6058981233243967,4.241286863270777,1.8176943699731904,6.058981233243967,277,0.0,Sufficient
72708,SCULPTED ROUND IVORY CANDLE ,44,9.24,0.1179624664879356,0.8257372654155496,0.353887399463807,1.1796246648793565,140,0.0,Sufficient
72709,IVORY SCULPTED RND CANDLE ,48,40.8,0.128686327077748,0.900804289544236,0.386058981233244,1.28686327077748,246,0.0,Sufficient
72715,SPHERICAL IVORY CANDLE ,82,34.44,0.2198391420911528,1.5388739946380698,0.6595174262734584,2.1983914209115283,27,0.0,Sufficient
72724,SET/6 CHRISTMAS ICICLE T-LIGHTS,34,42.5,0.0911528150134048,0.6380697050938338,0.2734584450402145,0.9115281501340482,49,0.0,Sufficient
72728,ROSE SCENT CANDLES IN GLASS,614,498.5,1.646112600536193,11.52278820375335,4.938337801608579,16.46112600536193,30,0.0,Sufficient
72739B,WHITE CHOCOLATE SCENT CANDLE,351,244.35,0.941018766756032,6.5871313672922245,2.8230563002680964,9.41018766756032,408,0.0,Sufficient
72739C,DARK CHOCOLATE SCENTCANDLE,291,219.75,0.7801608579088471,5.46112600536193,2.3404825737265416,7.801608579088471,234,0.0,Sufficient
72740A,LARGE STRAWBERRY CHOCOLATE CANDLE,56,94.7,0.1501340482573726,1.0509383378016084,0.4504021447721179,1.5013404825737262,364,0.0,Sufficient
72741,GRAND CHOCOLATECANDLE,13881,18658.65,37.21447721179624,260.5013404825737,111.64343163538874,372.1447721179625,291,81.14477211796248,Reorder
72750A,"F.FAIRY S/3 CANDLE/GLASS,LILY/VALLY",383,766.85,1.0268096514745308,7.187667560321716,3.0804289544235925,10.268096514745308,17,0.0,Sufficient
72750B,"F.FAIRY S/3 CANDLE/GLASS,LAVENDER",495,1041.25,1.327077747989276,9.289544235924932,3.9812332439678286,13.27077747989276,109,0.0,Sufficient
72750C,"F.FAIRY S/3 CANDLE/GLASS, ROSE",232,476.4,0.6219839142091153,4.353887399463806,1.8659517426273455,6.219839142091152,249,0.0,Sufficient
72750D,F.FAIRY S/3 CANDLE/GLASS,110,226.5,0.2949061662198391,2.064343163538874,0.8847184986595173,2.949061662198392,487,0.0,Sufficient
72751A,"F.FAIRY S/3 SML CANDLE,LILY/VALLEY",1,5.95,0.002680965147453,0.0187667560321715,0.0080428954423592,0.0268096514745308,96,0.0,Sufficient
72751B,"F.FAIRY S/3 SML CANDLE, LAVENDER",1,5.95,0.002680965147453,0.0187667560321715,0.0080428954423592,0.0268096514745308,307,0.0,Sufficient
72751C,"F.FAIRY S/3 SML CANDLE, ROSE",1,5.95,0.002680965147453,0.0187667560321715,0.0080428954423592,0.0268096514745308,437,0.0,Sufficient
72752A,"F.FAIRY,CANDLE IN GLASS,LILY/VALLEY",1,4.25,0.002680965147453,0.0187667560321715,0.0080428954423592,0.0268096514745308,23,0.0,Sufficient
72752B,"F.FAIRY,CANDLE IN GLASS,LAVENDER",3,12.75,0.0080428954423592,0.0563002680965147,0.0241286863270777,0.0804289544235924,343,0.0,Sufficient
72753A,S/3 FLWR FAIRY LILLY CANDLES,312,666.9000000000001,0.8364611260053619,5.855227882037534,2.5093833780160857,8.36461126005362,11,0.0,Sufficient
72753B,S/3 FLWR FAIRY LAVENDER CANDLES,444,949.95,1.1903485254691688,8.332439678284182,3.5710455764075064,11.903485254691688,384,0.0,Sufficient
72753C,S/3 FLWR FAIRY ROSE CANDLES,42,99.9,0.1126005361930295,0.7882037533512065,0.3378016085790885,1.126005361930295,302,0.0,Sufficient
72753D,S/3 FLWR FAIRY SUMMER CANDLES,144,302.40000000000003,0.3860589812332439,2.702412868632708,1.1581769436997318,3.86058981233244,334,0.0,Sufficient
72754A,FLOWER FAIRY POTPOURRI CUSHION LILY,292,201.24,0.7828418230563002,5.479892761394102,2.3485254691689006,7.828418230563003,431,0.0,Sufficient
72754B,F FAIRY POTPOURRI CUSHIONS LAVENDER,170,137.54,0.4557640750670241,3.190348525469169,1.3672922252010724,4.557640750670242,50,0.0,Sufficient
72754D,F FAIRY POTPOURRI CUSHIONS SUMMER,1,1.69,0.002680965147453,0.0187667560321715,0.0080428954423592,0.0268096514745308,327,0.0,Sufficient
72755C,FLOWER FAIRY OIL BURNER SET ROSE,588,750.0,1.5764075067024128,11.03485254691689,4.729222520107238,15.764075067024129,325,0.0,Sufficient
72755D,FLOWER FAIRY OIL BURNER SET SUMMER,533,693.25,1.4289544235924934,10.002680965147452,4.28686327077748,14.289544235924932,390,0.0,Sufficient
72756,FAIRY CAKE CANDLES,3994,5432.66,10.707774798927614,74.9544235924933,32.12332439678284,107.07774798927612,120,0.0,Sufficient
72760B,VINTAGE CREAM 3 BASKET CAKE STAND,1261,11644.67,3.3806970509383376,23.664879356568363,10.142091152815013,33.806970509383376,23,10.806970509383376,Reorder
72771B,BURG FLOCK GOLD CUP/CANDLE ,115,48.3,0.3083109919571045,2.158176943699732,0.9249329758713136,3.0831099195710454,240,0.0,Sufficient
72771C,BLACK FLOCK GOLD CANDLE,49,20.58,0.131367292225201,0.9195710455764076,0.3941018766756032,1.3136729222520107,482,0.0,Sufficient
72772,SET/4 SCENTED CANDLES IN RAMEKINS,454,592.5,1.2171581769436997,8.520107238605897,3.651474530831099,12.171581769436996,93,0.0,Sufficient
72779,SET/6 BLACK ROSE T-LIGHT CANDLES,48,81.12,0.128686327077748,0.900804289544236,0.386058981233244,1.28686327077748,139,0.0,Sufficient
72780,BLACK SILOUETTE CANDLE PLATE,376,300.88,1.0080428954423593,7.056300268096515,3.024128686327078,10.080428954423592,240,0.0,Sufficient
72781,BLACK SILOUETTE CANDLE PLATE ,120,227.4,0.3217158176943699,2.252010723860589,0.96514745308311,3.217158176943699,335,0.0,Sufficient
72783,BLACK SIL'T SQU CANDLE PLATE ,24,50.400000000000006,0.064343163538874,0.450402144772118,0.193029490616622,0.6434316353887399,154,0.0,Sufficient
72785A,S/4 CONTEMPORY PINK ROSEBUD CANDLES,8,16.8,0.0214477211796246,0.1501340482573726,0.064343163538874,0.2144772117962466,388,0.0,Sufficient
72785B,S/4 CONTEMPORY RED ROSEBUD CANDLES,9,10.9,0.0241286863270777,0.1689008042895442,0.0723860589812332,0.2412868632707774,354,0.0,Sufficient
72789,BASKET/8 SCENTED LOVE TOKEN CANDLES,121,453.75,0.324396782841823,2.2707774798927614,0.9731903485254692,3.2439678284182305,37,0.0,Sufficient
72793,BLACK BOX MIRROR LANTERN,55,268.75,0.1474530831099195,1.032171581769437,0.4423592493297587,1.4745308310991958,75,0.0,Sufficient
72796A,S/3 ENGLISH LAVENDER SQU CANDLE,11,18.15,0.0294906166219839,0.2064343163538874,0.0884718498659517,0.2949061662198391,172,0.0,Sufficient
72796B,S/3 FRENCH VANILLA SQU CANDLE,26,42.9,0.0697050938337801,0.4879356568364612,0.2091152815013405,0.6970509383378016,238,0.0,Sufficient
72796C,S/3 ROSE GARDEN SCENT SQU CANDLE,1,1.65,0.002680965147453,0.0187667560321715,0.0080428954423592,0.0268096514745308,270,0.0,Sufficient
72798C,SET/4 GARDEN ROSE DINNER CANDLE,18,29.7,0.0482573726541554,0.3378016085790885,0.1447721179624664,0.4825737265415549,458,0.0,Sufficient
72799A,BLACK PILLAR CANDLE SILVER FLOCK,612,877.8000000000001,1.6407506702412868,11.485254691689008,4.92225201072386,16.407506702412867,433,0.0,Sufficient
72799B,PURPLE PILLAR CANDLE BLACK FLOCK,313,413.35,0.839142091152815,5.873994638069705,2.517426273458445,8.39142091152815,469,0.0,Sufficient
72799C,PINK PILLAR CANDLE SILVER FLOCK,372,546.6,0.9973190348525468,6.981233243967829,2.991957104557641,9.97319034852547,449,0.0,Sufficient
72799D,BLUE PILLAR CANDLE SILVER FLOCK,65,182.15,0.1742627345844504,1.219839142091153,0.5227882037533512,1.7426273458445043,173,0.0,Sufficient
72799E,IVORY PILLAR CANDLE SILVER FLOCK,762,1585.5000000000002,2.0428954423592494,14.300268096514746,6.128686327077748,20.428954423592494,310,0.0,Sufficient
72799F,IVORY PILLAR CANDLE GOLD FLOCK,945,1502.55,2.533512064343164,17.734584450402146,7.600536193029491,25.33512064343164,416,0.0,Sufficient
72800A,S/4 BLACK DINNER CANDLE SILVER FLOC,661,676.71,1.772117962466488,12.404825737265416,5.316353887399464,17.721179624664877,312,0.0,Sufficient
72800B,S/4 PURPLE DINNER CANDLE BLK FLOCK,836,925.32,2.2412868632707776,15.689008042895445,6.7238605898123325,22.412868632707777,296,0.0,Sufficient
72800C,S/4 PINK DINNER CANDLE SILVER FLOCK,522,624.4200000000001,1.3994638069705094,9.796246648793566,4.198391420911529,13.994638069705095,404,0.0,Sufficient
72800D,S/4 BLUE DINNER CANDLE SILVER FLOCK,545,768.15,1.4611260053619304,10.227882037533512,4.383378016085791,14.611260053619304,19,0.0,Sufficient
72800E,4 IVORY DINNER CANDLES SILVER FLOCK,861,1390.71,2.3083109919571045,16.158176943699733,6.924932975871314,23.083109919571047,204,0.0,Sufficient
72800F,4 IVORY DINNER CANDLES GOLD FLOCK,816,1029.72,2.187667560321716,15.313672922252012,6.563002680965148,21.87667560321716,127,0.0,Sufficient
72801C,S/4 ROSE PINK DINNER CANDLES,567,345.63,1.520107238605898,10.640750670241284,4.560321715817694,15.201072386058978,279,0.0,Sufficient
72801D,S/4 SKY BLUE DINNER CANDLES,474,309.06,1.2707774798927614,8.89544235924933,3.812332439678284,12.707774798927614,89,0.0,Sufficient
72801E,S/4 FESTIVE GREEN DINNER CANDLES,768,402.24,2.058981233243968,14.412868632707776,6.176943699731904,20.58981233243968,467,0.0,Sufficient
72801F,S/4 FESTIVE RED DINNER CANDLES,234,292.5,0.6273458445040214,4.39142091152815,1.8820375335120645,6.273458445040214,102,0.0,Sufficient
72801G,S/4 BURGUNDY WINE DINNER CANDLES,1265,704.77,3.39142091152815,23.73994638069705,10.174262734584447,33.914209115281494,275,0.0,Sufficient
72802A,ROSE SCENT CANDLE IN JEWELLED BOX,612,2532.36,1.6407506702412868,11.485254691689008,4.92225201072386,16.407506702412867,341,0.0,Sufficient
72802B,OCEAN SCENT CANDLE IN JEWELLED BOX,539,2236.19,1.445040214477212,10.115281501340483,4.335120643431636,14.45040214477212,359,0.0,Sufficient
72802C,VANILLA SCENT CANDLE JEWELLED BOX,804,3345.72,2.155495978552279,15.088471849865952,6.466487935656836,21.55495978552279,370,0.0,Sufficient
72803A,ROSE SCENT CANDLE JEWELLED DRAWER,192,805.44,0.514745308310992,3.603217158176944,1.544235924932976,5.14745308310992,266,0.0,Sufficient
72803B,OCEAN SCENT CANDLE JEWELLED DRAWER,88,374.0,0.2359249329758713,1.6514745308310992,0.707774798927614,2.359249329758713,142,0.0,Sufficient
72805,VANILLA CANDLE IN EMBOSSED ZINC POT,10,16.9,0.0268096514745308,0.1876675603217158,0.0804289544235924,0.2680965147453083,285,0.0,Sufficient
72807A,SET/3 ROSE CANDLE IN JEWELLED BOX,509,2058.53,1.364611260053619,9.552278820375337,4.093833780160858,13.646112600536192,273,0.0,Sufficient
72807B,SET/3 OCEAN SCENT CANDLE JEWEL BOX,635,2568.51,1.7024128686327078,11.916890080428956,5.107238605898123,17.024128686327078,180,0.0,Sufficient
72807C,SET/3 VANILLA SCENTED CANDLE IN BOX,1195,4760.19,3.2037533512064345,22.42627345844504,9.611260053619304,32.03753351206434,469,0.0,Sufficient
72811,SMALL ZINC/GLASS CANDLEHOLDER,392,261.52,1.0509383378016086,7.3565683646112605,3.152815013404826,10.509383378016086,10,0.5093833780160857,Reorder
72812,LARGE ZINC/GLASS CANDLEHOLDER,60,126.0,0.1608579088471849,1.1260053619302948,0.4825737265415549,1.6085790884718496,322,0.0,Sufficient
72814,SET/3 CHRISTMAS BRIAR CANDLES,259,932.85,0.6943699731903485,4.86058981233244,2.0831099195710454,6.943699731903485,73,0.0,Sufficient
72815,3 WICK CHRISTMAS BRIAR CANDLE ,258,967.5,0.6916890080428955,4.841823056300268,2.0750670241286864,6.916890080428955,383,0.0,Sufficient
72816,SET/3 CHRISTMAS DECOUPAGE CANDLES,467,556.39,1.2520107238605898,8.764075067024129,3.7560321715817695,12.5201072386059,477,0.0,Sufficient
72817,SET/2 CHRISTMAS DECOUPAGE CANDLES,204,250.44,0.546916890080429,3.828418230563003,1.640750670241287,5.46916890080429,293,0.0,Sufficient
72818,CHRISTMAS DECOUPAGE CANDLE,563,460.09,1.5093833780160857,10.5656836461126,4.528150134048257,15.093833780160857,130,0.0,Sufficient
72819,CUPID DESIGN SCENTED CANDLES,465,611.85,1.2466487935656836,8.726541554959786,3.7399463806970505,12.466487935656836,116,0.0,Sufficient
72821,CUPID SCENTED CANDLE IN GLASS,50,82.5,0.1340482573726541,0.9383378016085792,0.4021447721179625,1.3404825737265416,430,0.0,Sufficient
75011,BLUE DAISY MOBILE,9,33.75,0.0241286863270777,0.1689008042895442,0.0723860589812332,0.2412868632707774,184,0.0,Sufficient
75013B,"STRING OF 8 BUTTERFLIES,PINK",340,538.05,0.9115281501340484,6.3806970509383385,2.734584450402145,9.115281501340483,494,0.0,Sufficient
75049L,LARGE CIRCULAR MIRROR MOBILE,6757,6081.45,18.115281501340483,126.80697050938338,54.34584450402145,181.1528150134048,213,0.0,Sufficient
75131,METAL TUBE CHIME ON BAMBOO,724,1007.08,1.941018766756032,13.587131367292224,5.823056300268096,19.41018766756032,174,0.0,Sufficient
75149N,STRING CRYSTALS NATURAL,272,340.0,0.7292225201072386,5.10455764075067,2.187667560321716,7.292225201072386,314,0.0,Sufficient
75172,PAINTED SEA SHELL METAL WINDCHIME,4,15.0,0.0107238605898123,0.0750670241286863,0.032171581769437,0.1072386058981233,129,0.0,Sufficient
75178,ASSTD COL BUTTERFLY/CRYSTAL W/CHIME,20,25.0,0.0536193029490616,0.3753351206434316,0.1608579088471849,0.5361930294906166,53,0.0,Sufficient
77079,DOLPHIN WINDMILL,61,129.32,0.163538873994638,1.1447721179624666,0.4906166219839142,1.635388739946381,321,0.0,Sufficient
77081,FLOWER WINDMILL,219,255.51,0.5871313672922251,4.109919571045576,1.7613941018766754,5.871313672922251,165,0.0,Sufficient
77101A,UNION FLAG WINDSOCK,671,763.51,1.7989276139410189,12.592493297587133,5.396782841823057,17.98927613941019,376,0.0,Sufficient
78026,SEAGRASS S/3 SQU LAUNDRY BOX,11,110.0,0.0294906166219839,0.2064343163538874,0.0884718498659517,0.2949061662198391,216,0.0,Sufficient
78027,SEAGRASS S/2 CORNER LAUNDRY ,4,51.9,0.0107238605898123,0.0750670241286863,0.032171581769437,0.1072386058981233,399,0.0,Sufficient
78033,FLAG OF ST GEORGE CHAIR,36,173.4,0.0965147453083109,0.675603217158177,0.2895442359249329,0.96514745308311,117,0.0,Sufficient
78034B,BLUE NETTING STORAGE HANGER,8,15.6,0.0214477211796246,0.1501340482573726,0.064343163538874,0.2144772117962466,260,0.0,Sufficient
78056,CAMOUFLAGE BACKPACK ON WHEELS,2,19.9,0.0053619302949061,0.0375335120643431,0.0160857908847185,0.0536193029490616,454,0.0,Sufficient
78124,MAGAZINE RACK GEBRA ASSORTED ,534,712.5,1.4316353887399464,10.021447721179625,4.294906166219839,14.316353887399464,413,0.0,Sufficient
79000,MOROCCAN TEA GLASS,7717,5800.81,20.68900804289544,144.8230563002681,62.06702412868633,206.89008042895443,379,0.0,Sufficient
79026B,"S/4 ICON COASTER,ELVIS LIVES",26,32.5,0.0697050938337801,0.4879356568364612,0.2091152815013405,0.6970509383378016,343,0.0,Sufficient
79029,GLASS HONEYPOT WASP CATCHER,2849,5073.15,7.638069705093834,53.46648793565684,22.9142091152815,76.38069705093834,139,0.0,Sufficient
79030A,"TUMBLER, ENGLISH ROSE",151,249.15,0.4048257372654155,2.8337801608579087,1.2144772117962466,4.048257372654155,466,0.0,Sufficient
79030D,"TUMBLER, BAROQUE",431,333.15000000000003,1.155495978552279,8.088471849865952,3.4664879356568368,11.554959785522788,302,0.0,Sufficient
79030G,"TUMBLER, NEW ENGLAND",336,554.4,0.900804289544236,6.305630026809652,2.702412868632708,9.00804289544236,29,0.0,Sufficient
79051A,SMOKEY GREY COLOUR D.O.F. GLASS,112,72.8,0.3002680965147453,2.101876675603217,0.900804289544236,3.0026809651474524,291,0.0,Sufficient
79065A,TEATIME ROUND CAKE TINS ,4,39.8,0.0107238605898123,0.0750670241286863,0.032171581769437,0.1072386058981233,294,0.0,Sufficient
79066K,RETRO MOD TRAY,576,449.28,1.5442359249329758,10.809651474530831,4.632707774798927,15.442359249329758,10,5.442359249329758,Reorder
79067,CORONA MEXICAN TRAY,1348,4786.2,3.613941018766756,25.29758713136729,10.841823056300267,36.139410187667565,128,0.0,Sufficient
79071B,ENGLISH ROSE METAL WASTE BIN,116,342.20000000000005,0.3109919571045576,2.176943699731903,0.9329758713136728,3.109919571045576,44,0.0,Sufficient
79072,TEATIME CAKE TIN WITH HANDLE,230,2168.5,0.6166219839142091,4.316353887399464,1.8498659517426272,6.166219839142091,207,0.0,Sufficient
79140,ASS WINDPROOF MARIJUANA LIGHTERS,15,6.3,0.0402144772117962,0.2815013404825737,0.1206434316353887,0.4021447721179624,494,0.0,Sufficient
79144B,PAINTED LIGHTBULB STAR+ MOON,156,64.32,0.4182305630026809,2.927613941018767,1.2546916890080428,4.18230563002681,254,0.0,Sufficient
79144C,PAINTED LIGHTBULB RAINBOW DESIGN,108,44.16,0.289544235924933,2.026809651474531,0.8686327077747991,2.89544235924933,68,0.0,Sufficient
79149B,SILICON STAR BULB  BLUE,12,5.04,0.032171581769437,0.225201072386059,0.096514745308311,0.3217158176943699,334,0.0,Sufficient
79151B,"SILICON CUBE 25W, BLUE",1,0.42,0.002680965147453,0.0187667560321715,0.0080428954423592,0.0268096514745308,170,0.0,Sufficient
79157B,UBO-LIGHT TRIOBASE BLUE,1,0.85,0.002680965147453,0.0187667560321715,0.0080428954423592,0.0268096514745308,188,0.0,Sufficient
79160,HEART SHAPE WIRELESS DOORBELL,385,769.14,1.032171581769437,7.225201072386059,3.096514745308311,10.32171581769437,215,0.0,Sufficient
79161A,ST GEORGE SET OF 10 PARTY LIGHTS,49,144.55,0.131367292225201,0.9195710455764076,0.3941018766756032,1.3136729222520107,21,0.0,Sufficient
79163,BLACK CHAMPAGNE GLASS,306,500.1,0.8203753351206434,5.742627345844504,2.46112600536193,8.203753351206434,499,0.0,Sufficient
79164,BLACK WINE GLASS,1982,1915.74,5.313672922252011,37.19571045576408,15.941018766756034,53.13672922252012,285,0.0,Sufficient
79172D,PURPLE TINT ACRYLIC FLOWER VASE,24,20.4,0.064343163538874,0.450402144772118,0.193029490616622,0.6434316353887399,190,0.0,Sufficient
79190A,RETRO PLASTIC 70'S TRAY,387,162.54,1.0375335120643432,7.262734584450403,3.1126005361930296,10.375335120643433,251,0.0,Sufficient
79190B,RETRO PLASTIC POLKA TRAY,749,284.58,2.008042895442359,14.056300268096514,6.024128686327077,20.080428954423592,225,0.0,Sufficient
79190D,RETRO PLASTIC DAISY TRAY,364,152.88,0.9758713136729222,6.831099195710456,2.927613941018767,9.758713136729224,260,0.0,Sufficient
79191B,RETRO PLASTIC POLKA TRAY,302,225.02,0.8096514745308311,5.6675603217158175,2.428954423592493,8.09651474530831,308,0.0,Sufficient
79191C,RETRO PLASTIC ELEPHANT TRAY,463,393.55,1.2412868632707774,8.689008042895441,3.723860589812333,12.412868632707774,135,0.0,Sufficient
79191D,RETRO PLASTIC DAISY TRAY,80,68.0,0.2144772117962466,1.5013404825737269,0.6434316353887399,2.1447721179624666,491,0.0,Sufficient
79192A,RETRO PLASTIC 70'S TRAY,103,128.75,0.2761394101876676,1.932975871313673,0.8284182305630028,2.761394101876676,226,0.0,Sufficient
79301,FEATHER HEART LIGHTS,1,2.95,0.002680965147453,0.0187667560321715,0.0080428954423592,0.0268096514745308,315,0.0,Sufficient
79302M,"ART LIGHTS,FUNK MONKEY",262,704.1,0.7024128686327078,4.916890080428955,2.1072386058981234,7.024128686327078,294,0.0,Sufficient
79303A,WHITE ROHMBIC BLOCK TABLE LAMP,2,5.9,0.0053619302949061,0.0375335120643431,0.0160857908847185,0.0536193029490616,194,0.0,Sufficient
79303B,BLUE STAR BLOCK TABLE LAMP,103,303.85,0.2761394101876676,1.932975871313673,0.8284182305630028,2.761394101876676,48,0.0,Sufficient
79303D,LILAC FLOWER BLOCK TABLE LAMP,64,188.8,0.1715817694369973,1.2010723860589811,0.514745308310992,1.715817694369973,232,0.0,Sufficient
79308B,MOSAIC CANDLE DISH BLUE PURPLE,144,122.4,0.3860589812332439,2.702412868632708,1.1581769436997318,3.86058981233244,193,0.0,Sufficient
79315W,FLYING SAUCER TABLE LIGHT IN WHITE,191,563.45,0.5120643431635389,3.584450402144772,1.5361930294906163,5.120643431635388,436,0.0,Sufficient
79320, FLAMINGO LIGHTS,862,3940.7,2.310991957104558,16.176943699731904,6.9329758713136735,23.109919571045577,187,0.0,Sufficient
79321,CHILLI LIGHTS,6012,26262.68,16.117962466487935,112.82573726541554,48.3538873994638,161.17962466487933,416,0.0,Sufficient
79323B,BLACK CHERRY LIGHTS,223,1367.45,0.5978552278820375,4.184986595174262,1.7935656836461125,5.978552278820374,437,0.0,Sufficient
79323G,GOLD  CHERRY LIGHTS,300,1817.0,0.8042895442359249,5.630026809651475,2.412868632707774,8.04289544235925,303,0.0,Sufficient
79323GR,GREEN CHERRY LIGHTS,524,3100.2000000000003,1.4048257372654156,9.83378016085791,4.214477211796247,14.048257372654156,349,0.0,Sufficient
79323LP,LIGHT PINK CHERRY LIGHTS,1420,8311.0,3.806970509383378,26.648793565683647,11.420911528150134,38.06970509383378,160,0.0,Sufficient
79323P,PINK CHERRY LIGHTS,2230,13171.1,5.978552278820375,41.84986595174263,17.935656836461128,59.78552278820376,393,0.0,Sufficient
79323S, SILVER CHERRY LIGHTS,323,1933.25,0.8659517426273459,6.061662198391421,2.5978552278820377,8.659517426273458,135,0.0,Sufficient
79323W, WHITE CHERRY LIGHTS,2948,17384.8,7.903485254691689,55.32439678284182,23.710455764075068,79.0348525469169,310,0.0,Sufficient
79328,BLUE FLOCK GLASS CANDLEHOLDER,586,235.38,1.5710455764075066,10.997319034852548,4.71313672922252,15.710455764075068,317,0.0,Sufficient
79329,PINK FLOCK GLASS CANDLEHOLDER,88,53.760000000000005,0.2359249329758713,1.6514745308310992,0.707774798927614,2.359249329758713,345,0.0,Sufficient
79331,PINK FLOCK GLASS CANDLEHOLDER,34,56.1,0.0911528150134048,0.6380697050938338,0.2734584450402145,0.9115281501340482,443,0.0,Sufficient
79336,LIGHT PINK FLOCK GLASS CANDLEHOLDER,796,329.15,2.1340482573726542,14.93833780160858,6.402144772117962,21.34048257372654,243,0.0,Sufficient
79337,BLUE FLOCK GLASS CANDLEHOLDER,553,241.89,1.482573726541555,10.378016085790886,4.447721179624665,14.825737265415553,389,0.0,Sufficient
79338,DARK PINK FLOCK GLASS CANDLEHOLDER,547,231.99,1.4664879356568363,10.265415549597856,4.39946380697051,14.664879356568369,384,0.0,Sufficient
79341,WILLOW BRANCH LIGHTS.,703,4121.25,1.8847184986595171,13.193029490616622,5.654155495978552,18.84718498659517,17,1.847184986595174,Reorder
79342B,BROWN FLOWER LIGHTS,109,688.95,0.292225201072386,2.045576407506702,0.8766756032171581,2.9222520107238603,350,0.0,Sufficient
79403,FROSTED WHITE BASE ,108,91.8,0.289544235924933,2.026809651474531,0.8686327077747991,2.89544235924933,138,0.0,Sufficient
79406,FROSTED WHITE BASE ,105,23.1,0.2815013404825737,1.9705093833780165,0.8445040214477213,2.815013404825738,273,0.0,Sufficient
79413,GLASS WINE GLASS DECORATIONS,30,37.5,0.0804289544235924,0.5630026809651474,0.2412868632707774,0.8042895442359248,166,0.0,Sufficient
79532,MOSAIC GLASS BALL CANDLEHOLDER,97,121.25,0.260053619302949,1.8203753351206435,0.7801608579088473,2.600536193029491,361,0.0,Sufficient
79534,MULTICOLOUR GLASS PLATE,116,63.8,0.3109919571045576,2.176943699731903,0.9329758713136728,3.109919571045576,367,0.0,Sufficient
81950B,FLOWER BLUE CLOCK W/SUCKER,80,68.0,0.2144772117962466,1.5013404825737269,0.6434316353887399,2.1447721179624666,14,0.0,Sufficient
81950V,FLOWER PURPLE CLOCK W/SUCKER,12,10.2,0.032171581769437,0.225201072386059,0.096514745308311,0.3217158176943699,95,0.0,Sufficient
81952B,ROUND BLUE CLOCK W/SUCKER,48,36.6,0.128686327077748,0.900804289544236,0.386058981233244,1.28686327077748,184,0.0,Sufficient
81952V,ROUND PURPLE CLOCK W/SUCKER,86,68.9,0.2305630026809651,1.613941018766756,0.6916890080428955,2.3056300268096512,299,0.0,Sufficient
81953B,ROUND ARTICULATED BLUE CLOCK W/SUCK,3,2.55,0.0080428954423592,0.0563002680965147,0.0241286863270777,0.0804289544235924,202,0.0,Sufficient
81953P,ROUND ARTICULATED PINK CLOCK W/SUCK,5,4.25,0.0134048257372654,0.0938337801608579,0.0402144772117962,0.1340482573726541,320,0.0,Sufficient
81985A,"ICON ALARM CLOCK,FUSCHIA  PIN UP",23,58.65,0.0616621983914209,0.4316353887399464,0.1849865951742627,0.6166219839142091,128,0.0,Sufficient
82001S,VINYL RECORD FRAME SILVER,1341,4648.59,3.5951742627345844,25.16621983914209,10.785522788203751,35.951742627345844,227,0.0,Sufficient
82011A,"BATHROOM SCALES, TROPICAL BEACH",19,71.25,0.0509383378016085,0.35656836461126,0.1528150134048257,0.5093833780160858,436,0.0,Sufficient
82011B,BATHROOM SCALES RUBBER DUCKS,44,152.2,0.1179624664879356,0.8257372654155496,0.353887399463807,1.1796246648793565,467,0.0,Sufficient
82011C,BATHROOM SCALES FOOTPRINTS IN SAND,46,159.7,0.1233243967828418,0.8632707774798928,0.3699731903485255,1.2332439678284182,423,0.0,Sufficient
82011E,"BATHROOM SCALES, FAG BREAK",2,7.5,0.0053619302949061,0.0375335120643431,0.0160857908847185,0.0536193029490616,123,0.0,Sufficient
82069,BEECH WOOD P/FRAME,5,36.25,0.0134048257372654,0.0938337801608579,0.0402144772117962,0.1340482573726541,475,0.0,Sufficient
82072,WHITE WOOD SINGLE P/FRAME,5,6.25,0.0134048257372654,0.0938337801608579,0.0402144772117962,0.1340482573726541,154,0.0,Sufficient
82076,BEECH WOOD PHOTO FRAME ,271,338.75,0.7265415549597856,5.085790884718499,2.1796246648793565,7.265415549597855,35,0.0,Sufficient
82081,PINK HEARTS PHOTO ALBUM,159,336.25,0.4262734584450402,2.983914209115281,1.2788203753351206,4.262734584450402,145,0.0,Sufficient
82093,HEART SHAPE BUTTON FRAME ,100,150.0,0.2680965147453083,1.8766756032171583,0.804289544235925,2.680965147453083,312,0.0,Sufficient
82095,HEART BUTTONS JEWELLERY BOX,32,244.8,0.0857908847184986,0.6005361930294906,0.257372654155496,0.8579088471849865,241,0.0,Sufficient
82482,WOODEN PICTURE FRAME WHITE FINISH,7606,17583.600000000002,20.39142091152815,142.73994638069706,61.17426273458445,203.91420911528152,378,0.0,Sufficient
82483,WOOD 2 DRAWER CABINET WHITE FINISH,2643,14376.85,7.085790884718499,49.60053619302949,21.257372654155496,70.85790884718499,85,0.0,Sufficient
82484,WOOD BLACK BOARD ANT WHITE FINISH,4972,26035.08,13.32975871313673,93.30831099195711,39.989276139410194,133.29758713136732,484,0.0,Sufficient
82486,WOOD S/3 CABINET ANT WHITE FINISH,2670,19908.5,7.158176943699732,50.107238605898125,21.474530831099194,71.58176943699732,337,0.0,Sufficient
82494L,WOODEN FRAME ANTIQUE WHITE ,8395,23157.250000000004,22.506702412868638,157.54691689008044,67.5201072386059,225.06702412868637,354,0.0,Sufficient
82545A,COGNAC AUX OEUFS METAL 1 HOOK,31,38.75,0.0831099195710455,0.581769436997319,0.2493297587131367,0.8310991957104557,311,0.0,Sufficient
82551,LAUNDRY 15C METAL SIGN,2596,3225.52,6.959785522788204,48.71849865951743,20.879356568364614,69.59785522788204,461,0.0,Sufficient
82552,WASHROOM METAL SIGN,3908,4739.4400000000005,10.47721179624665,73.34048257372655,31.43163538873995,104.7721179624665,298,0.0,Sufficient
82553,POP'S GREASY SPOON METAL SIGN,86,141.9,0.2305630026809651,1.613941018766756,0.6916890080428955,2.3056300268096512,10,0.0,Sufficient
82567,"AIRLINE LOUNGE,METAL SIGN",413,867.3000000000001,1.1072386058981234,7.750670241286864,3.32171581769437,11.072386058981234,156,0.0,Sufficient
82578,KITCHEN METAL SIGN,3472,1811.14,9.308310991957104,65.15817694369974,27.924932975871315,93.08310991957106,296,0.0,Sufficient
82580,BATHROOM METAL SIGN,7195,3724.11,19.28954423592493,135.02680965147454,57.86863270777479,192.89544235924933,473,0.0,Sufficient
82581,TOILET METAL SIGN,4435,2373.29,11.890080428954423,83.23056300268097,35.67024128686327,118.90080428954424,151,0.0,Sufficient
82582,AREA PATROLLED METAL SIGN,3190,6292.280000000001,8.552278820375335,59.86595174262735,25.656836461126005,85.52278820375335,62,23.52278820375335,Reorder
82583,HOT BATHS METAL SIGN,5529,10486.68,14.823056300268096,103.76139410187668,44.46916890080429,148.23056300268098,313,0.0,Sufficient
82585,SWEET VALENCIA CANDLE+CUP,131,154.63,0.3512064343163539,2.4584450402144773,1.0536193029490617,3.512064343163539,78,0.0,Sufficient
82587,TEXRIO TOMATOES CANDLE+CUP,118,142.94,0.3163538873994638,2.214477211796247,0.9490616621983914,3.1635388739946384,370,0.0,Sufficient
82597,BOMBS AWAY METAL SIGN,1153,2332.74,3.091152815013405,21.638069705093837,9.273458445040214,30.91152815013405,99,0.0,Sufficient
82599,FANNY'S REST STOPMETAL SIGN,1917,3870.72,5.13941018766756,35.975871313672926,15.41823056300268,51.394101876675606,455,0.0,Sufficient
82600,NO SINGING METAL SIGN,6756,12894.96,18.11260053619303,126.7882037533512,54.337801608579085,181.12600536193028,229,0.0,Sufficient
82605,OLD DOC.RUSSEL METAL SIGN,204,428.4,0.546916890080429,3.828418230563003,1.640750670241287,5.46916890080429,459,0.0,Sufficient
82607A,GLASS BONBON JAR PARFUME AUX FLEURE,568,684.73,1.522788203753351,10.659517426273458,4.568364611260053,15.227882037533512,201,0.0,Sufficient
82607C,GLASS BONBON JAR. SUPERFINES,90,112.5,0.2412868632707774,1.6890080428954424,0.7238605898123325,2.412868632707774,463,0.0,Sufficient
82607E,GLASS BONBON JAR. D'AMANDES,101,126.25,0.2707774798927614,1.89544235924933,0.8123324396782843,2.7077747989276144,72,0.0,Sufficient
82613A,"METAL SIGN,CUPCAKE SINGLE HOOK",382,477.5,1.0241286863270778,7.168900804289544,3.072386058981233,10.241286863270776,82,0.0,Sufficient
82613B,"METAL SIGN,CUPCAKE SINGLE HOOK",239,298.75,0.6407506702412868,4.485254691689008,1.9222520107238603,6.407506702412868,170,0.0,Sufficient
82613C,"METAL SIGN,CUPCAKE SINGLE HOOK",166,207.5,0.4450402144772118,3.115281501340483,1.3351206434316354,4.450402144772118,178,0.0,Sufficient
82613D,METAL SIGN CUPCAKE SINGLE HOOK,383,478.75,1.0268096514745308,7.187667560321716,3.0804289544235925,10.268096514745308,98,0.0,Sufficient
82615,PINK MARSHMALLOW SCARF KNITTING KIT,567,1526.25,1.520107238605898,10.640750670241284,4.560321715817694,15.201072386058978,185,0.0,Sufficient
82616A,BUBBLE GUM SCARF KNITTING KIT,306,576.3000000000001,0.8203753351206434,5.742627345844504,2.46112600536193,8.203753351206434,278,0.0,Sufficient
82616B,FRAPPUCINO SCARF KNITTING KIT,229,389.9500000000001,0.613941018766756,4.297587131367292,1.841823056300268,6.13941018766756,82,0.0,Sufficient
82616C,MIDNIGHT GLAMOUR SCARF KNITTING KIT,264,411.6,0.707774798927614,4.954423592493297,2.123324396782842,7.077747989276139,254,0.0,Sufficient
84006,MAGIC TREE -PAPER FLOWERS,912,775.1999999999999,2.445040214477212,17.115281501340483,7.335120643431635,24.45040214477212,86,0.0,Sufficient
84007,MAGIC GARDEN MOUNT FUJI,152,387.6,0.4075067024128686,2.852546916890081,1.2225201072386058,4.075067024128686,168,0.0,Sufficient
84012,MAGIC SHEEP WOOL GROWING FROM PAPER,569,1326.75,1.5254691689008042,10.67828418230563,4.576407506702413,15.254691689008045,498,0.0,Sufficient
84016,FLAG OF ST GEORGE CAR FLAG,953,379.26,2.5549597855227884,17.884718498659517,7.664879356568365,25.54959785522788,468,0.0,Sufficient
84029C,BROWN FURRY HOT WATER BOTTLE,191,665.05,0.5120643431635389,3.584450402144772,1.5361930294906163,5.120643431635388,333,0.0,Sufficient
84029D,LEOPARD PRINT HOT WATER BOTTLE,46,153.3,0.1233243967828418,0.8632707774798928,0.3699731903485255,1.2332439678284182,107,0.0,Sufficient
84029E,RED WOOLLY HOTTIE WHITE HEART.,6550,21692.26,17.560321715817693,122.92225201072384,52.68096514745308,175.60321715817693,390,0.0,Sufficient
84029G,KNITTED UNION FLAG HOT WATER BOTTLE,3572,12616.68,9.576407506702411,67.0348525469169,28.72922252010724,95.76407506702414,111,0.0,Sufficient
84030B,KNITTED POM POM HOT WATER BOTTLE,5,18.75,0.0134048257372654,0.0938337801608579,0.0402144772117962,0.1340482573726541,141,0.0,Sufficient
84030C,KNITTED RAINBOW HOT WATER BOTTLE,20,75.0,0.0536193029490616,0.3753351206434316,0.1608579088471849,0.5361930294906166,111,0.0,Sufficient
84030E,ENGLISH ROSE HOT WATER BOTTLE,707,2876.0,1.8954423592493297,13.268096514745308,5.686327077747989,18.954423592493296,28,0.0,Sufficient
84031A,CHARLIE+LOLA RED HOT WATER BOTTLE ,559,1799.19,1.4986595174262736,10.490616621983914,4.495978552278821,14.986595174262735,463,0.0,Sufficient
84031B,CHARLIE LOLA BLUE HOT WATER BOTTLE ,456,1405.2,1.2225201072386058,8.557640750670242,3.6675603217158175,12.22520107238606,491,0.0,Sufficient
84032A,CHARLIE+LOLA PINK HOT WATER BOTTLE,1876,3765.1,5.029490616621984,35.206434316353885,15.08847184986595,50.29490616621983,91,0.0,Sufficient
84032B,CHARLIE + LOLA RED HOT WATER BOTTLE,2211,4612.35,5.927613941018767,41.493297587131366,17.7828418230563,59.27613941018767,406,0.0,Sufficient
84033,FLAG OF ST GEORGE ,358,590.7,0.9597855227882036,6.718498659517426,2.879356568364611,9.597855227882036,498,0.0,Sufficient
84050,PINK HEART SHAPE EGG FRYING PAN,7057,9768.45,18.919571045576408,132.43699731903484,56.75871313672923,189.19571045576407,288,0.0,Sufficient
84051,ASS COLOUR GLOWING TIARAS,422,333.5,1.1313672922252012,7.919571045576408,3.3941018766756037,11.31367292225201,348,0.0,Sufficient
84077,WORLD WAR 2 GLIDERS ASSTD DESIGNS,54610,11285.54,146.40750670241286,1024.85254691689,439.22252010723855,1464.0750670241289,374,1090.0750670241289,Reorder
84078A,SET/4 WHITE RETRO STORAGE CUBES ,650,23252.500000000004,1.742627345844504,12.198391420911529,5.227882037533512,17.426273458445042,340,0.0,Sufficient
84081,WHITE CERAMIC PARTY SET (5PCS),94,337.58,0.2520107238605898,1.7640750670241288,0.7560321715817695,2.520107238605898,138,0.0,Sufficient
84086B,YELLOW/BLUE RETRO RADIO,8,23.6,0.0214477211796246,0.1501340482573726,0.064343163538874,0.2144772117962466,353,0.0,Sufficient
84086C,PINK/PURPLE RETRO RADIO,54,159.3,0.1447721179624665,1.0134048257372654,0.4343163538873995,1.447721179624665,319,0.0,Sufficient
84192,ASSORTED COLOUR METAL CAT ,127,147.35,0.3404825737265415,2.383378016085791,1.021447721179625,3.404825737265416,464,0.0,Sufficient
84199,GLOW IN DARK DOLPHINS,383,77.91,1.0268096514745308,7.187667560321716,3.0804289544235925,10.268096514745308,98,0.0,Sufficient
84201B,HAPPY BIRTHDAY CARD STRIPEY TEDDY,15,2.85,0.0402144772117962,0.2815013404825737,0.1206434316353887,0.4021447721179624,222,0.0,Sufficient
84201C,HAPPY BIRTHDAY CARD TEDDY/CAKE,5,0.95,0.0134048257372654,0.0938337801608579,0.0402144772117962,0.1340482573726541,152,0.0,Sufficient
84205C,HAPPY BIRTHDAY GINGER CAT CARD,2,0.38,0.0053619302949061,0.0375335120643431,0.0160857908847185,0.0536193029490616,74,0.0,Sufficient
84206A,3 BLACK CATS W HEARTS BLANK CARD,55,10.45,0.1474530831099195,1.032171581769437,0.4423592493297587,1.4745308310991958,85,0.0,Sufficient
84206B,CAT W SUNGLASSES BLANK CARD,4,0.76,0.0107238605898123,0.0750670241286863,0.032171581769437,0.1072386058981233,208,0.0,Sufficient
84206C,CHAMPAGNE TRAY BLANK CARD,2,0.38,0.0053619302949061,0.0375335120643431,0.0160857908847185,0.0536193029490616,152,0.0,Sufficient
84212,"ASSORTED FLOWER COLOUR ""LEIS""",14369,6888.97,38.52278820375335,269.65951742627345,115.56836461126004,385.2278820375335,414,0.0,Sufficient
84218,BOX/12 CHICK & EGG IN BASKET,132,257.4,0.353887399463807,2.4772117962466487,1.061662198391421,3.5388739946380694,412,0.0,Sufficient
84219,BOX/12 MOTHER & CHICK IN BASKET/BOW,96,220.8,0.257372654155496,1.801608579088472,0.772117962466488,2.57372654155496,325,0.0,Sufficient
84226,HEN HOUSE W FAMILY IN BARN & NEST,26,22.1,0.0697050938337801,0.4879356568364612,0.2091152815013405,0.6970509383378016,102,0.0,Sufficient
84227,HEN HOUSE W CHICK IN NEST,111,46.620000000000005,0.2975871313672922,2.0831099195710454,0.8927613941018766,2.975871313672922,482,0.0,Sufficient
84228,HEN HOUSE W CHICK STANDING,38,15.96,0.1018766756032171,0.7131367292225201,0.3056300268096514,1.0187667560321716,426,0.0,Sufficient
84231,EASTER BUNNY WITH BASKET ON BACK,99,64.35000000000001,0.2654155495978552,1.8579088471849867,0.7962466487935658,2.6541554959785527,314,0.0,Sufficient
84247C,PACK/12 BLUE REINDEER CARD,72,212.40000000000003,0.1930294906166219,1.351206434316354,0.5790884718498659,1.93029490616622,233,0.0,Sufficient
84247E,PACK/12 XMAS FUN CARD,225,644.5500000000001,0.6032171581769437,4.222520107238606,1.809651474530831,6.032171581769437,300,0.0,Sufficient
84247G,"DECOUPAGE,GREETING CARD,",1068,443.52,2.863270777479893,20.04289544235925,8.589812332439678,28.632707774798927,437,0.0,Sufficient
84247H,PACK/12 DECOUPAGE CARD,35,103.25,0.0938337801608579,0.6568364611260054,0.2815013404825737,0.938337801608579,111,0.0,Sufficient
84247J,PACK/12 RUSSIAN DOLL CARDS,2,5.9,0.0053619302949061,0.0375335120643431,0.0160857908847185,0.0536193029490616,483,0.0,Sufficient
84247K,"FOLK ART GREETING CARD,pack/12",49,144.55,0.131367292225201,0.9195710455764076,0.3941018766756032,1.3136729222520107,276,0.0,Sufficient
84247L,FAWN AND MUSHROOM GREETING CARD,992,416.64,2.6595174262734584,18.616621983914207,7.978552278820375,26.59517426273458,364,0.0,Sufficient
84247N,PACK/12 BLUE FOLKART CARDS,76,224.2,0.2037533512064343,1.4262734584450405,0.6112600536193029,2.037533512064343,465,0.0,Sufficient
84249A,"GREETING CARD,SQUARE, DOUGHNUTS",78,32.76,0.2091152815013404,1.4638069705093837,0.6273458445040214,2.091152815013405,119,0.0,Sufficient
84249D,FAIRY CAKE GREETINGS CARD,809,335.46,2.168900804289544,15.182305630026809,6.506702412868632,21.68900804289544,471,0.0,Sufficient
84250M,"GREETING CARD, BLACKPOOL ROCK",12,2.28,0.032171581769437,0.225201072386059,0.096514745308311,0.3217158176943699,339,0.0,Sufficient
84251B,"GREETING CARD, STICKY GORDON",74,14.06,0.1983914209115281,1.388739946380697,0.5951742627345844,1.9839142091152813,459,0.0,Sufficient
84251C,"GREETING CARD, TWO SISTERS.",108,20.52,0.289544235924933,2.026809651474531,0.8686327077747991,2.89544235924933,439,0.0,Sufficient
84251F,"GREETING CARD, RITA",312,59.28,0.8364611260053619,5.855227882037534,2.5093833780160857,8.36461126005362,274,0.0,Sufficient
84251G,"GREETING CARD, OVERCROWDED POOL.",180,34.2,0.4825737265415549,3.3780160857908847,1.447721179624665,4.825737265415549,12,0.0,Sufficient
84251J,"GREETING CARD, THE BLACK CAT",60,25.2,0.1608579088471849,1.1260053619302948,0.4825737265415549,1.6085790884718496,94,0.0,Sufficient
84255A,PINK GLASS COCKTAIL LAMP,2,4.2,0.0053619302949061,0.0375335120643431,0.0160857908847185,0.0536193029490616,291,0.0,Sufficient
84255B,ORANGE COCKTAIL GLASS LAMP,60,126.0,0.1608579088471849,1.1260053619302948,0.4825737265415549,1.6085790884718496,337,0.0,Sufficient
84270,ASSTD DESIGN BUBBLE GUM RING,22410,4622.099999999999,60.0804289544236,420.5630026809652,180.2412868632708,600.8042895442359,313,287.80428954423587,Reorder
84279B,CHERRY BLOSSOM DECORATIVE FLASK,598,2153.2200000000003,1.6032171581769437,11.222520107238603,4.809651474530831,16.032171581769436,459,0.0,Sufficient
84279P, CHERRY BLOSSOM  DECORATIVE FLASK,725,2603.55,1.9436997319034848,13.605898123324396,5.831099195710456,19.43699731903485,463,0.0,Sufficient
84288B,SET/2 BLUE  NOODLE BASKETS,57,111.15,0.1528150134048257,1.0697050938337802,0.4584450402144772,1.5281501340482575,421,0.0,Sufficient
84292,ROSE PINK METAL FOLDING CHAIR,42,333.90000000000003,0.1126005361930295,0.7882037533512065,0.3378016085790885,1.126005361930295,126,0.0,Sufficient
84292B,BLUE COL METAL FOLDING CHAIR,7,43.85,0.0187667560321715,0.131367292225201,0.0563002680965147,0.1876675603217157,230,0.0,Sufficient
84306,S/3 PINK SQUARE PLANTERS ROSES,33,361.35,0.0884718498659517,0.6193029490616622,0.2654155495978552,0.8847184986595173,163,0.0,Sufficient
84311,CAMOFLAGE CUSHION COVER,11,18.15,0.0294906166219839,0.2064343163538874,0.0884718498659517,0.2949061662198391,162,0.0,Sufficient
84313A,PINK TV TRAY TABLE ,34,144.5,0.0911528150134048,0.6380697050938338,0.2734584450402145,0.9115281501340482,21,0.0,Sufficient
84313B,BLUE TV TRAY TABLE ,82,337.94,0.2198391420911528,1.5388739946380698,0.6595174262734584,2.1983914209115283,142,0.0,Sufficient
84313C,ORANGE TV TRAY TABLE ,36,153.0,0.0965147453083109,0.675603217158177,0.2895442359249329,0.96514745308311,491,0.0,Sufficient
84327A,PINK JUMPER LARRY THE LAMB,949,1788.72,2.544235924932976,17.80965147453083,7.632707774798928,25.44235924932976,313,0.0,Sufficient
84340,LARGE FIBRE OPTIC CHRISTMAS TREE,15,19.08,0.0402144772117962,0.2815013404825737,0.1206434316353887,0.4021447721179624,302,0.0,Sufficient
84341B,SMALL PINK MAGIC CHRISTMAS TREE,1097,594.05,2.941018766756032,20.587131367292223,8.823056300268096,29.41018766756032,472,0.0,Sufficient
84347,ROTATING SILVER ANGELS T-LIGHT HLDR,21579,40156.05,57.85254691689008,404.9678284182305,173.55764075067023,578.5254691689007,309,269.5254691689007,Reorder
84352,SILVER CHRISTMAS TREE BAUBLE STAND ,174,2833.3,0.4664879356568364,3.265415549597855,1.3994638069705094,4.664879356568365,237,0.0,Sufficient
84356,POMPOM CURTAIN,324,1591.8000000000002,0.868632707774799,6.080428954423593,2.6058981233243967,8.68632707774799,280,0.0,Sufficient
84358,FLOOR LAMP SHADE WOOD BASE,82,631.84,0.2198391420911528,1.5388739946380698,0.6595174262734584,2.1983914209115283,52,0.0,Sufficient
84360,TABLE LAMP WHITE SHADE WOOD BASE,137,682.55,0.3672922252010724,2.571045576407507,1.1018766756032172,3.672922252010724,441,0.0,Sufficient
84366,VENDETTA CANVAS PICTURE,2,7.5,0.0053619302949061,0.0375335120643431,0.0160857908847185,0.0536193029490616,352,0.0,Sufficient
84367,LA STREGA CANVAS PICTURE ,73,122.55,0.195710455764075,1.3699731903485255,0.5871313672922251,1.9571045576407504,335,0.0,Sufficient
84371,BIG PINK POODLE,28,213.7,0.0750670241286863,0.5254691689008042,0.2252010723860589,0.7506702412868631,311,0.0,Sufficient
84375,SET OF 20 KIDS COOKIE CUTTERS,3426,6491.7,9.184986595174262,64.29490616621983,27.554959785522787,91.8498659517426,373,0.0,Sufficient
84378,SET OF 3 HEART COOKIE CUTTERS,5111,6274.75,13.702412868632708,95.91689008042896,41.107238605898125,137.0241286863271,388,0.0,Sufficient
84380,SET OF 3 BUTTERFLY COOKIE CUTTERS,4379,5200.15,11.73994638069705,82.17962466487936,35.21983914209115,117.39946380697052,436,0.0,Sufficient
84388,WISE MAN STAR SHAPE EGG PAN,47,77.55,0.1260053619302949,0.8820375335120644,0.3780160857908847,1.260053619302949,30,0.0,Sufficient
84396,6 HOOK JEWELLERY STAND BLACK DRESS,516,1071.6,1.383378016085791,9.683646112600536,4.150134048257373,13.83378016085791,416,0.0,Sufficient
84402B,PURPLE DRESS JEWELLERY STAND,1,2.95,0.002680965147453,0.0187667560321715,0.0080428954423592,0.0268096514745308,116,0.0,Sufficient
84402D,PINK DRESS JEWELLERY STAND ,371,346.85,0.9946380697050938,6.962466487935657,2.983914209115281,9.94638069705094,345,0.0,Sufficient
84405A,S/3 PINK COL METAL BASKET W HANDLE,122,900.3000000000001,0.3270777479892761,2.289544235924933,0.9812332439678284,3.270777479892762,312,0.0,Sufficient
84406B,CREAM CUPID HEARTS COAT HANGER,5016,14864.52,13.447721179624663,94.13404825737264,40.343163538874,134.47721179624665,126,8.47721179624665,Reorder
84414B,FUSCHIA/GREEN STRIPE WOOLLY BLANKET,77,497.15,0.2064343163538874,1.445040214477212,0.6193029490616622,2.064343163538874,133,0.0,Sufficient
84415A,PINK FLOCK SUEDE CUSHION COVER ,2,7.5,0.0053619302949061,0.0375335120643431,0.0160857908847185,0.0536193029490616,408,0.0,Sufficient
84415B,BLUE FLOCK CUSHION COVER ,4,15.0,0.0107238605898123,0.0750670241286863,0.032171581769437,0.1072386058981233,290,0.0,Sufficient
84422,PINK/BLUE DISC/MIRROR STRING,198,153.9,0.5308310991957105,3.715817694369973,1.5924932975871315,5.308310991957105,301,0.0,Sufficient
84424A,FOUR PICTURE WHITE GLASS FRAME,23,86.25,0.0616621983914209,0.4316353887399464,0.1849865951742627,0.6166219839142091,212,0.0,Sufficient
84425A,WHITE GLASS TV TRIPLE FRAME,16,68.0,0.0428954423592493,0.3002680965147453,0.128686327077748,0.4289544235924932,60,0.0,Sufficient
84427B,BLACK GLASS TV DOUBLE P/FRAME 15X10,17,72.25,0.0455764075067024,0.3190348525469169,0.1367292225201072,0.4557640750670241,280,0.0,Sufficient
84429A,MEDIUM PINK BUDDHA HEAD ,46,135.70000000000002,0.1233243967828418,0.8632707774798928,0.3699731903485255,1.2332439678284182,333,0.0,Sufficient
84437A,S/6 PINK EASTER DECS IN BOX,105,89.25,0.2815013404825737,1.9705093833780165,0.8445040214477213,2.815013404825738,286,0.0,Sufficient
84447,6 RABBIT CHAIN EASTER,52,44.2,0.1394101876675603,0.9758713136729223,0.418230563002681,1.3941018766756033,150,0.0,Sufficient
84450A,PINK RABBIT SITTING EASTER,46,19.32,0.1233243967828418,0.8632707774798928,0.3699731903485255,1.2332439678284182,479,0.0,Sufficient
84450B,YELLOW RABBIT SAT EASTER,70,29.4,0.1876675603217158,1.3136729222520107,0.5630026809651474,1.876675603217158,284,0.0,Sufficient
84452,METAL RABBIT LADDER EASTER ,102,86.69999999999999,0.2734584450402145,1.9142091152815013,0.8203753351206435,2.734584450402145,299,0.0,Sufficient
84454,WOBBLING METAL CHICKEN EASTER,85,72.25,0.227882037533512,1.5951742627345846,0.6836461126005362,2.278820375335121,343,0.0,Sufficient
84455,SET OF 3 RABBIT CARROTS EASTER,78,66.3,0.2091152815013404,1.4638069705093837,0.6273458445040214,2.091152815013405,390,0.0,Sufficient
84456,SET OF 3 RABBIT EGG EASTER,33,28.05,0.0884718498659517,0.6193029490616622,0.2654155495978552,0.8847184986595173,461,0.0,Sufficient
84457,SET/3 RABBITS FLOWER SKIPPPING ROPE,133,113.05,0.35656836461126,2.4959785522788205,1.0697050938337802,3.5656836461126007,382,0.0,Sufficient
84458,S/3 RABBIT FLOWER/EGG/CARROT ROPE,123,104.55,0.3297587131367292,2.3083109919571045,0.9892761394101875,3.297587131367292,61,0.0,Sufficient
84459A,PINK METAL CHICKEN HEART ,456,676.56,1.2225201072386058,8.557640750670242,3.6675603217158175,12.22520107238606,36,0.0,Sufficient
84459B,YELLOW METAL CHICKEN HEART ,665,964.93,1.7828418230563003,12.479892761394105,5.3485254691689015,17.828418230563003,166,0.0,Sufficient
84461,12 PINK HEN+CHICKS IN BASKET,49,124.95,0.131367292225201,0.9195710455764076,0.3941018766756032,1.3136729222520107,248,0.0,Sufficient
84462,3 PINK HEN+CHICKS IN BASKET,87,97.35,0.2332439678284182,1.6327077747989276,0.6997319034852547,2.3324396782841825,165,0.0,Sufficient
84464,S/60 PINK FLUFFY CHICKS IN BOX,82,179.1,0.2198391420911528,1.5388739946380698,0.6595174262734584,2.1983914209115283,300,0.0,Sufficient
84465,15 PINK FLUFFY CHICKS IN BOX,19,56.05,0.0509383378016085,0.35656836461126,0.1528150134048257,0.5093833780160858,145,0.0,Sufficient
84466,TOP SECRET PEN SET,1164,1174.1999999999998,3.1206434316353886,21.84450402144772,9.361930294906166,31.206434316353885,153,0.0,Sufficient
84467,ENGLISH ROSE DESIGN QUILTED THROW,306,4391.1,0.8203753351206434,5.742627345844504,2.46112600536193,8.203753351206434,115,0.0,Sufficient
84469,ROSE DES PADDED FLOOR CUSHION,653,2090.68,1.750670241286863,12.254691689008045,5.2520107238605895,17.506702412868634,429,0.0,Sufficient
84472,PINK AND LILAC QUILTED THROW ,33,1450.4,0.0884718498659517,0.6193029490616622,0.2654155495978552,0.8847184986595173,167,0.0,Sufficient
84482,BUTTONS DESIGN JEWELLERY BOX,71,266.25,0.1903485254691689,1.3324396782841823,0.5710455764075066,1.903485254691689,155,0.0,Sufficient
84493,BLUE/PINK NEST STRIPE BOX,1142,111.12,3.0616621983914207,21.431635388739945,9.184986595174262,30.616621983914207,11,19.616621983914207,Reorder
84497,BUTTONS AND STRIPES NOTEBOOK ,80,300.0,0.2144772117962466,1.5013404825737269,0.6434316353887399,2.1447721179624666,442,0.0,Sufficient
84499,BLACK FLOWER CANDLE PLATE,287,213.71,0.7694369973190348,5.386058981233243,2.3083109919571045,7.694369973190348,86,0.0,Sufficient
84507B,STRIPES DESIGN MONKEY DOLL,1288,1543.8,3.453083109919571,24.171581769437,10.359249329758711,34.53083109919571,141,0.0,Sufficient
84507C,BLUE CIRCLES DESIGN MONKEY DOLL,364,438.6,0.9758713136729222,6.831099195710456,2.927613941018767,9.758713136729224,99,0.0,Sufficient
84508A,CAMOFLAGE DESIGN TEDDY,2177,4633.35,5.836461126005362,40.85522788203753,17.509383378016086,58.36461126005362,354,0.0,Sufficient
84508B,STRIPES DESIGN TEDDY,110,280.5,0.2949061662198391,2.064343163538874,0.8847184986595173,2.949061662198392,359,0.0,Sufficient
84508C,BLUE CIRCLES DESIGN TEDDY,49,124.95,0.131367292225201,0.9195710455764076,0.3941018766756032,1.3136729222520107,468,0.0,Sufficient
84509A,ENGLISH ROSE PLACEMATS,573,2052.75,1.5361930294906163,10.753351206434315,4.608579088471849,15.361930294906164,272,0.0,Sufficient
84509B,FAIRY CAKE PLACEMATS,410,1451.1,1.099195710455764,7.694369973190349,3.297587131367292,10.991957104557642,360,0.0,Sufficient
84509C,DOTTY PLACEMATS ,125,430.35,0.3351206434316354,2.345844504021448,1.0053619302949062,3.351206434316354,117,0.0,Sufficient
84509E,CAROUSEL PLACEMATS ,63,86.25,0.1689008042895442,1.1823056300268098,0.5067024128686327,1.6890080428954426,83,0.0,Sufficient
84509F,NEW ENGLAND PLACEMATS,2776,2418.0,7.442359249329758,52.09651474530831,22.327077747989275,74.42359249329759,48,26.42359249329759,Reorder
84509G,FAIRY CAKE PLACEMATS ,274,995.5,0.7345844504021448,5.142091152815014,2.2037533512064345,7.345844504021448,406,0.0,Sufficient
84510A,SET OF 4 ENGLISH ROSE COASTERS,1130,1408.7,3.029490616621984,21.206434316353885,9.08847184986595,30.294906166219835,168,0.0,Sufficient
84510B,SET OF 4 FAIRY CAKES COASTERS ,1094,1285.8,2.932975871313673,20.530831099195712,8.79892761394102,29.329758713136734,80,0.0,Sufficient
84510C,SET OF 4 POLKADOTS COASTERS,128,156.2,0.3431635388739946,2.4021447721179623,1.029490616621984,3.431635388739946,456,0.0,Sufficient
84510E,SET OF 4 GREEN CAROUSEL COASTERS,103,41.75,0.2761394101876676,1.932975871313673,0.8284182305630028,2.761394101876676,321,0.0,Sufficient
84510F,SET OF 4 NEW ENGLAND COASTERS ,1092,415.0,2.927613941018767,20.49329758713137,8.782841823056302,29.27613941018767,250,0.0,Sufficient
84519A,TOMATO CHARLIE+LOLA COASTER SET,668,1767.4,1.7908847184986596,12.536193029490615,5.372654155495979,17.908847184986595,435,0.0,Sufficient
84519B,CARROT CHARLIE+LOLA COASTER SET,374,988.7,1.002680965147453,7.018766756032171,3.008042895442359,10.02680965147453,454,0.0,Sufficient
84520B,PACK 20 ENGLISH ROSE PAPER NAPKINS,6174,4756.5,16.552278820375335,115.86595174262736,49.656836461126005,165.52278820375335,307,0.0,Sufficient
84520D,PACK OF 20 FAIRY CAKE PAPER NAPKINS,619,505.99,1.6595174262734584,11.616621983914207,4.978552278820375,16.595174262734584,449,0.0,Sufficient
84522,PINK PARTY SUNGLASSES,167,277.05,0.4477211796246649,3.1340482573726542,1.3431635388739946,4.477211796246649,45,0.0,Sufficient
84526,GIANT BLACK SUNGLASSES,84,163.79999999999998,0.225201072386059,1.576407506702413,0.675603217158177,2.25201072386059,93,0.0,Sufficient
84527,FLAMES SUNGLASSES PINK LENSES,24,46.8,0.064343163538874,0.450402144772118,0.193029490616622,0.6434316353887399,461,0.0,Sufficient
84529A,PINK KNITTED KIDS RUCKSACK,24,162.0,0.064343163538874,0.450402144772118,0.193029490616622,0.6434316353887399,383,0.0,Sufficient
84529B,BLUE KNITTED KID'S RUCKSACK,3,20.25,0.0080428954423592,0.0563002680965147,0.0241286863270777,0.0804289544235924,272,0.0,Sufficient
84529C,YELLOW KNITTED KIDS RUCKSACK,33,222.75,0.0884718498659517,0.6193029490616622,0.2654155495978552,0.8847184986595173,319,0.0,Sufficient
84531A,PINK KNITTED EGG COSY,47,91.65,0.1260053619302949,0.8820375335120644,0.3780160857908847,1.260053619302949,394,0.0,Sufficient
84531B,BLUE KNITTED EGG COSY,42,81.89999999999999,0.1126005361930295,0.7882037533512065,0.3378016085790885,1.126005361930295,181,0.0,Sufficient
84532B,FAIRY CAKES RECTANGLUAR BOXES,38,226.1,0.1018766756032171,0.7131367292225201,0.3056300268096514,1.0187667560321716,385,0.0,Sufficient
84533B,FAIRY CAKES ROUND NESTING BOXES,52,293.8,0.1394101876675603,0.9758713136729223,0.418230563002681,1.3941018766756033,182,0.0,Sufficient
84534B,FAIRY CAKE NOTEBOOK A5 SIZE,720,612.0,1.93029490616622,13.51206434316354,5.79088471849866,19.3029490616622,371,0.0,Sufficient
84535A,ENGLISH ROSE NOTEBOOK A6 SIZE,177,115.05,0.4745308310991957,3.3217158176943697,1.423592493297587,4.745308310991957,56,0.0,Sufficient
84535B,FAIRY CAKES NOTEBOOK A6 SIZE,1315,821.63,3.525469168900804,24.678284182305628,10.576407506702411,35.25469168900804,388,0.0,Sufficient
84536A,ENGLISH ROSE NOTEBOOK A7 SIZE,1841,773.22,4.935656836461126,34.54959785522788,14.806970509383378,49.356568364611256,150,0.0,Sufficient
84536B,FAIRY CAKES NOTEBOOK A7 SIZE,1198,503.16,3.211796246648793,22.482573726541556,9.63538873994638,32.11796246648793,384,0.0,Sufficient
84537B,FAIRY CAKES GIFT BAG,117,49.14,0.3136729222520107,2.195710455764075,0.941018766756032,3.136729222520107,415,0.0,Sufficient
84539,KNITTED RABBIT DOLL ,17,28.05,0.0455764075067024,0.3190348525469169,0.1367292225201072,0.4557640750670241,127,0.0,Sufficient
84546,CROCHET POODLE KEYRING,21,34.65,0.0563002680965147,0.3941018766756032,0.1689008042895442,0.5630026809651475,286,0.0,Sufficient
84548,CROCHET BEAR RED/BLUE  KEYRING,26,42.9,0.0697050938337801,0.4879356568364612,0.2091152815013405,0.6970509383378016,223,0.0,Sufficient
84549,CROCHET WHITE RABBIT KEYRING ,33,54.45,0.0884718498659517,0.6193029490616622,0.2654155495978552,0.8847184986595173,229,0.0,Sufficient
84550,CROCHET LILAC/RED BEAR KEYRING,11,18.15,0.0294906166219839,0.2064343163538874,0.0884718498659517,0.2949061662198391,402,0.0,Sufficient
84551,CROCHET DOG KEYRING,23,37.95,0.0616621983914209,0.4316353887399464,0.1849865951742627,0.6166219839142091,35,0.0,Sufficient
84555A,YELLOW VW BEETLE CERAMIC MONEY BOX,46,130.9,0.1233243967828418,0.8632707774798928,0.3699731903485255,1.2332439678284182,18,0.0,Sufficient
84558A,3D DOG PICTURE PLAYING CARDS,967,2737.4500000000003,2.5924932975871315,18.14745308310992,7.777479892761395,25.924932975871315,280,0.0,Sufficient
84559A,3D SHEET OF DOG STICKERS,918,780.3,2.46112600536193,17.22788203753351,7.383378016085791,24.611260053619304,19,5.611260053619304,Reorder
84559B,3D SHEET OF CAT STICKERS,951,808.3499999999999,2.549597855227882,17.847184986595174,7.648793565683647,25.49597855227882,481,0.0,Sufficient
84559D,3D SHEET OF SEA WORLD STICKERS,145,123.25,0.388739946380697,2.721179624664879,1.166219839142091,3.88739946380697,387,0.0,Sufficient
84562A,PINK/WHITE RIBBED MELAMINE JUG,142,1065.3,0.3806970509383378,2.6648793565683646,1.1420911528150133,3.806970509383378,130,0.0,Sufficient
84562B,BLUE/WHITE RIBBED MELAMINE JUG,7,55.650000000000006,0.0187667560321715,0.131367292225201,0.0563002680965147,0.1876675603217157,134,0.0,Sufficient
84563A,PINK & WHITE BREAKFAST TRAY,36,214.2,0.0965147453083109,0.675603217158177,0.2895442359249329,0.96514745308311,179,0.0,Sufficient
84563B,BLUE & WHITE BREAKFAST TRAY,28,166.6,0.0750670241286863,0.5254691689008042,0.2252010723860589,0.7506702412868631,81,0.0,Sufficient
84564,6 SEGMENT COLOURED SNACK BOWL ,18,143.1,0.0482573726541554,0.3378016085790885,0.1447721179624664,0.4825737265415549,161,0.0,Sufficient
84567,FROSTED GLASS WITH SILVER SURROUND,9,14.85,0.0241286863270777,0.1689008042895442,0.0723860589812332,0.2412868632707774,217,0.0,Sufficient
84568,GIRLS ALPHABET IRON ON PATCHES ,22177,4311.57,59.45576407506702,416.1903485254692,178.36729222520108,594.5576407506703,58,536.5576407506703,Reorder
84569A,PACK 3 IRON ON DOG PATCHES,271,338.75,0.7265415549597856,5.085790884718499,2.1796246648793565,7.265415549597855,163,0.0,Sufficient
84569B,PACK 3 FIRE ENGINE/CAR PATCHES,357,446.25,0.9571045576407506,6.699731903485255,2.871313672922252,9.571045576407506,356,0.0,Sufficient
84569C,PACK 4 FLOWER/BUTTERFLY PATCHES,350,437.5,0.938337801608579,6.568364611260053,2.815013404825737,9.38337801608579,302,0.0,Sufficient
84569D,PACK 6 HEART/ICE-CREAM PATCHES,550,687.5,1.4745308310991958,10.32171581769437,4.423592493297587,14.745308310991955,77,0.0,Sufficient
84570B,WHITE SATIN DRESS JEWEL STAND,4,19.8,0.0107238605898123,0.0750670241286863,0.032171581769437,0.1072386058981233,59,0.0,Sufficient
84572,6 HOOK JEWEL STAND LILAC DRESS,1,8.49,0.002680965147453,0.0187667560321715,0.0080428954423592,0.0268096514745308,161,0.0,Sufficient
84575A,PINK DOG CANNISTER,10,59.5,0.0268096514745308,0.1876675603217158,0.0804289544235924,0.2680965147453083,28,0.0,Sufficient
84575B,BROWN DOG CANNISTER W BONE,4,23.8,0.0107238605898123,0.0750670241286863,0.032171581769437,0.1072386058981233,109,0.0,Sufficient
84576,BLUE CAT BISCUIT BARREL PINK HEART,27,152.85,0.0723860589812332,0.5067024128686327,0.2171581769436997,0.7238605898123325,69,0.0,Sufficient
84578,ELEPHANT TOY WITH BLUE T-SHIRT,160,595.68,0.4289544235924933,3.0026809651474533,1.28686327077748,4.289544235924933,176,0.0,Sufficient
84580,MOUSE TOY WITH PINK T-SHIRT,545,2043.75,1.4611260053619304,10.227882037533512,4.383378016085791,14.611260053619304,211,0.0,Sufficient
84581,DOG TOY WITH PINK CROCHET SKIRT,279,1041.93,0.7479892761394102,5.235924932975872,2.2439678284182305,7.479892761394102,354,0.0,Sufficient
84582,PINK CROCHET CAT WITH SCARF,11,46.75,0.0294906166219839,0.2064343163538874,0.0884718498659517,0.2949061662198391,155,0.0,Sufficient
84584,PINK GINGHAM CAT WITH SCARF,124,316.2,0.3324396782841823,2.327077747989276,0.9973190348525468,3.3243967828418226,412,0.0,Sufficient
84586L,"PINK ROSES/GINGHAM PATCH RABBIT 8""",15,44.25000000000001,0.0402144772117962,0.2815013404825737,0.1206434316353887,0.4021447721179624,173,0.0,Sufficient
84592,CROCHET ROSE PURSE WITH SUEDE BACK,93,274.35,0.2493297587131367,1.7453083109919572,0.7479892761394102,2.493297587131368,467,0.0,Sufficient
84593,CROCHET ROSE DES CLOTHES HANGER,20,59.0,0.0536193029490616,0.3753351206434316,0.1608579088471849,0.5361930294906166,490,0.0,Sufficient
84595B,LARGE TRIFLE DESIGN L BLUE BOWL,229,405.15,0.613941018766756,4.297587131367292,1.841823056300268,6.13941018766756,448,0.0,Sufficient
84595E,LARGE TORTILLA DESIGN RED BOWL,286,543.3,0.7667560321715817,5.367292225201072,2.300268096514745,7.667560321715817,251,0.0,Sufficient
84596B,SMALL DOLLY MIX DESIGN ORANGE BOWL,1069,1290.65,2.8659517426273458,20.06166219839142,8.597855227882038,28.65951742627346,78,0.0,Sufficient
84596E,SMALL LICORICE DES PINK BOWL,493,602.57,1.32171581769437,9.25201072386059,3.9651474530831097,13.217158176943698,184,0.0,Sufficient
84596F,SMALL MARSHMALLOWS PINK BOWL,891,1072.71,2.388739946380697,16.72117962466488,7.166219839142091,23.88739946380697,58,0.0,Sufficient
84596G,SMALL CHOCOLATES PINK BOWL,310,387.5,0.8310991957104558,5.81769436997319,2.493297587131367,8.310991957104557,492,0.0,Sufficient
84596I,WRAP SWEETS LIGHT PINK SMALL BOWL,71,78.11,0.1903485254691689,1.3324396782841823,0.5710455764075066,1.903485254691689,117,0.0,Sufficient
84596J,MIXED NUTS LIGHT GREEN BOWL,208,260.0,0.5576407506702413,3.9034852546916894,1.672922252010724,5.576407506702413,235,0.0,Sufficient
84596K,JELLY BABIES YELLOW SMALL BOWL,358,420.14,0.9597855227882036,6.718498659517426,2.879356568364611,9.597855227882036,170,0.0,Sufficient
84596L,BISCUITS SMALL BOWL LIGHT BLUE,227,283.75,0.6085790884718498,4.260053619302949,1.8257372654155493,6.085790884718498,128,0.0,Sufficient
84597B,RETRO BROWN BALL ASHTRAY ,154,182.9,0.4128686327077748,2.890080428954424,1.2386058981233243,4.128686327077748,158,0.0,Sufficient
84597C,RETRO PINK BALL ASHTRAY ,307,364.55,0.8230563002680965,5.761394101876675,2.4691689008042896,8.230563002680965,474,0.0,Sufficient
84598,BOYS ALPHABET IRON ON PATCHES,16993,3280.53,45.55764075067024,318.90348525469165,136.67292225201072,455.5764075067024,159,296.5764075067024,Reorder
84599,CANDY STRIPE ROSE FLOOR CUSHION,6,47.7,0.0160857908847185,0.1126005361930295,0.0482573726541555,0.1608579088471849,441,0.0,Sufficient
84600,NEW BAROQUE JEWELLERY BOX ,46,349.7,0.1233243967828418,0.8632707774798928,0.3699731903485255,1.2332439678284182,302,0.0,Sufficient
84601A,NEW BAROQUE IVORY CUSHION COVER ,254,607.7,0.6809651474530831,4.766756032171582,2.0428954423592494,6.809651474530831,152,0.0,Sufficient
84608,ORNATE EDWARDIAN CANDLE HOLDER,6,47.7,0.0160857908847185,0.1126005361930295,0.0482573726541555,0.1608579088471849,428,0.0,Sufficient
84609,TALL ROCOCO CANDLE HOLDER,39,331.5,0.1045576407506702,0.7319034852546917,0.3136729222520107,1.0455764075067024,485,0.0,Sufficient
84611B,BLACK NEW BAROQUE FLOCK BOX,7,41.65,0.0187667560321715,0.131367292225201,0.0563002680965147,0.1876675603217157,464,0.0,Sufficient
84612B,SET/4 BLACK  BAROQUE FLOCK COASTER,20,51.0,0.0536193029490616,0.3753351206434316,0.1608579088471849,0.5361930294906166,169,0.0,Sufficient
84613A,PINK NEW BAROQUE FLOCK CANDLESTICK,16,74.4,0.0428954423592493,0.3002680965147453,0.128686327077748,0.4289544235924932,20,0.0,Sufficient
84613C,BLUE NEW BAROQUE FLOCK CANDLESTICK,62,258.06,0.1662198391420911,1.163538873994638,0.4986595174262734,1.6621983914209113,147,0.0,Sufficient
84614A,PINK BAROQUE FLOCK CANDLE HOLDER,13,77.35000000000001,0.03485254691689,0.2439678284182306,0.1045576407506702,0.3485254691689008,466,0.0,Sufficient
84614C,BLUE BAROQUE FLOCK CANDLE HOLDER,3,17.85,0.0080428954423592,0.0563002680965147,0.0241286863270777,0.0804289544235924,87,0.0,Sufficient
84615,PINK ROUND BUTTERFLY MIRROR ,235,667.8299999999999,0.6300268096514745,4.410187667560321,1.8900804289544235,6.300268096514745,86,0.0,Sufficient
84616,SILVER ROCCOCO CHANDELIER,58,968.3,0.1554959785522788,1.0884718498659516,0.4664879356568364,1.554959785522788,450,0.0,Sufficient
84617, NEW BAROQUE BLACK BOXES,8,102.0,0.0214477211796246,0.1501340482573726,0.064343163538874,0.2144772117962466,263,0.0,Sufficient
84619,BLUE GINGHAM ROSE QUILT ,69,1444.15,0.1849865951742627,1.2949061662198391,0.5549597855227882,1.849865951742628,418,0.0,Sufficient
84620,BLUE GINGHAM ROSE CUSHION COVER,109,648.5500000000001,0.292225201072386,2.045576407506702,0.8766756032171581,2.9222520107238603,267,0.0,Sufficient
84621,BLUE GINGHAM ROSE FLOOR CUSHION ,27,214.65,0.0723860589812332,0.5067024128686327,0.2171581769436997,0.7238605898123325,329,0.0,Sufficient
84622,PINK GINGHAM ROSE CUSHION COVER,21,124.95,0.0563002680965147,0.3941018766756032,0.1689008042895442,0.5630026809651475,300,0.0,Sufficient
84623,PINK GINGHAM ROSE FLOOR CUSHION,53,261.35,0.1420911528150134,0.994638069705094,0.4262734584450403,1.420911528150134,272,0.0,Sufficient
84625A,PINK NEW BAROQUECANDLESTICK CANDLE,347,469.25,0.9302949061662198,6.512064343163539,2.7908847184986594,9.3029490616622,94,0.0,Sufficient
84625B,BLCK NEW BAROQUE CANDLESTICK CANDLE,180,279.0,0.4825737265415549,3.3780160857908847,1.447721179624665,4.825737265415549,155,0.0,Sufficient
84625C,BLUE NEW BAROQUE CANDLESTICK CANDLE,336,487.2,0.900804289544236,6.305630026809652,2.702412868632708,9.00804289544236,332,0.0,Sufficient
84625D,WHITE NEWBAROQUE CANDLESTICK CANDLE,639,734.25,1.71313672922252,11.991957104557642,5.13941018766756,17.131367292225203,51,0.0,Sufficient
84626,CANDY STRIPE ROSE QUILT,1,45.95,0.002680965147453,0.0187667560321715,0.0080428954423592,0.0268096514745308,383,0.0,Sufficient
84627,CANDY STRIPE ROSE C/COVER ,50,297.5,0.1340482573726541,0.9383378016085792,0.4021447721179625,1.3404825737265416,134,0.0,Sufficient
84629,WHITE 3 FRAME BIRDS AND TREE ,4,87.8,0.0107238605898123,0.0750670241286863,0.032171581769437,0.1072386058981233,176,0.0,Sufficient
84630,FLOWERS AND BIRDS WALL PLAQUE,2,15.9,0.0053619302949061,0.0375335120643431,0.0160857908847185,0.0536193029490616,434,0.0,Sufficient
84631,FRUIT TREE AND BIRDS WALL PLAQUE,237,588.15,0.6353887399463807,4.447721179624665,1.906166219839142,6.353887399463807,250,0.0,Sufficient
84632,DECORATIVE HANGING SHELVING UNIT,8,439.6,0.0214477211796246,0.1501340482573726,0.064343163538874,0.2144772117962466,468,0.0,Sufficient
84637,KITCHEN FLOWER POTS WALL PLAQUE,458,694.7,1.227882037533512,8.595174262734584,3.683646112600536,12.27882037533512,496,0.0,Sufficient
84638,SMALL KITCHEN FLOWER POTS PLAQUE,337,582.15,0.903485254691689,6.324396782841824,2.7104557640750677,9.034852546916891,289,0.0,Sufficient
84648,NEW BAROQUE WALL MIRROR,1,12.75,0.002680965147453,0.0187667560321715,0.0080428954423592,0.0268096514745308,197,0.0,Sufficient
84653,GREEN ROSE QUILT ,10,453.5,0.0268096514745308,0.1876675603217158,0.0804289544235924,0.2680965147453083,311,0.0,Sufficient
84656,WHITE ROSE C/COVER,20,119.0,0.0536193029490616,0.3753351206434316,0.1608579088471849,0.5361930294906166,28,0.0,Sufficient
84657,GREEN ROSE CUSHION COVER,245,496.25,0.6568364611260054,4.597855227882038,1.970509383378016,6.568364611260054,77,0.0,Sufficient
84658,WHITE STITCHED CUSHION COVER,162,807.9,0.4343163538873995,3.0402144772117965,1.3029490616621984,4.343163538873995,227,0.0,Sufficient
84659A,WHITE TRAVEL ALARM CLOCK,177,451.35,0.4745308310991957,3.3217158176943697,1.423592493297587,4.745308310991957,111,0.0,Sufficient
84660A,WHITE STITCHED WALL CLOCK,14,52.5,0.0375335120643431,0.2627345844504021,0.1126005361930294,0.3753351206434315,51,0.0,Sufficient
84660B,BLACK STITCHED WALL CLOCK,32,120.0,0.0857908847184986,0.6005361930294906,0.257372654155496,0.8579088471849865,297,0.0,Sufficient
84660C,PINK STITCHED WALL CLOCK,50,187.5,0.1340482573726541,0.9383378016085792,0.4021447721179625,1.3404825737265416,176,0.0,Sufficient
84661A,WHITE SQUARE TABLE CLOCK,109,95.55,0.292225201072386,2.045576407506702,0.8766756032171581,2.9222520107238603,118,0.0,Sufficient
84661B,BLACK SQUARE TABLE CLOCK,112,148.8,0.3002680965147453,2.101876675603217,0.900804289544236,3.0026809651474524,45,0.0,Sufficient
84661C,PINK SQUARE TABLE CLOCK,75,54.45,0.2010723860589812,1.407506702412869,0.6032171581769437,2.0107238605898123,241,0.0,Sufficient
84663A,GRASS HOPPER WOODEN WALL CLOCK ,85,265.75,0.227882037533512,1.5951742627345846,0.6836461126005362,2.278820375335121,238,0.0,Sufficient
84664,CHERRY BLOSSOM BATHROOM CABINET,192,950.4,0.514745308310992,3.603217158176944,1.544235924932976,5.14745308310992,362,0.0,Sufficient
84665,SQUARE CHERRY BLOSSOM CABINET,125,763.75,0.3351206434316354,2.345844504021448,1.0053619302949062,3.351206434316354,173,0.0,Sufficient
84666,SQUARE CHERRY BLOSSOM CABINET,202,797.9000000000001,0.5415549597855228,3.79088471849866,1.6246648793565686,5.415549597855229,396,0.0,Sufficient
84670,JAPANESE CROCHETED ANIMAL,5092,2045.04,13.6514745308311,95.5603217158177,40.9544235924933,136.51474530831098,82,54.51474530831098,Reorder
84671B,CROCHET BEAR WITH BLUE STRIPES,98,249.9,0.2627345844504021,1.8391420911528151,0.7882037533512065,2.6273458445040214,145,0.0,Sufficient
84673A,PINK FLY SWAT,394,233.06,1.0563002680965148,7.394101876675603,3.168900804289544,10.563002680965148,362,0.0,Sufficient
84673B,BLUE FLY SWAT,285,185.25,0.7640750670241286,5.348525469168901,2.292225201072386,7.640750670241287,388,0.0,Sufficient
84674,FLYING PIG WATERING CAN,264,685.2,0.707774798927614,4.954423592493297,2.123324396782842,7.077747989276139,79,0.0,Sufficient
84675,FROG KING WATERING CAN,178,441.1000000000001,0.4772117962466488,3.3404825737265416,1.4316353887399464,4.772117962466488,434,0.0,Sufficient
84676,BATH DUCK WATERING CAN,832,2016.52,2.2305630026809653,15.613941018766758,6.691689008042896,22.30563002680965,496,0.0,Sufficient
84678,CLASSICAL ROSE SMALL VASE,457,837.75,1.225201072386059,8.576407506702413,3.675603217158177,12.25201072386059,205,0.0,Sufficient
84679,CLASSICAL ROSE TABLE LAMP,8,47.6,0.0214477211796246,0.1501340482573726,0.064343163538874,0.2144772117962466,278,0.0,Sufficient
84680,CLASSICAL ROSE URN,94,372.3,0.2520107238605898,1.7640750670241288,0.7560321715817695,2.520107238605898,58,0.0,Sufficient
84682,CLASSICAL ROSE DISH,283,528.85,0.7587131367292225,5.310991957104557,2.2761394101876675,7.587131367292224,325,0.0,Sufficient
84683,CLASSICAL ROSE CANDLESTAND,346,331.7,0.9276139410187668,6.493297587131367,2.7828418230563,9.276139410187668,139,0.0,Sufficient
84684,BEACH HUT PHOTO FRAME,574,583.1,1.5388739946380696,10.772117962466488,4.616621983914209,15.388739946380696,453,0.0,Sufficient
84685,BEACH HUT KEY CABINET,339,711.25,0.9088471849865952,6.361930294906166,2.726541554959786,9.088471849865952,14,0.0,Sufficient
84686,BEACH HUT MIRROR,295,588.15,0.7908847184986595,5.536193029490616,2.3726541554959786,7.908847184986595,437,0.0,Sufficient
84687,BEACH HUT SHELF W 3 DRAWERS,222,584.9,0.5951742627345844,4.166219839142091,1.7855227882037532,5.951742627345844,36,0.0,Sufficient
84688,BEACH HUT DESIGN BLACKBOARD,354,880.5,0.9490616621983914,6.64343163538874,2.847184986595174,9.490616621983914,169,0.0,Sufficient
84689,S/2 BEACH HUT TREASURE CHESTS,302,661.7,0.8096514745308311,5.6675603217158175,2.428954423592493,8.09651474530831,158,0.0,Sufficient
84690,S/2 BEACH HUT STOOLS,26,206.7,0.0697050938337801,0.4879356568364612,0.2091152815013405,0.6970509383378016,273,0.0,Sufficient
84691,PACK 20 DOLLY PEGS,2374,1861.9,6.36461126005362,44.552278820375335,19.093833780160857,63.64611260053619,239,0.0,Sufficient
84692,BOX OF 24 COCKTAIL PARASOLS,10797,4277.24,28.946380697050937,202.62466487935657,86.83914209115281,289.4638069705094,209,80.46380697050938,Reorder
84705A,ENGLISH ROSE PHOTO FRAME ,14,65.10000000000001,0.0375335120643431,0.2627345844504021,0.1126005361930294,0.3753351206434315,59,0.0,Sufficient
84705B,FAIRY CAKES PHOTO FRAME,83,103.75,0.2225201072386059,1.5576407506702414,0.6675603217158177,2.225201072386059,76,0.0,Sufficient
84705C,PINK FLOCK PHOTO FRAME ,148,198.6,0.3967828418230563,2.777479892761394,1.1903485254691688,3.967828418230563,309,0.0,Sufficient
84705D,CHERRY BLOSSOM PHOTO FRAME ,10,46.5,0.0268096514745308,0.1876675603217158,0.0804289544235924,0.2680965147453083,390,0.0,Sufficient
84705F,RED PEONY PHOTO FRAME ,8,37.2,0.0214477211796246,0.1501340482573726,0.064343163538874,0.2144772117962466,67,0.0,Sufficient
84706A,ENGLISH ROSE TABLE CLOCK,136,307.2,0.3646112600536193,2.552278820375335,1.093833780160858,3.646112600536193,268,0.0,Sufficient
84706B,FAIRY CAKES TABLE CLOCK,19,170.04999999999998,0.0509383378016085,0.35656836461126,0.1528150134048257,0.5093833780160858,351,0.0,Sufficient
84706C,PINK FLOCK TABLE CLOCK ,84,170.8,0.225201072386059,1.576407506702413,0.675603217158177,2.25201072386059,335,0.0,Sufficient
84706D,CHERRY BLOSSOM TABLE CLOCK ,212,469.4,0.5683646112600537,3.978552278820376,1.705093833780161,5.683646112600536,139,0.0,Sufficient
84706F,RED PEONY TABLE CLOCK,17,152.14999999999998,0.0455764075067024,0.3190348525469169,0.1367292225201072,0.4557640750670241,224,0.0,Sufficient
84707A,SILVER JEWELLED MIRROR TRINKET TRAY,29,288.54999999999995,0.0777479892761394,0.5442359249329758,0.2332439678284182,0.777479892761394,181,0.0,Sufficient
84707B,PINK JEWELLED MIRROR TRINKET TRAY,19,189.05,0.0509383378016085,0.35656836461126,0.1528150134048257,0.5093833780160858,267,0.0,Sufficient
84708B,PINK JEWELLED PHOTO FRAME ,73,361.35,0.195710455764075,1.3699731903485255,0.5871313672922251,1.9571045576407504,111,0.0,Sufficient
84709A,SILVER OVAL JEWELLED MIRROR,21,124.95,0.0563002680965147,0.3941018766756032,0.1689008042895442,0.5630026809651475,218,0.0,Sufficient
84709B,PINK OVAL JEWELLED MIRROR,93,522.15,0.2493297587131367,1.7453083109919572,0.7479892761394102,2.493297587131368,300,0.0,Sufficient
84711A,SILVER OVAL SHAPE TRINKET BOX,19,189.05,0.0509383378016085,0.35656836461126,0.1528150134048257,0.5093833780160858,363,0.0,Sufficient
84711B,PINK OVAL SHAPE TRINKET BOX,5,49.75,0.0134048257372654,0.0938337801608579,0.0402144772117962,0.1340482573726541,480,0.0,Sufficient
84712B,PINK JEWELLED PHOTO FRAME,48,381.6,0.128686327077748,0.900804289544236,0.386058981233244,1.28686327077748,295,0.0,Sufficient
84715,SET OF 6 ICE CREAM SKITTLES,216,637.2,0.579088471849866,4.053619302949062,1.737265415549598,5.79088471849866,125,0.0,Sufficient
84720,DOT MATRIX CANVAS ART PICTURE,35,147.05,0.0938337801608579,0.6568364611260054,0.2815013404825737,0.938337801608579,273,0.0,Sufficient
84721,MANHATTAN CANVAS ART PICTURE,20,87.8,0.0536193029490616,0.3753351206434316,0.1608579088471849,0.5361930294906166,159,0.0,Sufficient
84723,CHERRY BLOSSOM CANVAS ART PICTURE,13,103.35,0.03485254691689,0.2439678284182306,0.1045576407506702,0.3485254691689008,309,0.0,Sufficient
84725,FREESTYLE CANVAS ART PICTURE,93,176.85,0.2493297587131367,1.7453083109919572,0.7479892761394102,2.493297587131368,451,0.0,Sufficient
84726,LILLIES CANVAS PICTURE,233,394.85,0.6246648793565683,4.372654155495979,1.873994638069705,6.246648793565684,45,0.0,Sufficient
84731,3 BIRDS CANVAS SCREEN,1,1.65,0.002680965147453,0.0187667560321715,0.0080428954423592,0.0268096514745308,462,0.0,Sufficient
84732B,CUTE BIRD CEATURE SCREEN,6,9.9,0.0160857908847185,0.1126005361930295,0.0482573726541555,0.1608579088471849,342,0.0,Sufficient
84732D,CUTE RABBIT CEATURE SCREEN ,4,6.6,0.0107238605898123,0.0750670241286863,0.032171581769437,0.1072386058981233,486,0.0,Sufficient
84741C,CITRUS GARLAND FELT FLOWERS ,120,234.0,0.3217158176943699,2.252010723860589,0.96514745308311,3.217158176943699,296,0.0,Sufficient
84743C,ORANGE FELT VASE + FLOWERS,8,10.0,0.0214477211796246,0.1501340482573726,0.064343163538874,0.2144772117962466,312,0.0,Sufficient
84744,S/6 SEW ON CROCHET FLOWERS,57,71.25,0.1528150134048257,1.0697050938337802,0.4584450402144772,1.5281501340482575,320,0.0,Sufficient
84745A,PINK HANGING GINGHAM EASTER HEN,40,16.8,0.1072386058981233,0.7506702412868633,0.3217158176943699,1.0723860589812333,217,0.0,Sufficient
84745B,BLUE HANGING GINGHAM EASTER HEN,51,21.42,0.1367292225201072,0.9571045576407508,0.4101876675603217,1.3672922252010724,115,0.0,Sufficient
84746,PINK EASTER HENS+FLOWER,9,33.75,0.0241286863270777,0.1689008042895442,0.0723860589812332,0.2412868632707774,455,0.0,Sufficient
84748,FOLK FELT HANGING MULTICOL GARLAND,956,1141.8,2.5630026809651474,17.94101876675603,7.689008042895442,25.630026809651472,167,0.0,Sufficient
84750A,PINK SMALL GLASS CAKE STAND,423,767.25,1.1340482573726542,7.938337801608579,3.4021447721179627,11.340482573726542,130,0.0,Sufficient
84750B,BLACK SMALL GLASS CAKE STAND,503,901.65,1.3485254691689008,9.439678284182303,4.045576407506703,13.485254691689008,64,0.0,Sufficient
84751B,BLACK MEDIUM GLASS CAKE STAND,21,78.75,0.0563002680965147,0.3941018766756032,0.1689008042895442,0.5630026809651475,409,0.0,Sufficient
84753A,PINK EAU DE COLOGNE BOTTLE,85,72.25,0.227882037533512,1.5951742627345846,0.6836461126005362,2.278820375335121,21,0.0,Sufficient
84754,S/15 SILVER GLASS BAUBLES IN BAG,1573,1897.85,4.2171581769437,29.520107238605902,12.6514745308311,42.171581769437005,154,0.0,Sufficient
84755,COLOUR GLASS T-LIGHT HOLDER HANGING,23944,14193.2,64.19302949061662,449.3512064343164,192.57908847184987,641.9302949061663,409,232.9302949061663,Reorder
84757,ENCHANTED GARDEN WROUGHT IRON TABLE,5,74.75,0.0134048257372654,0.0938337801608579,0.0402144772117962,0.1340482573726541,405,0.0,Sufficient
84760L,LARGE HANGING GLASS+ZINC LANTERN,560,896.0,1.5013404825737264,10.509383378016086,4.504021447721179,15.013404825737265,145,0.0,Sufficient
84760S,SMALL HANGING GLASS+ZINC LANTERN,166,240.7,0.4450402144772118,3.115281501340483,1.3351206434316354,4.450402144772118,477,0.0,Sufficient
84761,IVORY HANGING BIRD PLANTER ,245,613.9499999999999,0.6568364611260054,4.597855227882038,1.970509383378016,6.568364611260054,12,0.0,Sufficient
84762A,WHITE PICNIC BARBECUE BUCKET,54,474.9,0.1447721179624665,1.0134048257372654,0.4343163538873995,1.447721179624665,153,0.0,Sufficient
84762B,PINK PICNIC BARBECUE BUCKET,82,574.3000000000001,0.2198391420911528,1.5388739946380698,0.6595174262734584,2.1983914209115283,39,0.0,Sufficient
84762C,GREEN PICNIC BARBECUE BUCKET,78,531.3,0.2091152815013404,1.4638069705093837,0.6273458445040214,2.091152815013405,246,0.0,Sufficient
84763,ZINC FINISH 15CM PLANTER POTS,1012,1228.52,2.71313672922252,18.99195710455764,8.139410187667561,27.131367292225203,288,0.0,Sufficient
84765,SILVER ROCOCO CANDELABRA,7,89.25,0.0187667560321715,0.131367292225201,0.0563002680965147,0.1876675603217157,357,0.0,Sufficient
84766,SILVER ROCOCO CANDLE STICK,54,297.3,0.1447721179624665,1.0134048257372654,0.4343163538873995,1.447721179624665,124,0.0,Sufficient
84767,ZINC POLICE BOX LANTERN,193,783.7,0.517426273458445,3.6219839142091153,1.552278820375335,5.174262734584451,113,0.0,Sufficient
84770,ROUND GEORGIAN SILVER MIRROR,135,419.25000000000006,0.3619302949061662,2.533512064343164,1.0857908847184987,3.6193029490616624,127,0.0,Sufficient
84773,RED ROSE AND LACE C/COVER,187,551.6500000000001,0.5013404825737265,3.5093833780160857,1.5040214477211795,5.013404825737265,14,0.0,Sufficient
84782A,PINK 3 TIER GLASS PLATE STAND,119,840.45,0.3190348525469169,2.233243967828418,0.9571045576407506,3.190348525469169,477,0.0,Sufficient
84782B,BLACK 3 TIER GLASS PLATE STAND,10,127.5,0.0268096514745308,0.1876675603217158,0.0804289544235924,0.2680965147453083,369,0.0,Sufficient
84782C,GREEN 3 TIER GLASS PLATE STAND,74,509.9,0.1983914209115281,1.388739946380697,0.5951742627345844,1.9839142091152813,257,0.0,Sufficient
84789,ENCHANTED BIRD PLANT CAGE,252,868.2,0.675603217158177,4.729222520107239,2.026809651474531,6.75603217158177,373,0.0,Sufficient
84791,GINGHAM HEART DECORATION,296,863.6000000000001,0.7935656836461126,5.554959785522788,2.3806970509383376,7.935656836461126,330,0.0,Sufficient
84792,ENCHANTED BIRD COATHANGER 5 HOOK,1453,5976.6900000000005,3.89544235924933,27.26809651474531,11.68632707774799,38.9544235924933,130,0.0,Sufficient
84795A,PASTEL STRIPE HAMMOCK ,194,1458.3000000000002,0.5201072386058981,3.640750670241287,1.5603217158176943,5.201072386058982,295,0.0,Sufficient
84795B,SUNSET CHECK HAMMOCK,124,949.8,0.3324396782841823,2.327077747989276,0.9973190348525468,3.3243967828418226,158,0.0,Sufficient
84795C,OCEAN STRIPE HAMMOCK ,292,2237.4,0.7828418230563002,5.479892761394102,2.3485254691689006,7.828418230563003,93,0.0,Sufficient
84795D,SEASIDE STRIPE HAMMOCK,179,1387.05,0.4798927613941018,3.359249329758713,1.4396782841823057,4.798927613941018,463,0.0,Sufficient
84795E,RIO PINK STRIPE HAMMOCK,10,79.5,0.0268096514745308,0.1876675603217158,0.0804289544235924,0.2680965147453083,415,0.0,Sufficient
84796A,PINK HAWAIIAN PICNIC HAMPER FOR 2,136,678.0,0.3646112600536193,2.552278820375335,1.093833780160858,3.646112600536193,475,0.0,Sufficient
84796B,BLUE SAVANNAH PICNIC HAMPER FOR 2,161,851.95,0.4316353887399464,3.0214477211796247,1.2949061662198391,4.316353887399464,465,0.0,Sufficient
84797A,PINK HAWAIIAN PICNIC HAMPER FOR 4,349,1883.55,0.935656836461126,6.549597855227882,2.806970509383378,9.35656836461126,240,0.0,Sufficient
84797B,BLUE SAVANNAH PICNIC HAMPER FOR 4,310,1654.5,0.8310991957104558,5.81769436997319,2.493297587131367,8.310991957104557,297,0.0,Sufficient
84798A,PINK FOXGLOVE ARTIIFCIAL FLOWER,172,373.80000000000007,0.4611260053619302,3.227882037533512,1.383378016085791,4.611260053619303,170,0.0,Sufficient
84798B,PURPLE FOXGLOVE ARTIIFCIAL FLOWER,315,464.85,0.8445040214477212,5.911528150134048,2.533512064343164,8.445040214477212,281,0.0,Sufficient
84798C,WHITE FOXGLOVE ARTIIFCIAL FLOWER,16,40.8,0.0428954423592493,0.3002680965147453,0.128686327077748,0.4289544235924932,469,0.0,Sufficient
84799,SPRIG LAVENDER ARTIFICIAL FLOWER,447,359.55,1.198391420911528,8.388739946380696,3.5951742627345844,11.98391420911528,47,0.0,Sufficient
84800L,LARGE WHITE/PINK ROSE ART FLOWER,287,325.07,0.7694369973190348,5.386058981233243,2.3083109919571045,7.694369973190348,235,0.0,Sufficient
84800M,MEDIUM WHITE/PINK ROSE ART FLOWER,122,181.22,0.3270777479892761,2.289544235924933,0.9812332439678284,3.270777479892762,151,0.0,Sufficient
84800S,SMALL WHITE/PINK ROSE ART FLOWER,281,171.97,0.7533512064343163,5.273458445040214,2.260053619302949,7.533512064343164,301,0.0,Sufficient
84801A,PINK HYDRANGEA ART FLOWER,226,330.84000000000003,0.6058981233243967,4.241286863270777,1.8176943699731904,6.058981233243967,490,0.0,Sufficient
84801B,WHITE HYDRANGEA ART FLOWER,180,273.6,0.4825737265415549,3.3780160857908847,1.447721179624665,4.825737265415549,160,0.0,Sufficient
84802A,WHITE ANEMONE ARTIFICIAL FLOWER,169,285.61,0.453083109919571,3.171581769436997,1.3592493297587132,4.53083109919571,123,0.0,Sufficient
84802B,PURPLE ANEMONE ARTIFICIAL FLOWER,401,372.89,1.0750670241286864,7.525469168900805,3.225201072386059,10.750670241286864,246,0.0,Sufficient
84803A,PINK ALLIUM  ARTIFICIAL FLOWER,109,184.21,0.292225201072386,2.045576407506702,0.8766756032171581,2.9222520107238603,75,0.0,Sufficient
84803B,WHITE ALLIUM  ARTIFICIAL FLOWER,25,42.25,0.067024128686327,0.4691689008042896,0.2010723860589812,0.6702412868632708,370,0.0,Sufficient
84804A,CREAM DELPHINIUM ARTIFICIAL FLOWER,145,206.95,0.388739946380697,2.721179624664879,1.166219839142091,3.88739946380697,350,0.0,Sufficient
84804B,BLUE DELPHINIUM ARTIFICIAL FLOWER,256,313.6,0.6863270777479893,4.804289544235925,2.058981233243968,6.863270777479892,267,0.0,Sufficient
84805A,CREAM CLIMBING HYDRANGA ART FLOWER,115,152.85,0.3083109919571045,2.158176943699732,0.9249329758713136,3.0831099195710454,484,0.0,Sufficient
84805B,BLUE CLIMBING HYDRANGA ART FLOWER,301,495.15,0.806970509383378,5.648793565683646,2.420911528150134,8.06970509383378,258,0.0,Sufficient
84806A,PINK CANDYSTUFT ARTIFICIAL FLOWER,182,165.01999999999998,0.4879356568364611,3.415549597855228,1.4638069705093837,4.879356568364612,466,0.0,Sufficient
84806B,WHITE CANDYSTUFT ARTIFICIAL FLOWER,137,149.20999999999998,0.3672922252010724,2.571045576407507,1.1018766756032172,3.672922252010724,458,0.0,Sufficient
84807,RED POPPY ARTIFICIAL FLOWER,233,215.93,0.6246648793565683,4.372654155495979,1.873994638069705,6.246648793565684,340,0.0,Sufficient
84809A,WHITE CHRYSANTHEMUMS ART FLOWER,233,384.54,0.6246648793565683,4.372654155495979,1.873994638069705,6.246648793565684,332,0.0,Sufficient
84809B,PINK CHRYSANTHEMUMS ART FLOWER,278,313.8,0.7453083109919572,5.2171581769437,2.2359249329758715,7.453083109919572,189,0.0,Sufficient
84813,SET OF 4 DIAMOND NAPKIN RINGS,234,1575.5,0.6273458445040214,4.39142091152815,1.8820375335120645,6.273458445040214,199,0.0,Sufficient
84814A,HEXAGONAL CRYSTAL PERFUME BOTTLE,1,1.95,0.002680965147453,0.0187667560321715,0.0080428954423592,0.0268096514745308,416,0.0,Sufficient
84814B,RHOMBUS CRYSTAL PERFUME BOTTLE,6,11.7,0.0160857908847185,0.1126005361930295,0.0482573726541555,0.1608579088471849,163,0.0,Sufficient
84815,SET OF 3 DANISH ROSE PLANTERS,906,1022.5,2.428954423592493,17.00268096514745,7.286863270777479,24.28954423592493,205,0.0,Sufficient
84816,DANISH ROSE BEDSIDE CABINET,18,679.1,0.0482573726541554,0.3378016085790885,0.1447721179624664,0.4825737265415549,475,0.0,Sufficient
84817,DANISH ROSE DECORATIVE PLATE,100,210.0,0.2680965147453083,1.8766756032171583,0.804289544235925,2.680965147453083,320,0.0,Sufficient
84818,DANISH ROSE PHOTO FRAME,269,664.35,0.7211796246648794,5.048257372654156,2.1635388739946384,7.211796246648794,271,0.0,Sufficient
84819,DANISH ROSE ROUND SEWING BOX,101,429.25,0.2707774798927614,1.89544235924933,0.8123324396782843,2.7077747989276144,428,0.0,Sufficient
84820,DANISH ROSE TRINKET TRAYS,58,345.1,0.1554959785522788,1.0884718498659516,0.4664879356568364,1.554959785522788,415,0.0,Sufficient
84821,DANISH ROSE DELUXE COASTER,371,315.35,0.9946380697050938,6.962466487935657,2.983914209115281,9.94638069705094,436,0.0,Sufficient
84823,DANISH ROSE FOLDING CHAIR,8,319.6,0.0214477211796246,0.1501340482573726,0.064343163538874,0.2144772117962466,152,0.0,Sufficient
84824,DANISH ROSE UMBRELLA STAND,31,481.65,0.0831099195710455,0.581769436997319,0.2493297587131367,0.8310991957104557,351,0.0,Sufficient
84826,ASSTD DESIGN 3D PAPER STICKERS,632,530.7,1.6943699731903483,11.86058981233244,5.083109919571045,16.943699731903486,325,0.0,Sufficient
84827,ASS DES PHONE SPONGE CRAFT STICKER,578,375.7,1.549597855227882,10.847184986595174,4.648793565683646,15.49597855227882,110,0.0,Sufficient
84828,JUNGLE POPSICLES ICE LOLLY HOLDERS,1349,1640.65,3.616621983914209,25.316353887399465,10.849865951742627,36.166219839142094,253,0.0,Sufficient
84830,LARGE ENGLISH ARBORETUM,113,1195.15,0.3029490616621983,2.1206434316353886,0.9088471849865952,3.029490616621984,499,0.0,Sufficient
84832,ZINC WILLIE WINKIE  CANDLE STICK,3626,3007.22,9.72117962466488,68.04825737265415,29.16353887399464,97.2117962466488,21,76.21179624664879,Reorder
84836,ZINC METAL HEART DECORATION,13771,16472.75,36.9195710455764,258.43699731903484,110.7587131367292,369.1957104557641,248,121.19571045576409,Reorder
84837,WHITE SWEETHEARTS CABINET 4 DRAWERS,239,2915.25,0.6407506702412868,4.485254691689008,1.9222520107238603,6.407506702412868,58,0.0,Sufficient
84838,ANT WHITE HIGH RISE BIRD BOX,49,304.0,0.131367292225201,0.9195710455764076,0.3941018766756032,1.3136729222520107,51,0.0,Sufficient
84839,SWEETHEART KEY CABINET,1478,8201.7,3.962466487935657,27.7372654155496,11.88739946380697,39.624664879356565,175,0.0,Sufficient
84840,SWEETHEART CARRY-ALL BASKET,260,2169.2,0.6970509383378016,4.879356568364612,2.091152815013405,6.970509383378017,91,0.0,Sufficient
84842,HELLO SAILOR BATHROOM SET,1481,622.55,3.970509383378016,27.793565683646115,11.91152815013405,39.70509383378017,438,0.0,Sufficient
84843,WHITE SOAP RACK WITH 2 BOTTLES,88,523.6,0.2359249329758713,1.6514745308310992,0.707774798927614,2.359249329758713,300,0.0,Sufficient
84845A,HOLLYHOCK SQUARE HANDY TIN,1,1.25,0.002680965147453,0.0187667560321715,0.0080428954423592,0.0268096514745308,167,0.0,Sufficient
84845C,CARNATION SQUARE HANDY TIN,42,52.5,0.1126005361930295,0.7882037533512065,0.3378016085790885,1.126005361930295,225,0.0,Sufficient
84845D,GERANIUM SQUARE HANDY TIN,41,51.25,0.1099195710455764,0.7694369973190349,0.3297587131367292,1.099195710455764,499,0.0,Sufficient
84846A,SCENTED CANDLE IN DIGITALIS TIN,190,399.0,0.5093833780160858,3.5656836461126007,1.5281501340482575,5.093833780160859,167,0.0,Sufficient
84847,FLORAL BATHROOM SET,2295,968.01,6.152815013404826,43.06970509383378,18.45844504021448,61.52815013404826,471,0.0,Sufficient
84849A,HELLO SAILOR BLUE SOAP HOLDER,288,460.8,0.7721179624664879,5.404825737265416,2.316353887399464,7.721179624664879,143,0.0,Sufficient
84849B,FAIRY SOAP SOAP HOLDER,1620,2596.68,4.343163538873995,30.402144772117964,13.029490616621985,43.43163538873995,76,0.0,Sufficient
84849D,HOT BATHS SOAP HOLDER,1053,1698.93,2.8230563002680964,19.761394101876675,8.46916890080429,28.230563002680967,345,0.0,Sufficient
84854,GIRLY PINK TOOL SET,280,1302.0,0.7506702412868632,5.254691689008043,2.252010723860589,7.506702412868632,16,0.0,Sufficient
84855,BLOKEY SILVER TOOL SET,31,153.45000000000002,0.0831099195710455,0.581769436997319,0.2493297587131367,0.8310991957104557,445,0.0,Sufficient
84856L,LARGE TAHITI BEACH BAG,211,1177.45,0.5656836461126006,3.959785522788204,1.6970509383378016,5.656836461126005,23,0.0,Sufficient
84856S,SMALL TAHITI BEACH BAG,457,1802.49,1.225201072386059,8.576407506702413,3.675603217158177,12.25201072386059,82,0.0,Sufficient
84857A,SILVER MONTE CARLO HANDBAG,8,68.0,0.0214477211796246,0.1501340482573726,0.064343163538874,0.2144772117962466,408,0.0,Sufficient
84857C,PINK MONTE CARLO HANDBAG,98,204.2,0.2627345844504021,1.8391420911528151,0.7882037533512065,2.6273458445040214,414,0.0,Sufficient
84858A,NATURAL RIVIERA HANDBAG,52,116.7,0.1394101876675603,0.9758713136729223,0.418230563002681,1.3941018766756033,172,0.0,Sufficient
84858B,BLUE RIVIERA HANDBAG,326,431.0,0.8739946380697051,6.117962466487936,2.6219839142091157,8.73994638069705,75,0.0,Sufficient
84858C,PINK RIVIERA HANDBAG,159,325.65000000000003,0.4262734584450402,2.983914209115281,1.2788203753351206,4.262734584450402,356,0.0,Sufficient
84859A,SILVER DISCO HANDBAG,161,312.55,0.4316353887399464,3.0214477211796247,1.2949061662198391,4.316353887399464,139,0.0,Sufficient
84859B,BLUE DISCO HANDBAG,249,356.75,0.6675603217158177,4.672922252010724,2.0026809651474533,6.675603217158177,428,0.0,Sufficient
84859C,PINK DISCO HANDBAG,219,366.25,0.5871313672922251,4.109919571045576,1.7613941018766754,5.871313672922251,475,0.0,Sufficient
84864A,PINK PAISLEY PHOTO ALBUM,4,27.0,0.0107238605898123,0.0750670241286863,0.032171581769437,0.1072386058981233,215,0.0,Sufficient
84865,NEW BAROQUE BLACK PHOTO ALBUM,43,365.5,0.1152815013404825,0.806970509383378,0.3458445040214477,1.1528150134048256,285,0.0,Sufficient
84867A,PINK BABY GIRLS PHOTO ALBUM,15,92.25,0.0402144772117962,0.2815013404825737,0.1206434316353887,0.4021447721179624,475,0.0,Sufficient
84868A,PINK BABY GIRL'S MEMORY BOX,2,13.9,0.0053619302949061,0.0375335120643431,0.0160857908847185,0.0536193029490616,265,0.0,Sufficient
84868B,BLUE BABY BOY'S MEMORY BOX,5,34.75,0.0134048257372654,0.0938337801608579,0.0402144772117962,0.1340482573726541,275,0.0,Sufficient
84869,CANDY BUTTON PHOTO ALBUM,295,631.25,0.7908847184986595,5.536193029490616,2.3726541554959786,7.908847184986595,34,0.0,Sufficient
84870B,BLUE GEISHA GIRL ,39,146.25,0.1045576407506702,0.7319034852546917,0.3136729222520107,1.0455764075067024,459,0.0,Sufficient
84870C,GREEN GEISHA GIRL ,39,146.25,0.1045576407506702,0.7319034852546917,0.3136729222520107,1.0455764075067024,290,0.0,Sufficient
84872A,TEATIME FUNKY FLOWER BACKPACK FOR 2,4,67.8,0.0107238605898123,0.0750670241286863,0.032171581769437,0.1072386058981233,262,0.0,Sufficient
84873A,FUNKY FLOWER PICNIC BAG FOR 4,4,67.8,0.0107238605898123,0.0750670241286863,0.032171581769437,0.1072386058981233,319,0.0,Sufficient
84874B,BLUE TRAVEL FIRST AID KIT,45,74.25,0.1206434316353887,0.8445040214477212,0.3619302949061662,1.206434316353887,298,0.0,Sufficient
84875A,PINK SQUARE COMPACT MIRROR,15,56.25,0.0402144772117962,0.2815013404825737,0.1206434316353887,0.4021447721179624,173,0.0,Sufficient
84875B,GREEN SQUARE COMPACT MIRROR,246,322.5,0.6595174262734584,4.616621983914209,1.9785522788203755,6.595174262734584,104,0.0,Sufficient
84875D,BLUE SQUARE COMPACT MIRROR,320,420.0,0.8579088471849866,6.005361930294907,2.57372654155496,8.579088471849866,279,0.0,Sufficient
84876B,GREEN HEART COMPACT MIRROR,126,172.5,0.3378016085790885,2.3646112600536195,1.0134048257372654,3.378016085790885,330,0.0,Sufficient
84876C,SILVER HEART COMPACT MIRROR,7,26.25,0.0187667560321715,0.131367292225201,0.0563002680965147,0.1876675603217157,119,0.0,Sufficient
84876D,BLUE HEART COMPACT MIRROR,204,375.0,0.546916890080429,3.828418230563003,1.640750670241287,5.46916890080429,345,0.0,Sufficient
84877A,PINK ROUND COMPACT MIRROR,34,127.5,0.0911528150134048,0.6380697050938338,0.2734584450402145,0.9115281501340482,319,0.0,Sufficient
84877B,GREEN ROUND COMPACT MIRROR,101,138.75,0.2707774798927614,1.89544235924933,0.8123324396782843,2.7077747989276144,247,0.0,Sufficient
84877D,BLUE ROUND COMPACT MIRROR,19,71.25,0.0509383378016085,0.35656836461126,0.1528150134048257,0.5093833780160858,390,0.0,Sufficient
84879,ASSORTED COLOUR BIRD ORNAMENT,44431,70291.03,119.11796246648794,833.8257372654156,357.3538873994638,1191.1796246648794,445,746.1796246648794,Reorder
84880,WHITE WIRE EGG HOLDER,1439,7715.05,3.8579088471849863,27.005361930294907,11.57372654155496,38.579088471849865,396,0.0,Sufficient
84881,BLUE WIRE SPIRAL CANDLE HOLDER,41,260.35,0.1099195710455764,0.7694369973190349,0.3297587131367292,1.099195710455764,492,0.0,Sufficient
84882,GREEN WIRE STANDING CANDLE HOLDER,21,78.75,0.0563002680965147,0.3941018766756032,0.1689008042895442,0.5630026809651475,434,0.0,Sufficient
84884A,ANT WHITE WIRE HEART SPIRAL,1380,4788.4,3.6997319034852554,25.89812332439678,11.099195710455763,36.99731903485255,399,0.0,Sufficient
84886,BLUE METAL WALL SHELF,11,109.45,0.0294906166219839,0.2064343163538874,0.0884718498659517,0.2949061662198391,34,0.0,Sufficient
84891B,GREEN WIRE GOBLET CANDLEHOLDER,7,55.65,0.0187667560321715,0.131367292225201,0.0563002680965147,0.1876675603217157,150,0.0,Sufficient
84893,ANT WHITE IRON BASKET,33,186.35,0.0884718498659517,0.6193029490616622,0.2654155495978552,0.8847184986595173,126,0.0,Sufficient
84898F,YELLOW FLOWERS FELT HANDBAG KIT,116,243.6,0.3109919571045576,2.176943699731903,0.9329758713136728,3.109919571045576,491,0.0,Sufficient
84899E,YELLOW + BROWN BEAR FELT PURSE KIT,46,57.5,0.1233243967828418,0.8632707774798928,0.3699731903485255,1.2332439678284182,401,0.0,Sufficient
84899F,YELLOW PURPLE DAISY FELT PURSE KIT,86,107.5,0.2305630026809651,1.613941018766756,0.6916890080428955,2.3056300268096512,414,0.0,Sufficient
84901,BLACK FACE LAMB WITH PANTS,98,365.34,0.2627345844504021,1.8391420911528151,0.7882037533512065,2.6273458445040214,491,0.0,Sufficient
84902,PINK KNITTED COW STUFFED TOY,58,215.34,0.1554959785522788,1.0884718498659516,0.4664879356568364,1.554959785522788,461,0.0,Sufficient
84905,PINK BUTTERFLY C/COVER ,139,332.85,0.3726541554959786,2.60857908847185,1.1179624664879355,3.726541554959786,34,0.0,Sufficient
84906,PINK B'FLY C/COVER W BOBBLES,31,184.45,0.0831099195710455,0.581769436997319,0.2493297587131367,0.8310991957104557,88,0.0,Sufficient
84907,PINK/YELLOW PATCH CUSHION COVER,360,781.8000000000001,0.96514745308311,6.7560321715817695,2.89544235924933,9.6514745308311,77,0.0,Sufficient
84908A,PINK 5 PATCH FLOWER CUSHION COVER ,387,769.65,1.0375335120643432,7.262734584450403,3.1126005361930296,10.375335120643433,182,0.0,Sufficient
84908B,BLUE 5 PATCH FLOWER CUSHION COVER,385,755.75,1.032171581769437,7.225201072386059,3.096514745308311,10.32171581769437,453,0.0,Sufficient
84909A,PINK PAISLEY QUILT ,208,2784.8,0.5576407506702413,3.9034852546916894,1.672922252010724,5.576407506702413,21,0.0,Sufficient
84910A,PINK PAISLEY CUSHION COVER ,404,1010.6,1.0831099195710456,7.58176943699732,3.249329758713137,10.831099195710458,297,0.0,Sufficient
84912A,PINK ROSE WASHBAG,791,1916.25,2.1206434316353886,14.84450402144772,6.361930294906166,21.206434316353885,137,0.0,Sufficient
84912B,GREEN ROSE WASHBAG,726,1672.5,1.9463806970509383,13.624664879356567,5.839142091152815,19.463806970509385,105,0.0,Sufficient
84913A,SOFT PINK ROSE TOWEL ,77,358.05,0.2064343163538874,1.445040214477212,0.6193029490616622,2.064343163538874,101,0.0,Sufficient
84913B,MINT GREEN ROSE TOWEL,38,176.70000000000002,0.1018766756032171,0.7131367292225201,0.3056300268096514,1.0187667560321716,150,0.0,Sufficient
84914A,PINK ROSE PICNIC RUG,3,77.85,0.0080428954423592,0.0563002680965147,0.0241286863270777,0.0804289544235924,40,0.0,Sufficient
84915,HAND TOWEL PINK FLOWER AND DAISY,11,65.45,0.0294906166219839,0.2064343163538874,0.0884718498659517,0.2949061662198391,343,0.0,Sufficient
84916,HAND TOWEL PALE BLUE W FLOWERS,21,124.95,0.0563002680965147,0.3941018766756032,0.1689008042895442,0.5630026809651475,29,0.0,Sufficient
84917,WHITE HAND TOWEL WITH BUTTERFLY,13,77.35,0.03485254691689,0.2439678284182306,0.1045576407506702,0.3485254691689008,155,0.0,Sufficient
84918,CREAM C/COVER W YELLOW/GREEN FLOWER,113,425.35,0.3029490616621983,2.1206434316353886,0.9088471849865952,3.029490616621984,486,0.0,Sufficient
84919,L BLUE C/COVER W PINK/YELLOW FLOWER,231,1205.45,0.6193029490616622,4.335120643431635,1.8579088471849865,6.193029490616621,325,0.0,Sufficient
84920,PINK FLOWER FABRIC PONY,79,289.85,0.2117962466487935,1.482573726541555,0.6353887399463807,2.117962466487936,456,0.0,Sufficient
84921,CREAM AND PINK FLOWERS PONY ,17,63.75,0.0455764075067024,0.3190348525469169,0.1367292225201072,0.4557640750670241,399,0.0,Sufficient
84922,PINK BUTTERFLY WASHBAG,327,714.75,0.8766756032171582,6.136729222520107,2.6300268096514747,8.766756032171582,169,0.0,Sufficient
84923,PINK BUTTERFLY HANDBAG W BOBBLES,9,76.5,0.0241286863270777,0.1689008042895442,0.0723860589812332,0.2412868632707774,358,0.0,Sufficient
84924A,WAKE UP COCKEREL CALENDAR SIGN ,51,191.25,0.1367292225201072,0.9571045576407508,0.4101876675603217,1.3672922252010724,52,0.0,Sufficient
84924D,LA PALMIERA METAL SIGN CALENDAR,760,246.0,2.037533512064343,14.262734584450405,6.11260053619303,20.375335120643435,263,0.0,Sufficient
84924F,PSYCHEDELIC METAL SIGN CALENDAR,963,251.25,2.581769436997319,18.072386058981238,7.745308310991957,25.81769436997319,139,0.0,Sufficient
84925A,WAKE UP COCKEREL WALL THERMOMETER,177,328.95,0.4745308310991957,3.3217158176943697,1.423592493297587,4.745308310991957,69,0.0,Sufficient
84925C,FAIRY CAKES  WALL THERMOMETER,28,71.39999999999999,0.0750670241286863,0.5254691689008042,0.2252010723860589,0.7506702412868631,160,0.0,Sufficient
84925D,LA PALMIERA WALL THERMOMETER,438,641.75,1.1742627345844503,8.219839142091152,3.522788203753351,11.742627345844502,476,0.0,Sufficient
84925E,FLOWERS WALL THERMOMETER,75,130.05,0.2010723860589812,1.407506702412869,0.6032171581769437,2.0107238605898123,296,0.0,Sufficient
84925F,PSYCHEDELIC WALL THERMOMETER,633,750.55,1.6970509383378016,11.879356568364612,5.091152815013405,16.970509383378015,14,2.9705093833780154,Reorder
84926A,WAKE UP COCKEREL TILE COASTER,58,72.5,0.1554959785522788,1.0884718498659516,0.4664879356568364,1.554959785522788,476,0.0,Sufficient
84926B,SCOTTS ROSES TILE COASTER,54,67.5,0.1447721179624665,1.0134048257372654,0.4343163538873995,1.447721179624665,427,0.0,Sufficient
84926C,FAIRY CAKES TILE COASTER,125,156.25,0.3351206434316354,2.345844504021448,1.0053619302949062,3.351206434316354,275,0.0,Sufficient
84926D,LA PALMIERA TILE COASTER,61,76.25,0.163538873994638,1.1447721179624666,0.4906166219839142,1.635388739946381,354,0.0,Sufficient
84926E,FLOWERS TILE COASTER,111,138.75,0.2975871313672922,2.0831099195710454,0.8927613941018766,2.975871313672922,139,0.0,Sufficient
84926F,PSYCHEDELIC TILE COASTER,42,52.5,0.1126005361930295,0.7882037533512065,0.3378016085790885,1.126005361930295,391,0.0,Sufficient
84927A,WAKE UP COCKEREL TILE HOOK,172,70.32,0.4611260053619302,3.227882037533512,1.383378016085791,4.611260053619303,276,0.0,Sufficient
84927D,LA PALMIERA TILE HOOK,905,155.22,2.4262734584450403,16.983914209115284,7.278820375335121,24.262734584450406,187,0.0,Sufficient
84927E,FLOWERS TILE HOOK,432,131.51999999999998,1.158176943699732,8.107238605898123,3.474530831099196,11.58176943699732,262,0.0,Sufficient
84927F,PSYCHEDELIC TILE HOOK,29,60.9,0.0777479892761394,0.5442359249329758,0.2332439678284182,0.777479892761394,424,0.0,Sufficient
84929,ASSTD FRUIT+FLOWERS FRIDGE MAGNETS,684,369.96,1.8337801608579087,12.83646112600536,5.501340482573726,18.337801608579085,65,0.0,Sufficient
84931A,PINK SCOTTIE DOG W FLOWER PATTERN,64,160.5,0.1715817694369973,1.2010723860589811,0.514745308310992,1.715817694369973,472,0.0,Sufficient
84931B,BLUE SCOTTIE DOG W FLOWER PATTERN,88,219.0,0.2359249329758713,1.6514745308310992,0.707774798927614,2.359249329758713,466,0.0,Sufficient
84932A,SMALL GREEN PEONY FOLDING STOOL,262,602.6,0.7024128686327078,4.916890080428955,2.1072386058981234,7.024128686327078,480,0.0,Sufficient
84932B,SMALL PINK PEONY FOLDING STOOL,189,401.3,0.5067024128686327,3.546916890080429,1.520107238605898,5.067024128686327,92,0.0,Sufficient
84932C,SMALL ORIENTAL BLUE FOLDING STOOL,282,615.4,0.7560321715817694,5.292225201072386,2.268096514745308,7.560321715817693,402,0.0,Sufficient
84932D,SMALL ORIENTAL RED FOLDING STOOL,237,540.75,0.6353887399463807,4.447721179624665,1.906166219839142,6.353887399463807,108,0.0,Sufficient
84933A,LARGE GREEN PEONY FOLDING STOOL,131,314.35,0.3512064343163539,2.4584450402144773,1.0536193029490617,3.512064343163539,158,0.0,Sufficient
84933B,LARGE PINK PEONY FOLDING STOOL,136,309.15,0.3646112600536193,2.552278820375335,1.093833780160858,3.646112600536193,338,0.0,Sufficient
84933C,LARGE BLUE ORIENTAL FOLDING STOOL,136,317.0,0.3646112600536193,2.552278820375335,1.093833780160858,3.646112600536193,165,0.0,Sufficient
84934,ASSTD DESIGN POP ART SLIM PEN,684,581.4,1.8337801608579087,12.83646112600536,5.501340482573726,18.337801608579085,199,0.0,Sufficient
84937,KASHMIR FOLKART TUMBLERS,2486,4827.82,6.664879356568365,46.65415549597856,19.994638069705097,66.64879356568366,380,0.0,Sufficient
84942,KASHMIR FOLKART HEART DISHES,3,5.07,0.0080428954423592,0.0563002680965147,0.0241286863270777,0.0804289544235924,272,0.0,Sufficient
84944,SET OF 6 KASHMIR FOLKART BAUBLES,367,1559.75,0.9839142091152816,6.88739946380697,2.9517426273458445,9.839142091152814,89,0.0,Sufficient
84945,MULTI COLOUR SILVER T-LIGHT HOLDER,11842,9335.62,31.74798927613941,222.23592493297588,95.24396782841823,317.4798927613941,409,0.0,Sufficient
84946,ANTIQUE SILVER TEA GLASS ETCHED,15900,18420.36,42.62734584450402,298.39142091152814,127.88203753351206,426.2734584450402,261,165.2734584450402,Reorder
84947,ANTIQUE SILVER TEA GLASS ENGRAVED,6990,8103.66,18.73994638069705,131.17962466487936,56.21983914209116,187.3994638069705,106,81.39946380697052,Reorder
84948,SILVER HANGING T-LIGHT HOLDER DOME,268,442.2,0.7184986595174263,5.029490616621985,2.155495978552279,7.184986595174264,269,0.0,Sufficient
84949,SILVER HANGING T-LIGHT HOLDER,7258,11254.5,19.45844504021448,136.20911528150134,58.37533512064344,194.5844504021448,269,0.0,Sufficient
84950,ASSORTED COLOUR T-LIGHT HOLDER,4097,2704.9700000000003,10.983914209115282,76.88739946380697,32.951742627345844,109.8391420911528,112,0.0,Sufficient
84951A,S/4 PISTACHIO LOVEBIRD COASTERS,99,174.45,0.2654155495978552,1.8579088471849867,0.7962466487935658,2.6541554959785527,49,0.0,Sufficient
84951B,S/4 BLACK LOVEBIRD COASTERS,32,81.6,0.0857908847184986,0.6005361930294906,0.257372654155496,0.8579088471849865,282,0.0,Sufficient
84952A,CLEAR LOVE BIRD T-LIGHT HOLDER,64,170.4,0.1715817694369973,1.2010723860589811,0.514745308310992,1.715817694369973,110,0.0,Sufficient
84952B,BLACK LOVE BIRD T-LIGHT HOLDER,229,324.15,0.613941018766756,4.297587131367292,1.841823056300268,6.13941018766756,368,0.0,Sufficient
84952C,MIRROR LOVE BIRD T-LIGHT HOLDER,241,429.15,0.646112600536193,4.522788203753351,1.938337801608579,6.461126005361931,389,0.0,Sufficient
84962,SET/3 COLOUR PAINTED KASHMIRI STOOL,3,179.85000000000002,0.0080428954423592,0.0563002680965147,0.0241286863270777,0.0804289544235924,317,0.0,Sufficient
84963A,PINK PAINTED KASHMIRI CHAIR,22,713.4000000000001,0.0589812332439678,0.4128686327077748,0.1769436997319035,0.5898123324396782,230,0.0,Sufficient
84963B,BLUE PAINTED KASHMIRI CHAIR,15,441.65,0.0402144772117962,0.2815013404825737,0.1206434316353887,0.4021447721179624,317,0.0,Sufficient
84964A,PINK PAINTED KASHMIRI TABLE,11,630.0,0.0294906166219839,0.2064343163538874,0.0884718498659517,0.2949061662198391,429,0.0,Sufficient
84964B,BLUE PAINTED KASHMIRI TABLE ,17,990.0,0.0455764075067024,0.3190348525469169,0.1367292225201072,0.4557640750670241,133,0.0,Sufficient
84965A,PINK KASHMIRI COFFEE TABLE ,20,1050.0,0.0536193029490616,0.3753351206434316,0.1608579088471849,0.5361930294906166,431,0.0,Sufficient
84965B,BLUE KASHMIRI COFFEE TABLE ,27,1359.95,0.0723860589812332,0.5067024128686327,0.2171581769436997,0.7238605898123325,240,0.0,Sufficient
84966A,PINK KASHMIRI BOXED MIRROR,12,176.0,0.032171581769437,0.225201072386059,0.096514745308311,0.3217158176943699,187,0.0,Sufficient
84966B,BLUE KASHMIRI BOXED MIRROR,33,428.0,0.0884718498659517,0.6193029490616622,0.2654155495978552,0.8847184986595173,72,0.0,Sufficient
84966C,GREEN KASHMIRI BOXED MIRROR,23,276.0,0.0616621983914209,0.4316353887399464,0.1849865951742627,0.6166219839142091,494,0.0,Sufficient
84967A,PINK KASHMIRI OCCASIONAL TABLE,2,94.95,0.0053619302949061,0.0375335120643431,0.0160857908847185,0.0536193029490616,125,0.0,Sufficient
84967B,BLUE KASHMIRI OCCASIONAL TABLE,23,1169.5,0.0616621983914209,0.4316353887399464,0.1849865951742627,0.6166219839142091,200,0.0,Sufficient
84967C,GREEN KASHMIRI OCCASIONAL TABLE,9,419.85,0.0241286863270777,0.1689008042895442,0.0723860589812332,0.2412868632707774,71,0.0,Sufficient
84968A,S/16 VINTAGE ROSE CUTLERY,208,2565.6,0.5576407506702413,3.9034852546916894,1.672922252010724,5.576407506702413,265,0.0,Sufficient
84968B,S/16 VINTAGE IVORY CUTLERY,278,3445.5,0.7453083109919572,5.2171581769437,2.2359249329758715,7.453083109919572,492,0.0,Sufficient
84968C,S/16 VINTAGE PISTACHIO CUTLERY,266,3132.3,0.7131367292225201,4.991957104557641,2.1394101876675604,7.131367292225201,16,0.0,Sufficient
84968D,S/16 VINTAGE RED CUTLERY,281,3193.95,0.7533512064343163,5.273458445040214,2.260053619302949,7.533512064343164,164,0.0,Sufficient
84968E,S/16 VINTAGE BLACK CUTLERY,228,2647.8,0.6112600536193029,4.278820375335121,1.8337801608579087,6.11260053619303,101,0.0,Sufficient
84968F,S/16 VINTAGE SKY BLUE CUTLERY,79,1007.25,0.2117962466487935,1.482573726541555,0.6353887399463807,2.117962466487936,479,0.0,Sufficient
84969,ASSORTED COLOUR SET 6 TEASPOONS,369,1568.25,0.9892761394101875,6.924932975871314,2.967828418230563,9.892761394101877,23,0.0,Sufficient
84970L,SINGLE HEART ZINC T-LIGHT HOLDER,10882,9707.18,29.17426273458445,204.21983914209116,87.52278820375335,291.7426273458445,464,0.0,Sufficient
84970S,HANGING HEART ZINC T-LIGHT HOLDER,17235,13229.73,46.206434316353885,323.4450402144772,138.61930294906165,462.06434316353887,238,224.0643431635389,Reorder
84971L,LARGE HEART FLOWERS HOOK   ,568,680.36,1.522788203753351,10.659517426273458,4.568364611260053,15.227882037533512,95,0.0,Sufficient
84971S,SMALL HEART FLOWERS HOOK ,4639,3761.71,12.436997319034852,87.05898123324397,37.31099195710456,124.36997319034852,142,0.0,Sufficient
84972L,GIANT PINK HEART MEMO HOLDER,112,442.4,0.3002680965147453,2.101876675603217,0.900804289544236,3.0026809651474524,192,0.0,Sufficient
84974,S/2 ZINC HEART DESIGN PLANTERS,50,491.5,0.1340482573726541,0.9383378016085792,0.4021447721179625,1.3404825737265416,395,0.0,Sufficient
84975,HEART SHAPED MIRROR,1923,3041.07,5.155495978552279,36.08847184986595,15.466487935656836,51.55495978552278,71,0.0,Sufficient
84976,RECTANGULAR SHAPED MIRROR,150,236.22000000000003,0.4021447721179624,2.8150134048257374,1.206434316353887,4.021447721179625,228,0.0,Sufficient
84977,WIRE FLOWER T-LIGHT HOLDER,220,275.0,0.5898123324396782,4.128686327077748,1.7694369973190347,5.898123324396783,414,0.0,Sufficient
84978,HANGING HEART JAR T-LIGHT HOLDER,8177,9572.59,21.92225201072386,153.455764075067,65.76675603217157,219.22252010723855,255,0.0,Sufficient
84984A,GREEN PEONY DES C/COVER,246,361.9,0.6595174262734584,4.616621983914209,1.9785522788203755,6.595174262734584,239,0.0,Sufficient
84984B,RED PEONY DES C/COVER ,305,462.25,0.8176943699731903,5.7238605898123325,2.453083109919571,8.176943699731904,88,0.0,Sufficient
84984C,ORIENTAL BLUE C/COVER ,227,341.55,0.6085790884718498,4.260053619302949,1.8257372654155493,6.085790884718498,158,0.0,Sufficient
84984D,ORIENTAL RED C/COVER ,139,267.55,0.3726541554959786,2.60857908847185,1.1179624664879355,3.726541554959786,147,0.0,Sufficient
84985A,SET OF 72 GREEN PAPER DOILIES,545,790.25,1.4611260053619304,10.227882037533512,4.383378016085791,14.611260053619304,480,0.0,Sufficient
84985B,SET OF 72 BLACK PAPER DOILIES ,122,176.89999999999998,0.3270777479892761,2.289544235924933,0.9812332439678284,3.270777479892762,323,0.0,Sufficient
84986B,SET OF 36 SILVER PAPER DOILIES,415,601.75,1.1126005361930296,7.7882037533512065,3.3378016085790887,11.126005361930297,385,0.0,Sufficient
84987,SET OF 36 TEATIME PAPER DOILIES,4913,6947.25,13.171581769436996,92.20107238605898,39.51474530831099,131.71581769436995,432,0.0,Sufficient
84988,SET OF 72 PINK HEART PAPER DOILIES,3718,5274.37,9.967828418230564,69.77479892761394,29.90348525469169,99.67828418230565,398,0.0,Sufficient
84989A,75 GREEN FAIRY CAKE CASES,2039,1012.25,5.466487935656836,38.265415549597854,16.39946380697051,54.66487935656836,74,0.0,Sufficient
84989B,75 BLACK FAIRY CAKE CASES,985,479.35,2.640750670241287,18.485254691689008,7.922252010723861,26.407506702412867,22,4.407506702412867,Reorder
84990,60 GOLD AND SILVER FAIRY CAKE CASES,4199,2005.13,11.257372654155496,78.80160857908848,33.77211796246649,112.57372654155498,222,0.0,Sufficient
84991,60 TEATIME FAIRY CAKE CASES,35656,17436.3,95.59249329758713,669.1474530831099,286.7774798927614,955.9249329758712,483,472.92493297587134,Reorder
84992,72 SWEETHEART FAIRY CAKE CASES,21183,10077.92,56.79088471849866,397.5361930294906,170.37265415549598,567.9088471849866,251,316.9088471849866,Reorder
84993A,75 GREEN PETIT FOUR CASES,1063,446.46,2.8498659517426272,19.94906166219839,8.549597855227882,28.49865951742627,222,0.0,Sufficient
84993B,75 BLACK PETIT FOUR CASES,477,200.34,1.2788203753351206,8.951742627345844,3.8364611260053616,12.788203753351205,190,0.0,Sufficient
84997A,GREEN 3 PIECE MINI DOTS CUTLERY SET,2644,9501.36,7.088471849865952,49.61930294906166,21.26541554959785,70.88471849865951,347,0.0,Sufficient
84997B,RED 3 PIECE MINI DOTS CUTLERY SET,4989,18075.57,13.375335120643433,93.62734584450402,40.1260053619303,133.75335120643433,494,0.0,Sufficient
84997C,BLUE 3 PIECE MINI DOTS CUTLERY SET,4892,17683.68,13.115281501340483,91.80697050938338,39.34584450402145,131.15281501340482,182,0.0,Sufficient
84997D,PINK 3 PIECE MINI DOTS CUTLERY SET,5450,19606.62,14.611260053619302,102.27882037533512,43.83378016085791,146.112600536193,169,0.0,Sufficient
85006,SET 4 NURSERY DES ROUND BOXES,2992,1223.2,8.021447721179625,56.15013404825737,24.064343163538872,80.21447721179624,173,0.0,Sufficient
85007,SET OF 3 VINTAGE TEA TIME BOXES,139,376.35,0.3726541554959786,2.60857908847185,1.1179624664879355,3.726541554959786,474,0.0,Sufficient
85008,SET OF 3 CONEY ISLAND OVAL BOXES,250,920.7,0.6702412868632708,4.691689008042896,2.0107238605898123,6.702412868632708,492,0.0,Sufficient
85014A,BLACK/BLUE DOTS RUFFLED UMBRELLA,3469,15020.95,9.300268096514746,65.10187667560322,27.90080428954424,93.00268096514746,197,0.0,Sufficient
85014B,RED/WHITE DOTS RUFFLED UMBRELLA,4208,19202.0,11.281501340482574,78.97050938337802,33.84450402144772,112.81501340482572,404,0.0,Sufficient
85014C,BLUE/BROWN DOTS RUFFLED UMBRELLA,539,2167.85,1.445040214477212,10.115281501340483,4.335120643431636,14.45040214477212,200,0.0,Sufficient
85014D,PINK/BROWN DOTS RUFFLED UMBRELLA,1912,6607.6,5.126005361930295,35.88203753351206,15.378016085790884,51.260053619302944,414,0.0,Sufficient
85015,SET OF 12  VINTAGE POSTCARD SET,587,676.05,1.5737265415549595,11.016085790884718,4.721179624664879,15.737265415549595,317,0.0,Sufficient
85016,SET OF 6 VINTAGE NOTELETS KIT,934,1013.7,2.5040214477211795,17.528150134048257,7.512064343163539,25.0402144772118,265,0.0,Sufficient
85017A,ENVELOPE 50 ROMANTIC IMAGES,918,594.54,2.46112600536193,17.22788203753351,7.383378016085791,24.611260053619304,192,0.0,Sufficient
85017B,ENVELOPE 50 BLOSSOM IMAGES,912,589.4399999999999,2.445040214477212,17.115281501340483,7.335120643431635,24.45040214477212,126,0.0,Sufficient
85017C,ENVELOPE 50 CURIOUS IMAGES,887,568.1899999999999,2.3780160857908847,16.646112600536192,7.134048257372655,23.780160857908847,291,0.0,Sufficient
85018A,S/6 PAPER BOXES ROMANTIC IMAGES,15,63.75,0.0402144772117962,0.2815013404825737,0.1206434316353887,0.4021447721179624,205,0.0,Sufficient
85018B,S/6 PAPER BOXES BLOSSOM IMAGES ,15,63.75,0.0402144772117962,0.2815013404825737,0.1206434316353887,0.4021447721179624,43,0.0,Sufficient
85018C,S/6 PAPER BOXES CURIOUS IMAGES ,36,127.2,0.0965147453083109,0.675603217158177,0.2895442359249329,0.96514745308311,61,0.0,Sufficient
85018D,YULETIDE IMAGES S/6 PAPER BOXES,759,893.85,2.03485254691689,14.24396782841823,6.10455764075067,20.348525469168894,121,0.0,Sufficient
85019A,ROMANTIC IMAGES NOTEBOOK SET,234,346.5,0.6273458445040214,4.39142091152815,1.8820375335120645,6.273458445040214,261,0.0,Sufficient
85019B,BLOSSOM  IMAGES NOTEBOOK SET,206,299.5,0.5522788203753352,3.865951742627346,1.6568364611260056,5.522788203753352,91,0.0,Sufficient
85019C,CURIOUS  IMAGES NOTEBOOK SET,243,384.75,0.6514745308310992,4.560321715817694,1.9544235924932976,6.514745308310991,241,0.0,Sufficient
85020,ROUND PINK HEART MIRROR,156,327.6,0.4182305630026809,2.927613941018767,1.2546916890080428,4.18230563002681,236,0.0,Sufficient
85023A,CRYSTAL LARGE JEWELLED PHOTO FRAME,22,56.1,0.0589812332439678,0.4128686327077748,0.1769436997319035,0.5898123324396782,242,0.0,Sufficient
85023B,EAU DE NILE JEWELLED PHOTOFRAME,188,447.0,0.5040214477211796,3.528150134048257,1.512064343163539,5.040214477211796,230,0.0,Sufficient
85023C,PINK LARGE JEWELED PHOTOFRAME,23,58.64999999999999,0.0616621983914209,0.4316353887399464,0.1849865951742627,0.6166219839142091,445,0.0,Sufficient
85024A,CRYSTAL SMALL JEWELLED PHOTOFRAME,1,1.65,0.002680965147453,0.0187667560321715,0.0080428954423592,0.0268096514745308,422,0.0,Sufficient
85024B,EAU DE NILE JEWELLED PHOTOFRAME,25,41.25,0.067024128686327,0.4691689008042896,0.2010723860589812,0.6702412868632708,431,0.0,Sufficient
85024C,PINK SMALL JEWELLED PHOTOFRAME,88,145.2,0.2359249329758713,1.6514745308310992,0.707774798927614,2.359249329758713,51,0.0,Sufficient
85025B,EAU DE NILE HEART SHAPE PHOTO FRAME,222,366.3,0.5951742627345844,4.166219839142091,1.7855227882037532,5.951742627345844,30,0.0,Sufficient
85025C,PINK HEART SHAPE PHOTO FRAME,341,562.65,0.9142091152815014,6.39946380697051,2.7426273458445043,9.142091152815016,51,0.0,Sufficient
85026B,EAU DE NILE JEWELLED T-LIGHT HOLDER,96,81.6,0.257372654155496,1.801608579088472,0.772117962466488,2.57372654155496,406,0.0,Sufficient
85027L,FRENCH CHATEAU LARGE PLATTER ,121,385.95,0.324396782841823,2.2707774798927614,0.9731903485254692,3.2439678284182305,122,0.0,Sufficient
85028L,FRENCH CHATEAU LARGE FRUIT BOWL ,259,602.25,0.6943699731903485,4.86058981233244,2.0831099195710454,6.943699731903485,114,0.0,Sufficient
85028S,FRENCH CHATEAU SMALL FRUITBOWL,405,595.0500000000001,1.0857908847184987,7.600536193029491,3.257372654155496,10.857908847184987,201,0.0,Sufficient
85030,FRENCH CHATEAU OVAL PLATTER,196,502.2,0.5254691689008043,3.6782841823056303,1.576407506702413,5.254691689008043,26,0.0,Sufficient
85031A,ROMANTIC IMAGES SCRAP BOOK SET,370,588.3,0.9919571045576407,6.943699731903485,2.975871313672922,9.919571045576408,129,0.0,Sufficient
85031B,BLOSSOM IMAGES SCRAP BOOK SET,407,593.85,1.0911528150134049,7.638069705093834,3.2734584450402147,10.911528150134048,402,0.0,Sufficient
85031C,CURIOUS IMAGES SCRAP BOOK SET,340,528.6,0.9115281501340484,6.3806970509383385,2.734584450402145,9.115281501340483,434,0.0,Sufficient
85032A,ROMANTIC IMAGES GIFT WRAP SET,652,534.0,1.7479892761394102,12.235924932975871,5.243967828418231,17.4798927613941,138,0.0,Sufficient
85032B,BLOSSOM IMAGES GIFT WRAP SET,190,190.2,0.5093833780160858,3.5656836461126007,1.5281501340482575,5.093833780160859,139,0.0,Sufficient
85032C,CURIOUS IMAGES GIFT WRAP SET,204,219.6,0.546916890080429,3.828418230563003,1.640750670241287,5.46916890080429,69,0.0,Sufficient
85032D,YULETIDE IMAGES GIFT WRAP SET,410,662.76,1.099195710455764,7.694369973190349,3.297587131367292,10.991957104557642,57,0.0,Sufficient
85033G,SET/6 GOLD REINDEER T-LIGHT CANDLES,201,225.55,0.5388739946380697,3.772117962466488,1.616621983914209,5.3887399463806975,38,0.0,Sufficient
85033S,SET/6 SILVER REINDEER T-LIGHTS,242,252.2,0.6487935656836461,4.541554959785523,1.9463806970509383,6.487935656836461,106,0.0,Sufficient
85034A,3 GARDENIA MORRIS BOXED CANDLES,339,1343.07,0.9088471849865952,6.361930294906166,2.726541554959786,9.088471849865952,19,0.0,Sufficient
85034B,3 WHITE CHOC MORRIS BOXED CANDLES,233,909.29,0.6246648793565683,4.372654155495979,1.873994638069705,6.246648793565684,251,0.0,Sufficient
85034C,3 ROSE MORRIS BOXED CANDLES,174,689.34,0.4664879356568364,3.265415549597855,1.3994638069705094,4.664879356568365,323,0.0,Sufficient
85035A,GARDENIA 3 WICK MORRIS BOXED CANDLE,362,1473.38,0.970509383378016,6.793565683646112,2.911528150134048,9.70509383378016,453,0.0,Sufficient
85035B,CHOCOLATE 3 WICK MORRIS BOX CANDLE,368,1464.12,0.9865951742627346,6.906166219839142,2.959785522788204,9.865951742627344,241,0.0,Sufficient
85035C,ROSE 3 WICK MORRIS BOX CANDLE,219,907.87,0.5871313672922251,4.109919571045576,1.7613941018766754,5.871313672922251,286,0.0,Sufficient
85036A,GARDENIA 1 WICK MORRIS BOXED CANDLE,409,1674.89,1.096514745308311,7.675603217158177,3.289544235924933,10.96514745308311,293,0.0,Sufficient
85036B,CHOCOLATE 1 WICK MORRIS BOX CANDLE,242,969.98,0.6487935656836461,4.541554959785523,1.9463806970509383,6.487935656836461,212,0.0,Sufficient
85036C,ROSE 1 WICK MORRIS BOXED CANDLE,139,574.91,0.3726541554959786,2.60857908847185,1.1179624664879355,3.726541554959786,256,0.0,Sufficient
85038,6 CHOCOLATE LOVE HEART T-LIGHTS,1599,3153.48,4.28686327077748,30.00804289544236,12.86058981233244,42.86863270777479,299,0.0,Sufficient
85039A,SET/4 RED MINI ROSE CANDLE IN BOWL,674,512.1,1.806970509383378,12.648793565683649,5.420911528150135,18.069705093833782,273,0.0,Sufficient
85039B,S/4 IVORY MINI ROSE CANDLE IN BOWL,769,826.77,2.0616621983914207,14.431635388739943,6.184986595174262,20.616621983914207,452,0.0,Sufficient
85039C,S/4 BLACK MINI ROSE CANDLE IN BOWL,195,144.63,0.5227882037533512,3.6595174262734576,1.5683646112600536,5.227882037533512,223,0.0,Sufficient
85040A,S/4 PINK FLOWER CANDLES IN BOWL,1100,1786.2,2.949061662198392,20.64343163538874,8.847184986595174,29.490616621983914,209,0.0,Sufficient
85040B,SET/4 BLUE FLOWER CANDLES IN BOWL,2292,3501.0,6.144772117962466,43.01340482573726,18.4343163538874,61.44772117962466,442,0.0,Sufficient
85041,SET/4 PINK ORCHID CANDLES IN BOWL,1818,2397.78,4.873994638069705,34.11796246648794,14.621983914209116,48.739946380697056,88,0.0,Sufficient
85042,ANTIQUE LILY FAIRY LIGHTS,2668,12081.0,7.152815013404826,50.06970509383378,21.45844504021448,71.52815013404826,410,0.0,Sufficient
85043,RED HEART CANDY POP LIGHTS,1,4.95,0.002680965147453,0.0187667560321715,0.0080428954423592,0.0268096514745308,453,0.0,Sufficient
85044,RED REINDEER STRING OF 20 LIGHTS,131,605.75,0.3512064343163539,2.4584450402144773,1.0536193029490617,3.512064343163539,352,0.0,Sufficient
85045,GREEN CHRISTMAS TREE STRING 20LIGHT,421,1941.15,1.128686327077748,7.9008042895442365,3.386058981233244,11.28686327077748,353,0.0,Sufficient
85047,WHITE BEADED GARLAND STRING 20LIGHT,991,6024.05,2.6568364611260056,18.59785522788204,7.970509383378017,26.56836461126006,182,0.0,Sufficient
85048,15CM CHRISTMAS GLASS BALL 20 LIGHTS,1314,9669.3,3.5227882037533518,24.65951742627346,10.568364611260057,35.22788203753352,476,0.0,Sufficient
85049A,TRADITIONAL CHRISTMAS RIBBONS,3063,3774.03,8.211796246648793,57.48257372654155,24.63538873994638,82.11796246648794,78,4.117962466487938,Reorder
85049B,LUSH GREENS RIBBONS,2044,2525.36,5.479892761394102,38.35924932975871,16.439678284182307,54.79892761394102,425,0.0,Sufficient
85049C,ROMANTIC PINKS RIBBONS ,1767,2206.47,4.737265415549598,33.160857908847184,14.211796246648795,47.37265415549598,437,0.0,Sufficient
85049D,BRIGHT BLUES RIBBONS ,1788,2207.64,4.793565683646112,33.55495978552278,14.380697050938338,47.93565683646112,458,0.0,Sufficient
85049E,SCANDINAVIAN REDS RIBBONS,3358,4142.78,9.002680965147453,63.01876675603217,27.00804289544236,90.02680965147454,96,0.0,Sufficient
85049F,BABY BOOM RIBBONS ,1723,2126.39,4.619302949061662,32.33512064343164,13.857908847184987,46.193029490616624,110,0.0,Sufficient
85049G,CHOCOLATE BOX RIBBONS ,2245,2724.17,6.018766756032171,42.1313672922252,18.056300268096518,60.187667560321714,17,43.187667560321714,Reorder
85049H,URBAN BLACK RIBBONS ,1188,1144.08,3.184986595174262,22.29490616621984,9.554959785522788,31.84986595174263,342,0.0,Sufficient
85050,FRENCH ENAMEL SOAP DISH WITH LID,48,100.8,0.128686327077748,0.900804289544236,0.386058981233244,1.28686327077748,209,0.0,Sufficient
85053,FRENCH ENAMEL CANDLEHOLDER,305,581.87,0.8176943699731903,5.7238605898123325,2.453083109919571,8.176943699731904,96,0.0,Sufficient
85054,FRENCH ENAMEL POT W LID,296,862.4000000000001,0.7935656836461126,5.554959785522788,2.3806970509383376,7.935656836461126,52,0.0,Sufficient
85055,FRENCH ENAMEL UTENSIL HOLDER,288,1041.6,0.7721179624664879,5.404825737265416,2.316353887399464,7.721179624664879,394,0.0,Sufficient
85059,FRENCH ENAMEL WATER BASIN,247,887.85,0.6621983914209115,4.6353887399463805,1.9865951742627344,6.621983914209115,118,0.0,Sufficient
85060,WOOD FAN WITH FLOWER DESIGN,1391,1638.43,3.729222520107239,26.10455764075067,11.187667560321715,37.292225201072384,444,0.0,Sufficient
85061W,WHITE JEWELLED HEART DECORATION,3962,3181.22,10.621983914209116,74.35388739946382,31.865951742627345,106.21983914209116,417,0.0,Sufficient
85062,PEARL CRYSTAL PUMPKIN T-LIGHT HLDR,2358,3705.9,6.32171581769437,44.25201072386059,18.965147453083112,63.217158176943705,492,0.0,Sufficient
85063,CREAM SWEETHEART MAGAZINE RACK,275,4455.25,0.7372654155495979,5.160857908847185,2.211796246648793,7.372654155495979,161,0.0,Sufficient
85064,CREAM SWEETHEART LETTER RACK,1518,6788.62,4.06970509383378,28.48793565683646,12.20911528150134,40.6970509383378,26,14.697050938337796,Reorder
85065,CREAM SWEETHEART TRAYS,582,6734.5,1.5603217158176943,10.92225201072386,4.680965147453083,15.603217158176944,142,0.0,Sufficient
85066,CREAM SWEETHEART MINI CHEST,1281,15186.31,3.4343163538873998,24.040214477211794,10.302949061662195,34.343163538873995,157,0.0,Sufficient
85067,CREAM SWEETHEART WALL CABINET,471,7398.309999999999,1.262734584450402,8.839142091152814,3.7882037533512074,12.62734584450402,286,0.0,Sufficient
85068,CREAM SWEETHEART SHELF + HOOKS,922,6097.56,2.4718498659517425,17.302949061662197,7.415549597855227,24.718498659517422,241,0.0,Sufficient
85069,CREAM SWEETHEART DOUBLE SHELF,3,50.85,0.0080428954423592,0.0563002680965147,0.0241286863270777,0.0804289544235924,323,0.0,Sufficient
85070,ANT WHITE SWEETHEART TABLE W 3 DRAW,3,320.0,0.0080428954423592,0.0563002680965147,0.0241286863270777,0.0804289544235924,424,0.0,Sufficient
85071A,BLUE CHARLIE+LOLA PERSONAL DOORSIGN,869,841.31,2.329758713136729,16.308310991957104,6.989276139410188,23.29758713136729,375,0.0,Sufficient
85071B,RED CHARLIE+LOLA PERSONAL DOORSIGN,1142,644.7,3.0616621983914207,21.431635388739945,9.184986595174262,30.616621983914207,237,0.0,Sufficient
85071C,"CHARLIE+LOLA""EXTREMELY BUSY"" SIGN",596,371.34,1.5978552278820377,11.184986595174262,4.793565683646112,15.978552278820374,148,0.0,Sufficient
85071D,CHARLIE+LOLA MY ROOM DOOR SIGN,482,291.66,1.292225201072386,9.045576407506704,3.876675603217158,12.92225201072386,445,0.0,Sufficient
85072,OCCASIONS GIFT CARD ASSORTMENT,120,66.0,0.3217158176943699,2.252010723860589,0.96514745308311,3.217158176943699,408,0.0,Sufficient
85078,SCANDINAVIAN 3 HEARTS NAPKIN RING,322,209.3,0.8632707774798928,6.042895442359249,2.5898123324396782,8.632707774798927,220,0.0,Sufficient
85079,EMBROIDERED REINDEER DECORATION,18,28.0,0.0482573726541554,0.3378016085790885,0.1447721179624664,0.4825737265415549,400,0.0,Sufficient
85080,PADDED RED HEART DECORATION,113,55.76,0.3029490616621983,2.1206434316353886,0.9088471849865952,3.029490616621984,37,0.0,Sufficient
85081,PADDED HOLLY CHRISTMAS DECORATION ,100,44.49,0.2680965147453083,1.8766756032171583,0.804289544235925,2.680965147453083,60,0.0,Sufficient
85083,KISS REINDEER SCANDINAVIAN STOCKING,5,12.749999999999998,0.0134048257372654,0.0938337801608579,0.0402144772117962,0.1340482573726541,451,0.0,Sufficient
85084,HOLLY TOP CHRISTMAS STOCKING,588,540.12,1.5764075067024128,11.03485254691689,4.729222520107238,15.764075067024129,270,0.0,Sufficient
85086A,CANDY SPOT HEART DECORATION,351,298.35,0.941018766756032,6.5871313672922245,2.8230563002680964,9.41018766756032,270,0.0,Sufficient
85087,CANDY SPOT CUSHION COVER,73,205.75000000000003,0.195710455764075,1.3699731903485255,0.5871313672922251,1.9571045576407504,359,0.0,Sufficient
85088,CANDY SPOT HAND BAG,85,178.5,0.227882037533512,1.5951742627345846,0.6836461126005362,2.278820375335121,361,0.0,Sufficient
85089,CANDY SPOT BUNNY,74,211.1,0.1983914209115281,1.388739946380697,0.5951742627345844,1.9839142091152813,17,0.0,Sufficient
85090,CANDY SPOT APRON,82,381.3,0.2198391420911528,1.5388739946380698,0.6595174262734584,2.1983914209115283,329,0.0,Sufficient
85091,CANDY SPOT BREAD BASKETS,337,487.35,0.903485254691689,6.324396782841824,2.7104557640750677,9.034852546916891,147,0.0,Sufficient
85092,CANDY SPOT TEA COSY,347,494.65,0.9302949061662198,6.512064343163539,2.7908847184986594,9.3029490616622,47,0.0,Sufficient
85093,CANDY SPOT EGG WARMER HARE,593,465.25,1.5898123324396782,11.128686327077748,4.769436997319035,15.898123324396783,120,0.0,Sufficient
85094,CANDY SPOT EGG WARMER RABBIT,108,88.68,0.289544235924933,2.026809651474531,0.8686327077747991,2.89544235924933,489,0.0,Sufficient
85095,THREE CANVAS LUGGAGE TAGS,25,17.55,0.067024128686327,0.4691689008042896,0.2010723860589812,0.6702412868632708,377,0.0,Sufficient
85096,HILDA CANDY SPOT RABBIT,122,457.5,0.3270777479892761,2.289544235924933,0.9812332439678284,3.270777479892762,229,0.0,Sufficient
85097B,BLUE ROCKING SINGING CANARY,101,378.75,0.2707774798927614,1.89544235924933,0.8123324396782843,2.7077747989276144,346,0.0,Sufficient
85098B,BLUE FLYING SINGING CANARY,328,1172.4,0.8793565683646113,6.155495978552279,2.6380697050938338,8.793565683646113,232,0.0,Sufficient
85099B,JUMBO BAG RED WHITE SPOTTY ,48731,85257.45,130.64611260053618,914.5227882037532,391.93833780160855,1306.4611260053618,145,1161.4611260053618,Reorder
85099C,JUMBO  BAG BAROQUE BLACK WHITE,16580,29349.0,44.45040214477212,311.15281501340485,133.35120643431637,444.5040214477213,265,179.50402144772124,Reorder
85099F,JUMBO BAG STRAWBERRY,19275,33926.25,51.67560321715818,361.7292225201072,155.02680965147454,516.7560321715818,369,147.75603217158175,Reorder
85103, SILVER T-LIGHT SETTING,157,998.15,0.420911528150134,2.9463806970509383,1.262734584450402,4.20911528150134,418,0.0,Sufficient
85104,SILVER GLASS T-LIGHT SET,139,410.05000000000007,0.3726541554959786,2.60857908847185,1.1179624664879355,3.726541554959786,338,0.0,Sufficient
85106,CUT GLASS HEXAGON T-LIGHT HOLDER,496,941.14,1.3297587131367292,9.308310991957104,3.989276139410188,13.29758713136729,459,0.0,Sufficient
85107,CUT GLASS T-LIGHT HOLDER OCTAGON,940,1637.46,2.520107238605898,17.640750670241285,7.560321715817694,25.20107238605898,472,0.0,Sufficient
85109,PINK BOUDOIR T-LIGHT HOLDER,4191,451.9500000000001,11.235924932975871,78.6514745308311,33.707774798927616,112.35924932975873,443,0.0,Sufficient
85110,BLACK SILVER FLOWER T-LIGHT HOLDER,11512,1124.68,30.86327077747989,216.04289544235925,92.58981233243968,308.6327077747989,460,0.0,Sufficient
85111,SILVER GLITTER FLOWER VOTIVE HOLDER,1489,478.85,3.991957104557641,27.94369973190349,11.975871313672922,39.9195710455764,58,0.0,Sufficient
85112,S/3 TEAR DROP CUT GLASS DECORATION,429,320.25,1.1501340482573728,8.05093833780161,3.4504021447721183,11.501340482573728,301,0.0,Sufficient
85113,POLKA DOT PISTACHIO PAIL,279,566.22,0.7479892761394102,5.235924932975872,2.2439678284182305,7.479892761394102,391,0.0,Sufficient
85114A,BLACK ENCHANTED FOREST PLACEMAT,720,1104.0,1.93029490616622,13.51206434316354,5.79088471849866,19.3029490616622,333,0.0,Sufficient
85114B,IVORY ENCHANTED FOREST PLACEMAT,1390,2181.5,3.726541554959785,26.0857908847185,11.179624664879356,37.265415549597854,87,0.0,Sufficient
85114C,RED ENCHANTED FOREST PLACEMAT,544,885.6,1.4584450402144773,10.20911528150134,4.375335120643432,14.584450402144771,114,0.0,Sufficient
85115B,S/4 BLACK DISCO PARTITION PANEL,3,12.75,0.0080428954423592,0.0563002680965147,0.0241286863270777,0.0804289544235924,178,0.0,Sufficient
85116,BLACK CANDELABRA T-LIGHT HOLDER,671,660.0600000000001,1.7989276139410189,12.592493297587133,5.396782841823057,17.98927613941019,226,0.0,Sufficient
85117,NIGHTINGALE COATHOOK WHITE,317,493.45,0.8498659517426274,5.949061662198392,2.549597855227882,8.498659517426274,387,0.0,Sufficient
85118,HEART T-LIGHT HOLDER,1955,982.15,5.241286863270777,36.68900804289544,15.723860589812332,52.41286863270777,128,0.0,Sufficient
85119,WATERING CAN SINGLE HOOK PISTACHIO,412,564.12,1.1045576407506703,7.731903485254692,3.313672922252011,11.045576407506704,199,0.0,Sufficient
85121B,RETRO LAUNDRY TUB PINK,60,510.0,0.1608579088471849,1.1260053619302948,0.4825737265415549,1.6085790884718496,264,0.0,Sufficient
85121C,RETRO LAUNDRY TUB PISTACHIO,85,722.5,0.227882037533512,1.5951742627345846,0.6836461126005362,2.278820375335121,379,0.0,Sufficient
85123A,WHITE HANGING HEART T-LIGHT HOLDER,56814,151339.16,152.31635388739946,1066.2144772117963,456.9490616621984,1523.1635388739946,275,1248.1635388739946,Reorder
85124A,PINK JUICY FRUIT PHOTO FRAME,339,843.75,0.9088471849865952,6.361930294906166,2.726541554959786,9.088471849865952,158,0.0,Sufficient
85124B,BLUE JUICY FRUIT PHOTO FRAME,262,651.9,0.7024128686327078,4.916890080428955,2.1072386058981234,7.024128686327078,173,0.0,Sufficient
85124C,GREEN JUICY FRUIT PHOTO FRAME,335,821.85,0.8981233243967829,6.28686327077748,2.6943699731903488,8.981233243967829,149,0.0,Sufficient
85125,SMALL ROUND CUT GLASS CANDLESTICK,140,648.2,0.3753351206434316,2.6273458445040214,1.1260053619302948,3.753351206434316,356,0.0,Sufficient
85126,LARGE ROUND CUTGLASS CANDLESTICK,148,960.6,0.3967828418230563,2.777479892761394,1.1903485254691688,3.967828418230563,497,0.0,Sufficient
85127,SMALL SQUARE CUT GLASS CANDLESTICK,69,341.55,0.1849865951742627,1.2949061662198391,0.5549597855227882,1.849865951742628,267,0.0,Sufficient
85128,PLANTPOT SINGLE HOOK PISTACHIO,165,182.09,0.4423592493297587,3.096514745308311,1.327077747989276,4.423592493297587,383,0.0,Sufficient
85129A,"WHITE PEARL BEADED HEART, SMALL",428,535.0,1.1474530831099197,8.032171581769438,3.4423592493297592,11.474530831099198,278,0.0,Sufficient
85129B,BEADED CRYSTAL HEART GREEN SMALL,129,158.97,0.3458445040214477,2.420911528150134,1.0375335120643432,3.4584450402144773,190,0.0,Sufficient
85129C,BEADED CRYSTAL HEART BLUE SMALL,319,396.47,0.8552278820375335,5.986595174262734,2.5656836461126007,8.552278820375335,169,0.0,Sufficient
85129D,BEADED CRYSTAL HEART PINK SMALL,491,611.47,1.3163538873994638,9.214477211796249,3.949061662198392,13.16353887399464,360,0.0,Sufficient
85130A,BEADED PEARL HEART WHITE LARGE,606,997.5,1.6246648793565683,11.372654155495978,4.873994638069705,16.246648793565683,409,0.0,Sufficient
85130B,BEADED CRYSTAL HEART GREEN LARGE,59,97.35,0.1581769436997319,1.1072386058981234,0.4745308310991957,1.5817694369973192,297,0.0,Sufficient
85130C,BEADED CRYSTAL HEART BLUE  LARGE,172,283.8,0.4611260053619302,3.227882037533512,1.383378016085791,4.611260053619303,297,0.0,Sufficient
85130D,BEADED CRYSTAL HEART PINK LARGE,187,306.15,0.5013404825737265,3.5093833780160857,1.5040214477211795,5.013404825737265,389,0.0,Sufficient
85131A,BEADED PEARL HEART WHITE ON STICK,954,658.26,2.557640750670241,17.903485254691688,7.672922252010723,25.57640750670241,235,0.0,Sufficient
85131B,BEADED CRYSTAL HEART GREEN ON STICK,188,89.8,0.5040214477211796,3.528150134048257,1.512064343163539,5.040214477211796,20,0.0,Sufficient
85131C,BEADED CRYSTAL HEART BLUE ON STICK,235,128.63,0.6300268096514745,4.410187667560321,1.8900804289544235,6.300268096514745,19,0.0,Sufficient
85131D,BEADED CRYSTAL HEART PINK\ON STICK,388,176.6,1.0402144772117965,7.281501340482574,3.120643431635389,10.402144772117964,280,0.0,Sufficient
85132A,CHARLIE + LOLA BISCUITS TINS,733,2963.15,1.96514745308311,13.756032171581769,5.89544235924933,19.6514745308311,282,0.0,Sufficient
85132B,CHARLIE AND LOLA TABLE TINS,382,1544.9,1.0241286863270778,7.168900804289544,3.072386058981233,10.241286863270776,433,0.0,Sufficient
85132C,CHARLIE AND LOLA FIGURES TINS,517,2045.63,1.386058981233244,9.702412868632708,4.158176943699732,13.86058981233244,411,0.0,Sufficient
85135A,YELLOW DRAGONFLY HELICOPTER,61,484.95,0.163538873994638,1.1447721179624666,0.4906166219839142,1.635388739946381,192,0.0,Sufficient
85135B,BLUE DRAGONFLY HELICOPTER,67,532.65,0.1796246648793565,1.257372654155496,0.5388739946380697,1.796246648793566,466,0.0,Sufficient
85135C,RED DRAGONFLY HELICOPTER,29,230.55,0.0777479892761394,0.5442359249329758,0.2332439678284182,0.777479892761394,162,0.0,Sufficient
85136A,YELLOW SHARK HELICOPTER,47,373.65,0.1260053619302949,0.8820375335120644,0.3780160857908847,1.260053619302949,497,0.0,Sufficient
85136B,BLUE SHARK HELICOPTER,47,373.65,0.1260053619302949,0.8820375335120644,0.3780160857908847,1.260053619302949,324,0.0,Sufficient
85136C,RED SHARK HELICOPTER,96,763.2,0.257372654155496,1.801608579088472,0.772117962466488,2.57372654155496,343,0.0,Sufficient
85141,JARDIN ETCHED GLASS FRUITBOWL,61,655.75,0.163538873994638,1.1447721179624666,0.4906166219839142,1.635388739946381,133,0.0,Sufficient
85142,JARDIN ETCHED GLASS GINGER JAR,50,397.5,0.1340482573726541,0.9383378016085792,0.4021447721179625,1.3404825737265416,482,0.0,Sufficient
85144,JARDIN ETCHED GLASS BUTTER DISH,68,471.4,0.1823056300268096,1.2761394101876675,0.546916890080429,1.8230563002680964,123,0.0,Sufficient
85145,JARDIN ETCHED GLASS LARGE BELL JAR,54,645.3,0.1447721179624665,1.0134048257372654,0.4343163538873995,1.447721179624665,287,0.0,Sufficient
85146,JARDIN ETCHED GLASS SMALL BELL JAR,72,416.4,0.1930294906166219,1.351206434316354,0.5790884718498659,1.93029490616622,423,0.0,Sufficient
85147,JARDIN ETCHED GLASS CANDLEHLDR LONG,61,301.95,0.163538873994638,1.1447721179624666,0.4906166219839142,1.635388739946381,477,0.0,Sufficient
85150,LADIES & GENTLEMEN METAL SIGN,4320,10508.4,11.58176943699732,81.07238605898124,34.74530831099196,115.8176943699732,222,0.0,Sufficient
85151,WELCOME METAL SIGN,44,55.0,0.1179624664879356,0.8257372654155496,0.353887399463807,1.1796246648793565,181,0.0,Sufficient
85152,HAND OVER THE CHOCOLATE   SIGN ,8224,15565.340000000002,22.04825737265416,154.3378016085791,66.14477211796248,220.4825737265416,297,0.0,Sufficient
85159A,"BLACK TEA,COFFEE,SUGAR JARS",7,44.45,0.0187667560321715,0.131367292225201,0.0563002680965147,0.1876675603217157,444,0.0,Sufficient
85159B,"WHITE TEA,COFFEE,SUGAR JARS",16,101.6,0.0428954423592493,0.3002680965147453,0.128686327077748,0.4289544235924932,183,0.0,Sufficient
85160A,WHITE BIRD GARDEN DESIGN MUG,8800,1323.2,23.592493297587133,165.14745308310992,70.77747989276139,235.9249329758713,122,113.92493297587131,Reorder
85160B,BLACK BIRD GARDEN DESIGN MUG,6044,888.76,16.203753351206434,113.42627345844504,48.6112600536193,162.03753351206433,385,0.0,Sufficient
85161,ACRYLIC GEOMETRIC LAMP,15,276.25,0.0402144772117962,0.2815013404825737,0.1206434316353887,0.4021447721179624,414,0.0,Sufficient
85162A,SILVER RETRODISC LAMPSHADE,605,1211.75,1.6219839142091153,11.353887399463806,4.865951742627345,16.219839142091153,492,0.0,Sufficient
85162B,BLACK RETRODISC LAMPSHADE,977,1905.15,2.6193029490616624,18.33512064343164,7.857908847184987,26.193029490616624,131,0.0,Sufficient
85162C,WHITE RETRODISC LAMPSHADE,898,1775.1,2.4075067024128685,16.85254691689008,7.222520107238605,24.075067024128685,41,0.0,Sufficient
85163A,WHITE BAROQUE WALL CLOCK ,34,422.7,0.0911528150134048,0.6380697050938338,0.2734584450402145,0.9115281501340482,231,0.0,Sufficient
85163B,BLACK BAROQUE WALL CLOCK ,24,306.0,0.064343163538874,0.450402144772118,0.193029490616622,0.6434316353887399,128,0.0,Sufficient
85164B,BLACK BAROQUE CUCKOO CLOCK,113,1134.75,0.3029490616621983,2.1206434316353886,0.9088471849865952,3.029490616621984,48,0.0,Sufficient
85165,CANDY PINK FRENCH BOUDOIR CLOCK,16,159.2,0.0428954423592493,0.3002680965147453,0.128686327077748,0.4289544235924932,277,0.0,Sufficient
85166A,WHITE METAL BAROQUE PHOTO FRAME,72,120.0,0.1930294906166219,1.351206434316354,0.5790884718498659,1.93029490616622,242,0.0,Sufficient
85166B,BLACK METAL BAROQUE PHOTO FRAME,501,798.75,1.3431635388739946,9.402144772117962,4.029490616621984,13.431635388739943,440,0.0,Sufficient
85167A,WHITE GRAND BAROQUE PHOTO FRAME,174,379.5,0.4664879356568364,3.265415549597855,1.3994638069705094,4.664879356568365,27,0.0,Sufficient
85167B,BLACK GRAND BAROQUE PHOTO FRAME,669,1315.65,1.793565683646113,12.554959785522788,5.380697050938338,17.935656836461128,158,0.0,Sufficient
85168A,WHITE BAROQUE CARRIAGE CLOCK,22,218.9,0.0589812332439678,0.4128686327077748,0.1769436997319035,0.5898123324396782,406,0.0,Sufficient
85168B,BLACK BAROQUE CARRIAGE CLOCK,20,199.0,0.0536193029490616,0.3753351206434316,0.1608579088471849,0.5361930294906166,158,0.0,Sufficient
85169A,IVORY LOVE BIRD CANDLE,439,537.35,1.1769436997319034,8.238605898123323,3.5308310991957104,11.769436997319032,135,0.0,Sufficient
85169B,BLACK LOVE BIRD CANDLE,130,162.5,0.3485254691689008,2.439678284182306,1.0455764075067024,3.4852546916890086,401,0.0,Sufficient
85169C,EAU DE NIL LOVE BIRD CANDLE,61,76.25,0.163538873994638,1.1447721179624666,0.4906166219839142,1.635388739946381,311,0.0,Sufficient
85169D,PINK LOVE BIRD CANDLE,142,177.5,0.3806970509383378,2.6648793565683646,1.1420911528150133,3.806970509383378,369,0.0,Sufficient
85170A,SET/6 IVORY BIRD T-LIGHT CANDLES,799,1378.32,2.1420911528150133,14.994638069705092,6.42627345844504,21.420911528150132,247,0.0,Sufficient
85170B,SET/6 BLACK BIRD T-LIGHT CANDLES,68,137.88,0.1823056300268096,1.2761394101876675,0.546916890080429,1.8230563002680964,144,0.0,Sufficient
85170C,SET/6 EAU DE NIL BIRD T-LIGHTS,180,258.0,0.4825737265415549,3.3780160857908847,1.447721179624665,4.825737265415549,160,0.0,Sufficient
85170D,SET/6 PINK BIRD T-LIGHT CANDLES,220,277.08,0.5898123324396782,4.128686327077748,1.7694369973190347,5.898123324396783,245,0.0,Sufficient
85171,S/2 HYACINTH BULB CANDLES,1,2.55,0.002680965147453,0.0187667560321715,0.0080428954423592,0.0268096514745308,233,0.0,Sufficient
85172,HYACINTH BULB T-LIGHT CANDLES,3058,1218.12,8.198391420911529,57.3887399463807,24.595174262734588,81.98391420911528,212,0.0,Sufficient
85173,SET/6 FROG PRINCE T-LIGHT CANDLES,520,934.8,1.3941018766756033,9.758713136729224,4.18230563002681,13.941018766756034,265,0.0,Sufficient
85174,S/4 CACTI CANDLES,847,3894.45,2.2707774798927614,15.89544235924933,6.8123324396782845,22.707774798927616,95,0.0,Sufficient
85175,CACTI T-LIGHT CANDLES,10389,4177.14,27.85254691689008,194.96782841823057,83.55764075067025,278.5254691689008,159,119.52546916890084,Reorder
85176,SEWING SUSAN 21 NEEDLE SET,1792,1341.76,4.804289544235925,33.63002680965147,14.412868632707774,48.04289544235924,244,0.0,Sufficient
85177,BASKET OF FLOWERS SEWING KIT,1003,852.55,2.689008042895442,18.823056300268096,8.067024128686327,26.890080428954423,354,0.0,Sufficient
85178,VICTORIAN SEWING KIT,3064,3311.6,8.214477211796247,57.50134048257373,24.64343163538874,82.14477211796246,31,51.14477211796246,Reorder
85179A,GREEN BITTY LIGHT CHAIN,23,106.95,0.0616621983914209,0.4316353887399464,0.1849865951742627,0.6166219839142091,357,0.0,Sufficient
85179B,WHITE BITTY LIGHT CHAIN ,240,1000.08,0.6434316353887399,4.504021447721179,1.93029490616622,6.434316353887398,294,0.0,Sufficient
85179C,PINK BITTY LIGHT CHAIN,8,37.2,0.0214477211796246,0.1501340482573726,0.064343163538874,0.2144772117962466,278,0.0,Sufficient
85180A,RED HEARTS LIGHT CHAIN ,119,533.1899999999999,0.3190348525469169,2.233243967828418,0.9571045576407506,3.190348525469169,475,0.0,Sufficient
85180B,PINK HEARTS LIGHT CHAIN ,83,345.63,0.2225201072386059,1.5576407506702414,0.6675603217158177,2.225201072386059,267,0.0,Sufficient
85183A,CHARLIE & LOLA WASTEPAPER BIN BLUE,840,1389.0,2.25201072386059,15.76407506702413,6.75603217158177,22.520107238605902,38,0.0,Sufficient
85183B,CHARLIE & LOLA WASTEPAPER BIN FLORA,769,1422.75,2.0616621983914207,14.431635388739943,6.184986595174262,20.616621983914207,222,0.0,Sufficient
85184B,SET 4 EASTER DECOUPAGE OVAL BOXES,14,41.3,0.0375335120643431,0.2627345844504021,0.1126005361930294,0.3753351206434315,472,0.0,Sufficient
85184C,S/4 VALENTINE DECOUPAGE HEART BOX,592,1688.8000000000002,1.5871313672922251,11.109919571045577,4.761394101876675,15.871313672922252,445,0.0,Sufficient
85184D,S/4 BLUE ROUND DECOUPAGE BOXES,8294,4445.139999999999,22.23592493297587,155.65147453083108,66.7077747989276,222.35924932975868,292,0.0,Sufficient
85185B,PINK HORSE SOCK PUPPET,279,811.0500000000001,0.7479892761394102,5.235924932975872,2.2439678284182305,7.479892761394102,59,0.0,Sufficient
85185C,COW  SOCK PUPPET,54,159.3,0.1447721179624665,1.0134048257372654,0.4343163538873995,1.447721179624665,104,0.0,Sufficient
85185D,FROG SOCK PUPPET,155,445.25000000000006,0.4155495978552279,2.908847184986595,1.2466487935656836,4.155495978552279,472,0.0,Sufficient
85185E,DUCK SOCK PUPPET,4,11.8,0.0107238605898123,0.0750670241286863,0.032171581769437,0.1072386058981233,416,0.0,Sufficient
85185F,LION SOCK PUPPET,35,103.25,0.0938337801608579,0.6568364611260054,0.2815013404825737,0.938337801608579,97,0.0,Sufficient
85186A,EASTER BUNNY GARLAND OF FLOWERS,825,346.5,2.211796246648793,15.482573726541554,6.6353887399463805,22.11796246648793,53,0.0,Sufficient
85186B,BUNNY BUNCH OF FLOWERS,14,5.88,0.0375335120643431,0.2627345844504021,0.1126005361930294,0.3753351206434315,470,0.0,Sufficient
85186C,BUNNY EGG GARLAND,766,321.72,2.0536193029490617,14.375335120643433,6.160857908847185,20.53619302949061,287,0.0,Sufficient
85187,S/12 MINI RABBIT EASTER,128,211.2,0.3431635388739946,2.4021447721179623,1.029490616621984,3.431635388739946,180,0.0,Sufficient
85188A,GREEN METAL SWINGING BUNNY,602,508.58,1.613941018766756,11.297587131367292,4.841823056300268,16.13941018766756,430,0.0,Sufficient
85188B,PINK METAL SWINGING BUNNY,594,504.9,1.592493297587131,11.14745308310992,4.777479892761394,15.924932975871316,198,0.0,Sufficient
85189,HANGING BUTTERFLY  EGG,1108,901.24,2.9705093833780163,20.793565683646115,8.91152815013405,29.705093833780165,362,0.0,Sufficient
85190,PINK FLOWER HANGING HEART ,133,113.05,0.35656836461126,2.4959785522788205,1.0697050938337802,3.5656836461126007,193,0.0,Sufficient
85192S,HANGING SPRING FLOWER HEART SMALL,3,1.95,0.0080428954423592,0.0563002680965147,0.0241286863270777,0.0804289544235924,12,0.0,Sufficient
85194L,HANGING SPRING FLOWER EGG LARGE,813,653.61,2.1796246648793565,15.257372654155496,6.538873994638069,21.796246648793566,200,0.0,Sufficient
85194S,HANGING SPRING FLOWER EGG SMALL,517,336.05,1.386058981233244,9.702412868632708,4.158176943699732,13.86058981233244,127,0.0,Sufficient
85195,HANGING HEART BASKET,134,242.04,0.3592493297587131,2.5147453083109923,1.0777479892761397,3.592493297587132,28,0.0,Sufficient
85196,EASTER BUNNIES ON A STICK,1536,783.96,4.117962466487936,28.82573726541555,12.353887399463808,41.17962466487936,32,9.179624664879356,Reorder
85197,SET OF 12 MINI BUNNIES IN A BUCKET,1635,888.0600000000001,4.383378016085791,30.68364611260053,13.150134048257373,43.83378016085791,422,0.0,Sufficient
85198,ASSORTED FARMYARD ANIMALS IN BUCKET,3738,1353.18,10.021447721179625,70.15013404825737,30.064343163538872,100.21447721179624,39,61.21447721179624,Reorder
85199L,LARGE HANGING IVORY & RED WOOD BIRD,2467,1551.71,6.613941018766756,46.297587131367294,19.841823056300267,66.13941018766756,304,0.0,Sufficient
85199S,SMALL HANGING IVORY/RED WOOD BIRD,3207,1321.02,8.597855227882038,60.184986595174266,25.793565683646115,85.97855227882039,117,0.0,Sufficient
85200,BUNNY EGG BOX,824,1025.2,2.2091152815013406,15.463806970509385,6.627345844504022,22.09115281501341,376,0.0,Sufficient
85202,HANGING WOOD AND FELT HEART,449,187.14,1.2037533512064342,8.42627345844504,3.6112600536193034,12.037533512064345,290,0.0,Sufficient
85203,HANGING WOOD AND FELT BUTTERFLY ,520,216.96,1.3941018766756033,9.758713136729224,4.18230563002681,13.941018766756034,137,0.0,Sufficient
85204,HANGING WOOD AND FELT FLOWER,279,115.74,0.7479892761394102,5.235924932975872,2.2439678284182305,7.479892761394102,238,0.0,Sufficient
85205A,IVORY FELT EASTER RABBIT GARLAND,66,168.29999999999998,0.1769436997319035,1.2386058981233243,0.5308310991957105,1.7694369973190347,120,0.0,Sufficient
85205B,PINK FELT EASTER RABBIT GARLAND,99,252.45,0.2654155495978552,1.8579088471849867,0.7962466487935658,2.6541554959785527,145,0.0,Sufficient
85206A,CREAM FELT EASTER EGG BASKET,1258,2028.9,3.3726541554959786,23.60857908847185,10.117962466487937,33.72654155495978,371,0.0,Sufficient
85206B,PINK FELT EASTER EGG BASKET,1460,2280.2,3.914209115281501,27.39946380697051,11.742627345844504,39.14209115281501,195,0.0,Sufficient
85208,SET/12 FUNKY FELT FLOWER PEG IN BAG,197,413.7000000000001,0.5281501340482574,3.6970509383378016,1.584450402144772,5.281501340482574,153,0.0,Sufficient
85211,S/4 GROOVY CAT MAGNETS,137,226.05,0.3672922252010724,2.571045576407507,1.1018766756032172,3.672922252010724,81,0.0,Sufficient
85212,MINI PAINTED GARDEN DECORATION ,339,288.15,0.9088471849865952,6.361930294906166,2.726541554959786,9.088471849865952,138,0.0,Sufficient
85213,MINI  ZINC GARDEN DECORATIONS ,461,371.69,1.2359249329758712,8.651474530831099,3.7077747989276135,12.359249329758711,373,0.0,Sufficient
85214,TUB 24 PINK FLOWER PEGS,333,549.45,0.8927613941018767,6.249329758713137,2.6782841823056303,8.927613941018768,270,0.0,Sufficient
85215,ASSORTED CHEESE FRIDGE MAGNETS,599,383.59,1.6058981233243967,11.241286863270776,4.81769436997319,16.058981233243966,12,4.058981233243966,Reorder
85216,ASSORTED CAKES FRIDGE MAGNETS,2747,1716.43,7.3646112600536195,51.552278820375335,22.093833780160857,73.64611260053618,458,0.0,Sufficient
85217,ASSORTED ICE CREAM FRIDGE MAGNETS,2811,1751.91,7.536193029490617,52.75335120643432,22.60857908847185,75.36193029490616,397,0.0,Sufficient
85218,S/5 MINI ICE CREAM FRIDGE MAGNETS,1992,625.1999999999999,5.340482573726542,37.38337801608579,16.021447721179626,53.40482573726542,113,0.0,Sufficient
85220,SMALL FAIRY CAKE FRIDGE MAGNETS,12236,6875.0,32.80428954423593,229.6300268096515,98.41286863270778,328.0428954423593,492,0.0,Sufficient
85221,ASSORTED COLOUR SILK COIN PURSE,3551,1667.59,9.5201072386059,66.64075067024129,28.560321715817697,95.20107238605898,233,0.0,Sufficient
85222,ASSORTED COLOUR SILK COSMETIC PURSE,1394,1535.4,3.7372654155495977,26.160857908847184,11.211796246648792,37.37265415549598,329,0.0,Sufficient
85224,ASSORTED COLOUR SILK GLASSES CASE,1984,1044.84,5.319034852546917,37.233243967828415,15.95710455764075,53.19034852546916,371,0.0,Sufficient
85225,BLING KEY RING STAND,13,16.25,0.03485254691689,0.2439678284182306,0.1045576407506702,0.3485254691689008,363,0.0,Sufficient
85226A,WHITE/BLUE PULL BACK RACING CAR,1658,849.5,4.445040214477212,31.115281501340483,13.335120643431637,44.45040214477212,482,0.0,Sufficient
85226C,BLUE PULL BACK RACING CAR,952,461.2,2.552278820375335,17.865951742627345,7.656836461126005,25.52278820375335,19,6.5227882037533504,Reorder
85227,SET/6 3D KIT CARDS FOR KIDS,1871,1539.9499999999998,5.016085790884718,35.11260053619303,15.048257372654154,50.160857908847184,414,0.0,Sufficient
85230A,OPIUM SCENTED VOTIVE CANDLE,1152,293.76,3.088471849865952,21.619302949061662,9.265415549597854,30.88471849865952,393,0.0,Sufficient
85230B,CINNAMON SCENTED VOTIVE CANDLE,903,248.43,2.420911528150134,16.946380697050937,7.262734584450403,24.20911528150134,311,0.0,Sufficient
85230C,ROSE SCENTED VOTIVE CANDLE,24,6.959999999999999,0.064343163538874,0.450402144772118,0.193029490616622,0.6434316353887399,240,0.0,Sufficient
85230D,VANILLA SCENTED VOTIVE CANDLE,24,6.959999999999999,0.064343163538874,0.450402144772118,0.193029490616622,0.6434316353887399,228,0.0,Sufficient
85230E,STRAWBRY SCENTED VOTIVE CANDLE,1320,353.99999999999994,3.53887399463807,24.77211796246649,10.616621983914207,35.388739946380696,420,0.0,Sufficient
85230F,JASMINE VOTIVE CANDLE,2630,641.74,7.050938337801608,49.356568364611256,21.152815013404823,70.50938337801608,75,0.0,Sufficient
85230G,ORANGE VOTIVE CANDLE,696,182.64,1.8659517426273455,13.06166219839142,5.597855227882038,18.65951742627346,434,0.0,Sufficient
85231B,CINAMMON SET OF 9 T-LIGHTS,1150,977.5,3.0831099195710454,21.58176943699732,9.249329758713136,30.831099195710458,121,0.0,Sufficient
85231E,STRAWBERRY SCENTED SET/9 T-LIGHTS,815,661.55,2.184986595174262,15.29490616621984,6.554959785522788,21.84986595174263,22,0.0,Sufficient
85231G,ORANGE SCENTED SET/9 T-LIGHTS,848,713.0,2.2734584450402147,15.914209115281505,6.820375335120644,22.734584450402146,402,0.0,Sufficient
85231L,LAVENDER SCENTED SET/9 T-LIGHTS,1018,810.6999999999999,2.729222520107238,19.10455764075067,8.187667560321715,27.292225201072384,429,0.0,Sufficient
85232A,SET/3 POLKA DOT STACKING TINS,281,1374.15,0.7533512064343163,5.273458445040214,2.260053619302949,7.533512064343164,95,0.0,Sufficient
85232B,SET/3 RUSSIAN DOLL STACKING TINS,2663,12697.45,7.13941018766756,49.975871313672926,21.41823056300268,71.3941018766756,243,0.0,Sufficient
85232C,RUSSIAN FOLKART STACKING TINS,1,4.95,0.002680965147453,0.0187667560321715,0.0080428954423592,0.0268096514745308,99,0.0,Sufficient
85232D,SET/3 DECOUPAGE STACKING TINS,465,2200.95,1.2466487935656836,8.726541554959786,3.7399463806970505,12.466487935656836,323,0.0,Sufficient
90000A,RASPBERRY ANT COPPER FLOWER NECKLAC,14,83.3,0.0375335120643431,0.2627345844504021,0.1126005361930294,0.3753351206434315,63,0.0,Sufficient
90000B,MIDNIGHT BLUE COPPER FLOWER NECKLAC,11,65.45,0.0294906166219839,0.2064343163538874,0.0884718498659517,0.2949061662198391,21,0.0,Sufficient
90000C,OPAL WHITE/SILVER FLOWER NECKLACE,1,5.95,0.002680965147453,0.0187667560321715,0.0080428954423592,0.0268096514745308,218,0.0,Sufficient
90000D,COPPER/OLIVE GREEN FLOWER NECKLACE,19,113.05,0.0509383378016085,0.35656836461126,0.1528150134048257,0.5093833780160858,471,0.0,Sufficient
90001A,ANTIQUE RASPBERRY FLOWER EARRINGS,2,8.5,0.0053619302949061,0.0375335120643431,0.0160857908847185,0.0536193029490616,23,0.0,Sufficient
90001B,ANTIQUE MID BLUE FLOWER EARRINGS,3,12.75,0.0080428954423592,0.0563002680965147,0.0241286863270777,0.0804289544235924,130,0.0,Sufficient
90001C,ANTIQUE OPAL WHITE FLOWER EARRINGS,4,17.0,0.0107238605898123,0.0750670241286863,0.032171581769437,0.1072386058981233,427,0.0,Sufficient
90001D,ANTIQUE OLIVE GREEN FLOWER EARRINGS,11,46.75,0.0294906166219839,0.2064343163538874,0.0884718498659517,0.2949061662198391,446,0.0,Sufficient
90002A,FLOWER BURST SILVER RING OPAL,36,135.0,0.0965147453083109,0.675603217158177,0.2895442359249329,0.96514745308311,386,0.0,Sufficient
90002B,FLOWER BURST SILVER RING ROSE,18,67.5,0.0482573726541554,0.3378016085790885,0.1447721179624664,0.4825737265415549,29,0.0,Sufficient
90002C,FLOWER BURST SILVER RING MIDN'T BLU,25,93.75,0.067024128686327,0.4691689008042896,0.2010723860589812,0.6702412868632708,84,0.0,Sufficient
90002D,FLOWER BURST SILVER RING CRYSTAL,86,297.5,0.2305630026809651,1.613941018766756,0.6916890080428955,2.3056300268096512,409,0.0,Sufficient
90002E,FLOWER BURST SILVER RING GREEN,15,56.25,0.0402144772117962,0.2815013404825737,0.1206434316353887,0.4021447721179624,252,0.0,Sufficient
90003B,ROSE COLOUR PAIR HEART HAIR SLIDES,18,67.5,0.0482573726541554,0.3378016085790885,0.1447721179624664,0.4825737265415549,232,0.0,Sufficient
90003C,MIDNIGHT BLUE PAIR HEART HAIR SLIDE,13,48.75,0.03485254691689,0.2439678284182306,0.1045576407506702,0.3485254691689008,79,0.0,Sufficient
90003D,CRYSTAL PAIR HEART HAIR SLIDES,17,63.75,0.0455764075067024,0.3190348525469169,0.1367292225201072,0.4557640750670241,321,0.0,Sufficient
90003E,GREEN PAIR HEART HAIR SLIDES,2,7.5,0.0053619302949061,0.0375335120643431,0.0160857908847185,0.0536193029490616,220,0.0,Sufficient
90004A,JADE GREEN PAIR ENAMEL HAIR SLIDES,1,3.75,0.002680965147453,0.0187667560321715,0.0080428954423592,0.0268096514745308,110,0.0,Sufficient
90005A,JADE GREEN ENAMEL HAIR COMB,36,70.2,0.0965147453083109,0.675603217158177,0.2895442359249329,0.96514745308311,195,0.0,Sufficient
90010A,MIDNIGHT BLUE GLASS/SILVER BRACELET,24,208.35,0.064343163538874,0.450402144772118,0.193029490616622,0.6434316353887399,141,0.0,Sufficient
90010B,BLACK/WHITE GLASS/SILVER BRACELET,38,340.1,0.1018766756032171,0.7131367292225201,0.3056300268096514,1.0187667560321716,120,0.0,Sufficient
90010E,AMBER GLASS/SILVER BRACELET,22,190.45,0.0589812332439678,0.4128686327077748,0.1769436997319035,0.5898123324396782,390,0.0,Sufficient
90011A,MIDNIGHT BLUE CRYSTAL DROP EARRINGS,1,2.95,0.002680965147453,0.0187667560321715,0.0080428954423592,0.0268096514745308,141,0.0,Sufficient
90011B,BLACK CRYSTAL DROP EARRINGS,2,5.9,0.0053619302949061,0.0375335120643431,0.0160857908847185,0.0536193029490616,29,0.0,Sufficient
90011C,GREEN CRYSTAL DROP EARRINGS,6,17.700000000000003,0.0160857908847185,0.1126005361930295,0.0482573726541555,0.1608579088471849,403,0.0,Sufficient
90011E,AMBER CRYSTAL DROP EARRINGS,1,2.95,0.002680965147453,0.0187667560321715,0.0080428954423592,0.0268096514745308,33,0.0,Sufficient
90012B,BLACK DROP CRYSTAL NECKLACE,1,9.95,0.002680965147453,0.0187667560321715,0.0080428954423592,0.0268096514745308,236,0.0,Sufficient
90013A,MIDNIGHT BLUE VINTAGE EARRINGS,25,93.75,0.067024128686327,0.4691689008042896,0.2010723860589812,0.6702412868632708,163,0.0,Sufficient
90013B,BLACK VINTAGE EARRINGS,20,75.0,0.0536193029490616,0.3753351206434316,0.1608579088471849,0.5361930294906166,302,0.0,Sufficient
90013C,GREEN VINTAGE EARRINGS ,24,90.0,0.064343163538874,0.450402144772118,0.193029490616622,0.6434316353887399,239,0.0,Sufficient
90013D,PURPLE VINTAGE EARRINGS,34,127.5,0.0911528150134048,0.6380697050938338,0.2734584450402145,0.9115281501340482,478,0.0,Sufficient
90014A,SILVER/MOP ORBIT NECKLACE,20,199.0,0.0536193029490616,0.3753351206434316,0.1608579088471849,0.5361930294906166,319,0.0,Sufficient
90014B,GOLD M PEARL  ORBIT NECKLACE,9,89.55,0.0241286863270777,0.1689008042895442,0.0723860589812332,0.2412868632707774,497,0.0,Sufficient
90014C,SILVER/BLACK ORBIT NECKLACE,19,189.05,0.0509383378016085,0.35656836461126,0.1528150134048257,0.5093833780160858,368,0.0,Sufficient
90016A,SILVER/M.O.P PENDANT ORBIT NECKLACE,8,68.0,0.0214477211796246,0.1501340482573726,0.064343163538874,0.2144772117962466,414,0.0,Sufficient
90016B,GOLD/M.O.P PENDANT ORBIT NECKLACE,13,110.5,0.03485254691689,0.2439678284182306,0.1045576407506702,0.3485254691689008,211,0.0,Sufficient
90016C,SILVER/BLACK PENDANT ORBIT NECKLACE,6,51.0,0.0160857908847185,0.1126005361930295,0.0482573726541555,0.1608579088471849,47,0.0,Sufficient
90018A,SILVER M.O.P ORBIT DROP EARRINGS,16,68.0,0.0428954423592493,0.3002680965147453,0.128686327077748,0.4289544235924932,439,0.0,Sufficient
90018B,GOLD M.O.P ORBIT DROP EARRINGS,8,34.0,0.0214477211796246,0.1501340482573726,0.064343163538874,0.2144772117962466,269,0.0,Sufficient
90018C,SILVER BLACK ORBIT DROP EARRINGS,8,34.0,0.0214477211796246,0.1501340482573726,0.064343163538874,0.2144772117962466,197,0.0,Sufficient
90019A,SILVER M.O.P ORBIT BRACELET,14,69.3,0.0375335120643431,0.2627345844504021,0.1126005361930294,0.3753351206434315,66,0.0,Sufficient
90019B,GOLD M.O.P ORBIT BRACELET,9,44.55,0.0241286863270777,0.1689008042895442,0.0723860589812332,0.2412868632707774,438,0.0,Sufficient
90019C,SILVER BLACK ORBIT BRACELET,6,29.7,0.0160857908847185,0.1126005361930295,0.0482573726541555,0.1608579088471849,29,0.0,Sufficient
90020,FILIGREE DIAMANTE CHAIN,4,51.0,0.0107238605898123,0.0750670241286863,0.032171581769437,0.1072386058981233,282,0.0,Sufficient
90021,LASER CUT MULTI STRAND NECKLACE,4,47.8,0.0107238605898123,0.0750670241286863,0.032171581769437,0.1072386058981233,128,0.0,Sufficient
90023,FILIGREE DIAMANTE EARRINGS,13,55.25,0.03485254691689,0.2439678284182306,0.1045576407506702,0.3485254691689008,80,0.0,Sufficient
90024A,NEW BAROQUE B'FLY NECKLACE BLACK,5,42.5,0.0134048257372654,0.0938337801608579,0.0402144772117962,0.1340482573726541,13,0.0,Sufficient
90024B,NEW BAROQUE B'FLY NECKLACE RED,5,42.5,0.0134048257372654,0.0938337801608579,0.0402144772117962,0.1340482573726541,230,0.0,Sufficient
90024C,NEW BAROQUE B'FLY NECKLACE GREEN,4,34.0,0.0107238605898123,0.0750670241286863,0.032171581769437,0.1072386058981233,23,0.0,Sufficient
90024D,NEW BAROQUE B'FLY NECKLACE PINK,12,102.0,0.032171581769437,0.225201072386059,0.096514745308311,0.3217158176943699,12,0.0,Sufficient
90024E,NEW BAROQUE B'FLY NECKLACE MONTANA,12,102.0,0.032171581769437,0.225201072386059,0.096514745308311,0.3217158176943699,225,0.0,Sufficient
90024F,NEW BAROQUE B'FLY NECKLACE CRYSTAL,1,8.5,0.002680965147453,0.0187667560321715,0.0080428954423592,0.0268096514745308,238,0.0,Sufficient
90025B,BAROQUE BUTTERFLY EARRINGS RED,1,3.75,0.002680965147453,0.0187667560321715,0.0080428954423592,0.0268096514745308,345,0.0,Sufficient
90025C,BAROQUE BUTTERFLY EARRINGS GREEN,2,7.5,0.0053619302949061,0.0375335120643431,0.0160857908847185,0.0536193029490616,195,0.0,Sufficient
90025D,BAROQUE BUTTERFLY EARRINGS PINK,2,7.5,0.0053619302949061,0.0375335120643431,0.0160857908847185,0.0536193029490616,64,0.0,Sufficient
90025E,BAROQUE BUTTERFLY EARRINGS MONTANA,3,11.25,0.0080428954423592,0.0563002680965147,0.0241286863270777,0.0804289544235924,397,0.0,Sufficient
90025F,BAROQUE BUTTERFLY EARRINGS CRYSTAL,1,3.75,0.002680965147453,0.0187667560321715,0.0080428954423592,0.0268096514745308,385,0.0,Sufficient
90026A,GLASS BEAD HOOP NECKLACE BLACK,6,51.0,0.0160857908847185,0.1126005361930295,0.0482573726541555,0.1608579088471849,263,0.0,Sufficient
90026B,GLASS BEAD HOOP NECKLACE MONTANA,5,42.5,0.0134048257372654,0.0938337801608579,0.0402144772117962,0.1340482573726541,33,0.0,Sufficient
90026C,GLASS BEAD HOOP NECKLACE GREEN,4,34.0,0.0107238605898123,0.0750670241286863,0.032171581769437,0.1072386058981233,171,0.0,Sufficient
90026D,GLASS BEAD HOOP NECKLACE AMETHYST,7,59.5,0.0187667560321715,0.131367292225201,0.0563002680965147,0.1876675603217157,167,0.0,Sufficient
90027A,GLASS BEAD HOOP EARRINGS BLACK,2,5.9,0.0053619302949061,0.0375335120643431,0.0160857908847185,0.0536193029490616,91,0.0,Sufficient
90027B,GLASS BEAD HOOP EARRINGS MONTANA,7,20.65,0.0187667560321715,0.131367292225201,0.0563002680965147,0.1876675603217157,412,0.0,Sufficient
90027C,GLASS BEAD HOOP EARRINGS GREEN,4,11.8,0.0107238605898123,0.0750670241286863,0.032171581769437,0.1072386058981233,168,0.0,Sufficient
90027D,GLASS BEAD HOOP EARRINGS AMETHYST,8,23.6,0.0214477211796246,0.1501340482573726,0.064343163538874,0.2144772117962466,197,0.0,Sufficient
90028,NEW BAROQUE LARGE NECKLACE BLK/WHIT,7,59.5,0.0187667560321715,0.131367292225201,0.0563002680965147,0.1876675603217157,69,0.0,Sufficient
90029,NEW BAROQUE SMALL NECKLACE BLACK,18,153.0,0.0482573726541554,0.3378016085790885,0.1447721179624664,0.4825737265415549,412,0.0,Sufficient
90030A,SPOTTED WHITE NATURAL SEED NECKLACE,5,29.75,0.0134048257372654,0.0938337801608579,0.0402144772117962,0.1340482573726541,314,0.0,Sufficient
90030B,RED KUKUI COCONUT SEED NECKLACE,10,59.5,0.0268096514745308,0.1876675603217158,0.0804289544235924,0.2680965147453083,328,0.0,Sufficient
90030C,BROWN KUKUI COCONUT SEED NECKLACE,7,41.65,0.0187667560321715,0.131367292225201,0.0563002680965147,0.1876675603217157,375,0.0,Sufficient
90032,IVORY SHELL HEART NECKLACE,26,162.5,0.0697050938337801,0.4879356568364612,0.2091152815013405,0.6970509383378016,220,0.0,Sufficient
90033,IVORY SHELL HEART EARRINGS,3,7.649999999999999,0.0080428954423592,0.0563002680965147,0.0241286863270777,0.0804289544235924,415,0.0,Sufficient
90034,WHITE SILVER NECKLACE SHELL GLASS,2,19.9,0.0053619302949061,0.0375335120643431,0.0160857908847185,0.0536193029490616,161,0.0,Sufficient
90035A,"PEARL & SHELL 42""NECKL. GREEN",13,139.75,0.03485254691689,0.2439678284182306,0.1045576407506702,0.3485254691689008,118,0.0,Sufficient
90035B,"PEARL & SHELL 42""NECKL. PINK",43,380.89,0.1152815013404825,0.806970509383378,0.3458445040214477,1.1528150134048256,85,0.0,Sufficient
90035C,"PEARL & SHELL 42""NECKL. IVORY",26,279.5,0.0697050938337801,0.4879356568364612,0.2091152815013405,0.6970509383378016,39,0.0,Sufficient
90036A,FLOWER GARLAND NECKLACE RED,15,119.25,0.0402144772117962,0.2815013404825737,0.1206434316353887,0.4021447721179624,323,0.0,Sufficient
90036B,"FLOWER GLASS GARLAND NECKL.36""GREEN",13,103.35,0.03485254691689,0.2439678284182306,0.1045576407506702,0.3485254691689008,495,0.0,Sufficient
90036C,"FLOWER GLASS GARLAND NECKL.36""BLUE",16,127.2,0.0428954423592493,0.3002680965147453,0.128686327077748,0.4289544235924932,126,0.0,Sufficient
90036D,"FLOWER GLASS GARLAND NECKL.36""BLACK",24,190.8,0.064343163538874,0.450402144772118,0.193029490616622,0.6434316353887399,424,0.0,Sufficient
90036E,"FLOWER GLASS GARLD NECKL36""AMETHYST",11,87.45,0.0294906166219839,0.2064343163538874,0.0884718498659517,0.2949061662198391,365,0.0,Sufficient
90036F,"FLOWER GLASS GARLD NECKL36""TURQUOIS",9,71.55000000000001,0.0241286863270777,0.1689008042895442,0.0723860589812332,0.2412868632707774,201,0.0,Sufficient
90037A,TINY CRYSTAL BRACELET RED,18,45.9,0.0482573726541554,0.3378016085790885,0.1447721179624664,0.4825737265415549,28,0.0,Sufficient
90037B,TINY CRYSTAL BRACELET GREEN,17,43.35,0.0455764075067024,0.3190348525469169,0.1367292225201072,0.4557640750670241,441,0.0,Sufficient
90037C,TINY CRYSTAL BRACELET BLUE,17,43.35,0.0455764075067024,0.3190348525469169,0.1367292225201072,0.4557640750670241,182,0.0,Sufficient
90037D,TINY CRYSTALS BRACELET BLACK,6,15.3,0.0160857908847185,0.1126005361930295,0.0482573726541555,0.1608579088471849,237,0.0,Sufficient
90038A,GLASS AND PAINTED BEADS BRACELET TO,12,45.0,0.032171581769437,0.225201072386059,0.096514745308311,0.3217158176943699,359,0.0,Sufficient
90038B,GLASS AND PAINTED BEADS BRACELET OL,4,15.0,0.0107238605898123,0.0750670241286863,0.032171581769437,0.1072386058981233,192,0.0,Sufficient
90038C,GLASS AND BEADS BRACELET IVORY,7,26.25,0.0187667560321715,0.131367292225201,0.0563002680965147,0.1876675603217157,122,0.0,Sufficient
90039A,FIRE POLISHED GLASS BRACELET RED,1,3.75,0.002680965147453,0.0187667560321715,0.0080428954423592,0.0268096514745308,192,0.0,Sufficient
90039B,FIRE POLISHED GLASS BRACELET MONTAN,7,26.25,0.0187667560321715,0.131367292225201,0.0563002680965147,0.1876675603217157,490,0.0,Sufficient
90039C,FIRE POLISHED GLASS BRACELET BLACK,13,48.75,0.03485254691689,0.2439678284182306,0.1045576407506702,0.3485254691689008,155,0.0,Sufficient
90039D,FIRE POLISHED GLASS BRACELET GREEN,8,30.0,0.0214477211796246,0.1501340482573726,0.064343163538874,0.2144772117962466,328,0.0,Sufficient
90040A,MURANO STYLE GLASS BRACELET RED,17,59.5,0.0455764075067024,0.3190348525469169,0.1367292225201072,0.4557640750670241,125,0.0,Sufficient
90040B,MURANO STYLE GLASS BRACELET BLACK,42,147.0,0.1126005361930295,0.7882037533512065,0.3378016085790885,1.126005361930295,122,0.0,Sufficient
90040C,MURANO STYLE GLASS BRACELET GOLD,22,77.0,0.0589812332439678,0.4128686327077748,0.1769436997319035,0.5898123324396782,260,0.0,Sufficient
90040D,MURANO STYLE GLASS BRACELET PINK,26,91.0,0.0697050938337801,0.4879356568364612,0.2091152815013405,0.6970509383378016,485,0.0,Sufficient
90041,PEARL AND CHERRY QUARTZ BRACLET,1,3.5,0.002680965147453,0.0187667560321715,0.0080428954423592,0.0268096514745308,260,0.0,Sufficient
90042A,FRESHWATER PEARL BRACELET GOLD,24,61.2,0.064343163538874,0.450402144772118,0.193029490616622,0.6434316353887399,312,0.0,Sufficient
90042B,FRESHWATER PEARL BRACELET PINK,15,38.25,0.0402144772117962,0.2815013404825737,0.1206434316353887,0.4021447721179624,468,0.0,Sufficient
90042C,FRESHWATER PEARL BRACELET IVORY,35,89.25,0.0938337801608579,0.6568364611260054,0.2815013404825737,0.938337801608579,322,0.0,Sufficient
90043,COPPER AND BRASS BAG CHARM,6,29.700000000000003,0.0160857908847185,0.1126005361930295,0.0482573726541555,0.1608579088471849,127,0.0,Sufficient
90046,WHITE WITH METAL BAG CHARM,10,49.5,0.0268096514745308,0.1876675603217158,0.0804289544235924,0.2680965147453083,310,0.0,Sufficient
90048,GREEN WITH METAL BAG CHARM,26,128.7,0.0697050938337801,0.4879356568364612,0.2091152815013405,0.6970509383378016,170,0.0,Sufficient
90049,IVORY GOLD METAL BAG CHARM,14,69.3,0.0375335120643431,0.2627345844504021,0.1126005361930294,0.3753351206434315,410,0.0,Sufficient
90051,CRACKED GLAZE NECKLACE RED,1,6.95,0.002680965147453,0.0187667560321715,0.0080428954423592,0.0268096514745308,207,0.0,Sufficient
90052,CRACKED GLAZE NECKLACE BROWN,3,20.85,0.0080428954423592,0.0563002680965147,0.0241286863270777,0.0804289544235924,269,0.0,Sufficient
90054,CRACKED GLAZE EARRINGS RED,1,2.55,0.002680965147453,0.0187667560321715,0.0080428954423592,0.0268096514745308,157,0.0,Sufficient
90056,CHUNKY CRACKED GLAZE NECKLACE IVORY,6,64.5,0.0160857908847185,0.1126005361930295,0.0482573726541555,0.1608579088471849,249,0.0,Sufficient
90057,DIAMANTE RING ASSORTED IN BOX.,792,1349.52,2.123324396782842,14.863270777479894,6.369973190348526,21.23324396782842,56,0.0,Sufficient
90058A,CRYSTAL STUD EARRINGS CLEAR DISPLAY,252,95.76,0.675603217158177,4.729222520107239,2.026809651474531,6.75603217158177,484,0.0,Sufficient
90058B,CRYSTAL STUD EARRINGS ASSORTED COL ,469,276.14,1.257372654155496,8.801608579088471,3.772117962466488,12.573726541554958,408,0.0,Sufficient
90059A,DIAMANTE HAIR GRIP PACK/2 CRYSTAL,12,19.8,0.032171581769437,0.225201072386059,0.096514745308311,0.3217158176943699,207,0.0,Sufficient
90059B,DIAMANTE HAIR GRIP PACK/2 BLACK DIA,8,13.2,0.0214477211796246,0.1501340482573726,0.064343163538874,0.2144772117962466,56,0.0,Sufficient
90059C,DIAMANTE HAIR GRIP PACK/2 MONTANA,17,28.05,0.0455764075067024,0.3190348525469169,0.1367292225201072,0.4557640750670241,87,0.0,Sufficient
90059D,DIAMANTE HAIR GRIP PACK/2 PERIDOT,20,33.0,0.0536193029490616,0.3753351206434316,0.1608579088471849,0.5361930294906166,133,0.0,Sufficient
90059E,DIAMANTE HAIR GRIP PACK/2 RUBY,14,23.1,0.0375335120643431,0.2627345844504021,0.1126005361930294,0.3753351206434315,84,0.0,Sufficient
90059F,DIAMANTE HAIR GRIP PACK/2 LT ROSE,12,19.8,0.032171581769437,0.225201072386059,0.096514745308311,0.3217158176943699,368,0.0,Sufficient
90060B,FIRE POLISHED GLASS NECKL GOLD,5,29.75,0.0134048257372654,0.0938337801608579,0.0402144772117962,0.1340482573726541,146,0.0,Sufficient
90060C,FIRE POLISHED GLASS NECKL SILVER,7,41.65,0.0187667560321715,0.131367292225201,0.0563002680965147,0.1876675603217157,99,0.0,Sufficient
90060D,FIRE POLISHED GLASS NECKL BRONZE,9,53.55,0.0241286863270777,0.1689008042895442,0.0723860589812332,0.2412868632707774,409,0.0,Sufficient
90060F,FIRE POLISHED GLASS NECKL GREEN,17,101.15,0.0455764075067024,0.3190348525469169,0.1367292225201072,0.4557640750670241,334,0.0,Sufficient
90062,CARNIVAL BRACELET,94,1188.25,0.2520107238605898,1.7640750670241288,0.7560321715817695,2.520107238605898,70,0.0,Sufficient
90063A,WHITE VINT ART DECO CRYSTAL NECKLAC,7,59.5,0.0187667560321715,0.131367292225201,0.0563002680965147,0.1876675603217157,147,0.0,Sufficient
90063B,BLACK VINT ART DEC CRYSTAL NECKLACE,7,59.5,0.0187667560321715,0.131367292225201,0.0563002680965147,0.1876675603217157,59,0.0,Sufficient
90064A,WHITE VINTAGE CRYSTAL EARRINGS,4,15.0,0.0107238605898123,0.0750670241286863,0.032171581769437,0.1072386058981233,268,0.0,Sufficient
90064B,BLACK VINTAGE  CRYSTAL EARRINGS,6,22.5,0.0160857908847185,0.1126005361930295,0.0482573726541555,0.1608579088471849,470,0.0,Sufficient
90065A,WHITE VINTAGE CRYSTAL BRACELET,11,74.25,0.0294906166219839,0.2064343163538874,0.0884718498659517,0.2949061662198391,116,0.0,Sufficient
90065B,BLACK VINT ART DEC CRYSTAL BRACELET,7,47.25,0.0187667560321715,0.131367292225201,0.0563002680965147,0.1876675603217157,122,0.0,Sufficient
90066A,PINK VINTAGE VICTORIAN CHOKER,5,33.75,0.0134048257372654,0.0938337801608579,0.0402144772117962,0.1340482573726541,359,0.0,Sufficient
90067A,PINK VINTAGE VICTORIAN EARRINGS,15,44.25000000000001,0.0402144772117962,0.2815013404825737,0.1206434316353887,0.4021447721179624,263,0.0,Sufficient
90067B,BROWN VINTAGE VICTORIAN EARRINGS,12,35.400000000000006,0.032171581769437,0.225201072386059,0.096514745308311,0.3217158176943699,127,0.0,Sufficient
90069,RUBY GLASS CLUSTER NECKLACE,9,67.5,0.0241286863270777,0.1689008042895442,0.0723860589812332,0.2412868632707774,207,0.0,Sufficient
90070,RUBY GLASS CLUSTER BRACELET,29,172.55,0.0777479892761394,0.5442359249329758,0.2332439678284182,0.777479892761394,346,0.0,Sufficient
90071,RUBY GLASS CLUSTER EARRINGS,1,1.25,0.002680965147453,0.0187667560321715,0.0080428954423592,0.0268096514745308,374,0.0,Sufficient
90072,RUBY DROP CHANDELIER EARRINGS,8,30.0,0.0214477211796246,0.1501340482573726,0.064343163538874,0.2144772117962466,60,0.0,Sufficient
90073,VINTAGE ENAMEL & CRYSTAL EARRINGS,9,44.55,0.0241286863270777,0.1689008042895442,0.0723860589812332,0.2412868632707774,254,0.0,Sufficient
90074,BLACK DIAMOND CLUSTER NECKLACE,3,26.85,0.0080428954423592,0.0563002680965147,0.0241286863270777,0.0804289544235924,412,0.0,Sufficient
90075,MONTANA DIAMOND CLUSTER NECKLACE,4,35.8,0.0107238605898123,0.0750670241286863,0.032171581769437,0.1072386058981233,435,0.0,Sufficient
90077,BLACK DIAMOND CLUSTER EARRINGS,1,2.55,0.002680965147453,0.0187667560321715,0.0080428954423592,0.0268096514745308,44,0.0,Sufficient
90078,PINK/WHITE GLASS DEMI CHOKER,6,45.0,0.0160857908847185,0.1126005361930295,0.0482573726541555,0.1608579088471849,311,0.0,Sufficient
90079,VINTAGE ENAMEL & CRYSTAL NECKLACE,5,24.75,0.0134048257372654,0.0938337801608579,0.0402144772117962,0.1340482573726541,419,0.0,Sufficient
90081A,LILY BROOCH AMETHYST COLOUR,34,168.3,0.0911528150134048,0.6380697050938338,0.2734584450402145,0.9115281501340482,78,0.0,Sufficient
90081B,LILY BROOCH WHITE/SILVER COLOUR,6,29.7,0.0160857908847185,0.1126005361930295,0.0482573726541555,0.1608579088471849,358,0.0,Sufficient
90081C,LILY BROOCH OLIVE COLOUR,16,79.2,0.0428954423592493,0.3002680965147453,0.128686327077748,0.4289544235924932,329,0.0,Sufficient
90082A,DIAMANTE BOW BROOCH GREEN COLOUR,26,165.1,0.0697050938337801,0.4879356568364612,0.2091152815013405,0.6970509383378016,430,0.0,Sufficient
90082B,DIAMANTE BOW BROOCH RED COLOUR,38,241.3,0.1018766756032171,0.7131367292225201,0.3056300268096514,1.0187667560321716,477,0.0,Sufficient
90082C,DIAMANTE BOW BROOCH WHITE COLOUR,1,6.35,0.002680965147453,0.0187667560321715,0.0080428954423592,0.0268096514745308,58,0.0,Sufficient
90082D,DIAMANTE BOW BROOCH BLACK COLOUR,81,514.35,0.2171581769436997,1.5201072386058982,0.6514745308310992,2.171581769436997,414,0.0,Sufficient
90083,CRYSTAL CZECH CROSS PHONE CHARM,25,21.25,0.067024128686327,0.4691689008042896,0.2010723860589812,0.6702412868632708,83,0.0,Sufficient
90084,PINK CRYSTAL GUITAR PHONE CHARM,63,53.55,0.1689008042895442,1.1823056300268098,0.5067024128686327,1.6890080428954426,201,0.0,Sufficient
90085,CRYSTAL STILETTO PHONE CHARM,273,232.05,0.7319034852546917,5.123324396782842,2.1957104557640754,7.319034852546918,270,0.0,Sufficient
90086,CRYSTAL FROG PHONE CHARM,105,89.25,0.2815013404825737,1.9705093833780165,0.8445040214477213,2.815013404825738,365,0.0,Sufficient
90087,CRYSTAL SEA HORSE PHONE CHARM,186,158.1,0.4986595174262734,3.4906166219839143,1.4959785522788205,4.986595174262735,79,0.0,Sufficient
90088,CRYSTAL KEY+LOCK PHONE CHARM,99,84.14999999999999,0.2654155495978552,1.8579088471849867,0.7962466487935658,2.6541554959785527,99,0.0,Sufficient
90089,PINK CRYSTAL SKULL PHONE CHARM,75,63.74999999999999,0.2010723860589812,1.407506702412869,0.6032171581769437,2.0107238605898123,269,0.0,Sufficient
90090,PINK CRYSTAL HEART PHONE CHARM,258,219.3,0.6916890080428955,4.841823056300268,2.0750670241286864,6.916890080428955,135,0.0,Sufficient
90091,CRYSTAL DRAGONFLY PHONE CHARM,3,2.55,0.0080428954423592,0.0563002680965147,0.0241286863270777,0.0804289544235924,240,0.0,Sufficient
90092,BLUE CRYSTAL BOOT PHONE CHARM,91,77.35,0.2439678284182305,1.707774798927614,0.7319034852546917,2.439678284182306,304,0.0,Sufficient
90093,CLEAR CRYSTAL STAR PHONE CHARM,153,130.04999999999998,0.4101876675603217,2.871313672922252,1.230563002680965,4.101876675603217,428,0.0,Sufficient
90094,NECKLACE+BRACELET SET FRUIT SALAD ,22,56.1,0.0589812332439678,0.4128686327077748,0.1769436997319035,0.5898123324396782,138,0.0,Sufficient
90095,NECKLACE+BRACELET SET PINK BLOSSOM,7,17.85,0.0187667560321715,0.131367292225201,0.0563002680965147,0.1876675603217157,289,0.0,Sufficient
90096,NECKLACE+BRACELET SET BLUE BLOSSOM,23,58.65,0.0616621983914209,0.4316353887399464,0.1849865951742627,0.6166219839142091,322,0.0,Sufficient
90098,NECKLACE+BRACELET PINK BUTTERFLY,31,79.05,0.0831099195710455,0.581769436997319,0.2493297587131367,0.8310991957104557,109,0.0,Sufficient
90099,NECKLACE+BRACELET SET BLUE HIBISCUS,9,22.95,0.0241286863270777,0.1689008042895442,0.0723860589812332,0.2412868632707774,335,0.0,Sufficient
90100,NECKLACE+BRACELET SET PINK DAISY,21,53.55,0.0563002680965147,0.3941018766756032,0.1689008042895442,0.5630026809651475,306,0.0,Sufficient
90101,WHITE FRANGIPANI NECKLACE,2,5.1,0.0053619302949061,0.0375335120643431,0.0160857908847185,0.0536193029490616,191,0.0,Sufficient
90102,WHITE FRANGIPANI HAIR CLIP,7,5.949999999999999,0.0187667560321715,0.131367292225201,0.0563002680965147,0.1876675603217157,183,0.0,Sufficient
90103,PURPLE FRANGIPANI NECKLACE,4,10.2,0.0107238605898123,0.0750670241286863,0.032171581769437,0.1072386058981233,325,0.0,Sufficient
90104,PURPLE FRANGIPANI HAIRCLIP,56,47.6,0.1501340482573726,1.0509383378016084,0.4504021447721179,1.5013404825737262,373,0.0,Sufficient
90108,BLUE BLOSSOM HAIR CLIP,37,38.85,0.099195710455764,0.6943699731903485,0.2975871313672922,0.9919571045576407,197,0.0,Sufficient
90111,BLUE HIBISCUS  HAIR CLIP,7,7.35,0.0187667560321715,0.131367292225201,0.0563002680965147,0.1876675603217157,66,0.0,Sufficient
90112,PINK DOLLY HAIR CLIPS,70,73.5,0.1876675603217158,1.3136729222520107,0.5630026809651474,1.876675603217158,40,0.0,Sufficient
90114,SUMMER DAISIES BAG CHARM,18,45.9,0.0482573726541554,0.3378016085790885,0.1447721179624664,0.4825737265415549,93,0.0,Sufficient
90115,SUMMER BUTTERFLIES BAG CHARM,31,79.05,0.0831099195710455,0.581769436997319,0.2493297587131367,0.8310991957104557,161,0.0,Sufficient
90116,FRUIT SALAD BAG CHARM,28,47.32,0.0750670241286863,0.5254691689008042,0.2252010723860589,0.7506702412868631,482,0.0,Sufficient
90118,PINK DAISY BAG CHARM,2,5.1,0.0053619302949061,0.0375335120643431,0.0160857908847185,0.0536193029490616,45,0.0,Sufficient
90119,METALIC LEAVES BAG CHARMS,8,20.4,0.0214477211796246,0.1501340482573726,0.064343163538874,0.2144772117962466,222,0.0,Sufficient
90120A,PINK MURANO TWIST BRACELET,68,289.0,0.1823056300268096,1.2761394101876675,0.546916890080429,1.8230563002680964,423,0.0,Sufficient
90120B,BLUE MURANO TWIST BRACELET,57,240.5,0.1528150134048257,1.0697050938337802,0.4584450402144772,1.5281501340482575,417,0.0,Sufficient
90120C,GREEN MURANO TWIST BRACELET,30,127.5,0.0804289544235924,0.5630026809651474,0.2412868632707774,0.8042895442359248,373,0.0,Sufficient
90120D,WHITE MURANO TWIST BRACELET,100,409.75,0.2680965147453083,1.8766756032171583,0.804289544235925,2.680965147453083,115,0.0,Sufficient
90121B,VINTAGE ROSE BEAD BRACELET BLUE,19,80.75,0.0509383378016085,0.35656836461126,0.1528150134048257,0.5093833780160858,423,0.0,Sufficient
90122A,PINK CRYSTAL+GLASS BRACELET,28,138.60000000000002,0.0750670241286863,0.5254691689008042,0.2252010723860589,0.7506702412868631,351,0.0,Sufficient
90122B,JADE CRYSTAL+GLASS BRACELET,33,163.35000000000002,0.0884718498659517,0.6193029490616622,0.2654155495978552,0.8847184986595173,229,0.0,Sufficient
90122C,TURQUOISE CRYSTAL+GLASS BRACELET,21,103.95,0.0563002680965147,0.3941018766756032,0.1689008042895442,0.5630026809651475,400,0.0,Sufficient
90123A,PINK HEART OF GLASS BRACELET,21,124.95,0.0563002680965147,0.3941018766756032,0.1689008042895442,0.5630026809651475,172,0.0,Sufficient
90123B,TURQUOISE HEART OF GLASS BRACELET,16,95.2,0.0428954423592493,0.3002680965147453,0.128686327077748,0.4289544235924932,448,0.0,Sufficient
90123C,GREEN HEART OF GLASS BRACELET,11,65.45,0.0294906166219839,0.2064343163538874,0.0884718498659517,0.2949061662198391,229,0.0,Sufficient
90123D,WHITE HEART OF GLASS BRACELET,20,119.0,0.0536193029490616,0.3753351206434316,0.1608579088471849,0.5361930294906166,279,0.0,Sufficient
90124A,PINK MURANO TWIST NECKLACE,20,199.0,0.0536193029490616,0.3753351206434316,0.1608579088471849,0.5361930294906166,129,0.0,Sufficient
90124B,BLUE MURANO TWIST NECKLACE,16,159.2,0.0428954423592493,0.3002680965147453,0.128686327077748,0.4289544235924932,403,0.0,Sufficient
90124C,GREEN MURANO TWIST NECKLACE,7,69.64999999999999,0.0187667560321715,0.131367292225201,0.0563002680965147,0.1876675603217157,345,0.0,Sufficient
90125A,PINK BERTIE GLASS BEAD BAG CHARM,31,65.10000000000001,0.0831099195710455,0.581769436997319,0.2493297587131367,0.8310991957104557,409,0.0,Sufficient
90125B,AQUA BERTIE GLASS BEAD BAG CHARM,12,25.2,0.032171581769437,0.225201072386059,0.096514745308311,0.3217158176943699,191,0.0,Sufficient
90125C,TURQUOISE BERTIE GLASS BEAD CHARM,15,31.500000000000004,0.0402144772117962,0.2815013404825737,0.1206434316353887,0.4021447721179624,488,0.0,Sufficient
90125D,PURPLE BERTIE GLASS BEAD BAG CHARM,28,58.8,0.0750670241286863,0.5254691689008042,0.2252010723860589,0.7506702412868631,115,0.0,Sufficient
90125E,AMBER BERTIE GLASS BEAD BAG CHARM,1,2.1,0.002680965147453,0.0187667560321715,0.0080428954423592,0.0268096514745308,226,0.0,Sufficient
90126A,PINK BERTIE MOBILE PHONE CHARM,18,30.42,0.0482573726541554,0.3378016085790885,0.1447721179624664,0.4825737265415549,214,0.0,Sufficient
90126C,AMBER BERTIE MOBILE PHONE CHARM,17,28.73,0.0455764075067024,0.3190348525469169,0.1367292225201072,0.4557640750670241,79,0.0,Sufficient
90127A,PINK BEADS+HAND PHONE CHARM,12,15.0,0.032171581769437,0.225201072386059,0.096514745308311,0.3217158176943699,53,0.0,Sufficient
90127B,BLUE BEADS+HAND PHONE CHARM,2,2.5,0.0053619302949061,0.0375335120643431,0.0160857908847185,0.0536193029490616,338,0.0,Sufficient
90128A,PINK LEAVES AND BEADS PHONE CHARM,17,21.25,0.0455764075067024,0.3190348525469169,0.1367292225201072,0.4557640750670241,310,0.0,Sufficient
90128B,BLUE LEAVES AND BEADS PHONE CHARM,17,21.25,0.0455764075067024,0.3190348525469169,0.1367292225201072,0.4557640750670241,237,0.0,Sufficient
90128C,GREEN LEAVES AND BEADS PHONE CHARM,14,17.5,0.0375335120643431,0.2627345844504021,0.1126005361930294,0.3753351206434315,193,0.0,Sufficient
90128D,PURPLE LEAVES AND BEADS PHONE CHAR,3,3.75,0.0080428954423592,0.0563002680965147,0.0241286863270777,0.0804289544235924,116,0.0,Sufficient
90129A,PINK GLASS TASSLE BAG CHARM ,28,82.60000000000001,0.0750670241286863,0.5254691689008042,0.2252010723860589,0.7506702412868631,93,0.0,Sufficient
90129B,TURQUOISE GLASS TASSLE BAG CHARM ,44,129.8,0.1179624664879356,0.8257372654155496,0.353887399463807,1.1796246648793565,347,0.0,Sufficient
90129C,GREEN GLASS TASSLE BAG CHARM,33,97.35,0.0884718498659517,0.6193029490616622,0.2654155495978552,0.8847184986595173,259,0.0,Sufficient
90129D,AMBER GLASS TASSLE BAG CHARM,29,85.55000000000001,0.0777479892761394,0.5442359249329758,0.2332439678284182,0.777479892761394,372,0.0,Sufficient
90129E,PURPLE GLASS TASSLE BAG CHARM,31,91.45000000000002,0.0831099195710455,0.581769436997319,0.2493297587131367,0.8310991957104557,450,0.0,Sufficient
90129F,RED GLASS TASSLE BAG CHARM,20,59.00000000000001,0.0536193029490616,0.3753351206434316,0.1608579088471849,0.5361930294906166,30,0.0,Sufficient
90130A,WHITE STONE/CRYSTAL EARRINGS,17,50.150000000000006,0.0455764075067024,0.3190348525469169,0.1367292225201072,0.4557640750670241,205,0.0,Sufficient
90130B,TURQ STONE/CRYSTAL EARRINGS,6,17.700000000000003,0.0160857908847185,0.1126005361930295,0.0482573726541555,0.1608579088471849,187,0.0,Sufficient
90130C,GREEN STONE/CRYSTAL EARRINGS,2,5.9,0.0053619302949061,0.0375335120643431,0.0160857908847185,0.0536193029490616,426,0.0,Sufficient
90130D,RED STONE/CRYSTAL EARRINGS,6,17.700000000000003,0.0160857908847185,0.1126005361930295,0.0482573726541555,0.1608579088471849,484,0.0,Sufficient
90131,PINK/AMETHYST/GOLD NECKLACE,5,34.75,0.0134048257372654,0.0938337801608579,0.0402144772117962,0.1340482573726541,16,0.0,Sufficient
90133,TEAL/FUSCHIA COL BEAD NECKLACE,9,44.55,0.0241286863270777,0.1689008042895442,0.0723860589812332,0.2412868632707774,79,0.0,Sufficient
90134,OLD ROSE COMBO BEAD NECKLACE,12,35.400000000000006,0.032171581769437,0.225201072386059,0.096514745308311,0.3217158176943699,136,0.0,Sufficient
90135A,ORANGE/FUSCHIA STONES NECKLACE,9,44.55,0.0241286863270777,0.1689008042895442,0.0723860589812332,0.2412868632707774,408,0.0,Sufficient
90137,PINK COMBO MINI CRYSTALS NECKLACE,19,94.05,0.0509383378016085,0.35656836461126,0.1528150134048257,0.5093833780160858,475,0.0,Sufficient
90138,WHITE/PINK MINI CRYSTALS NECKLACE,7,34.65,0.0187667560321715,0.131367292225201,0.0563002680965147,0.1876675603217157,169,0.0,Sufficient
90139,FLOWER BROOCH 4 ASSORTED COLOURS,5,24.75,0.0134048257372654,0.0938337801608579,0.0402144772117962,0.1340482573726541,257,0.0,Sufficient
90140,PINK SWEETIE NECKLACE,5,37.5,0.0134048257372654,0.0938337801608579,0.0402144772117962,0.1340482573726541,212,0.0,Sufficient
90141A,GREEN PENDANT TRIPLE SHELL NECKLACE,3,14.85,0.0080428954423592,0.0563002680965147,0.0241286863270777,0.0804289544235924,157,0.0,Sufficient
90141C,TURQ PENDANT TRIPLE SHELL NECKLACE,3,14.85,0.0080428954423592,0.0563002680965147,0.0241286863270777,0.0804289544235924,481,0.0,Sufficient
90141E,ORANGE PENDANT TRIPLE SHELL NECKLAC,4,19.8,0.0107238605898123,0.0750670241286863,0.032171581769437,0.1072386058981233,152,0.0,Sufficient
90142D,MOP PENDANT SHELL NECKLACE,1,4.95,0.002680965147453,0.0187667560321715,0.0080428954423592,0.0268096514745308,441,0.0,Sufficient
90143,SILVER BRACELET W PASTEL FLOWER,36,265.0,0.0965147453083109,0.675603217158177,0.2895442359249329,0.96514745308311,208,0.0,Sufficient
90144,SILVER DROP EARRINGS WITH FLOWER,24,90.0,0.064343163538874,0.450402144772118,0.193029490616622,0.6434316353887399,414,0.0,Sufficient
90145,SILVER HOOP EARRINGS WITH FLOWER,29,172.55,0.0777479892761394,0.5442359249329758,0.2332439678284182,0.777479892761394,435,0.0,Sufficient
90146,FINE SILVER NECKLACE W PASTEL FLOWE,22,165.0,0.0589812332439678,0.4128686327077748,0.1769436997319035,0.5898123324396782,163,0.0,Sufficient
90147,CHUNKY SILVER NECKLACE PASTEL FLOWE,52,517.4,0.1394101876675603,0.9758713136729223,0.418230563002681,1.3941018766756033,385,0.0,Sufficient
90148,LONG SILVER NECKLACE PASTEL FLOWER,18,229.5,0.0482573726541554,0.3378016085790885,0.1447721179624664,0.4825737265415549,393,0.0,Sufficient
90149,SILVER FLOWR PINK SHELL NECKLACE,8,60.0,0.0214477211796246,0.1501340482573726,0.064343163538874,0.2144772117962466,151,0.0,Sufficient
90150,BLUE SHELL+SILVER NECKLACE,12,90.0,0.032171581769437,0.225201072386059,0.096514745308311,0.3217158176943699,322,0.0,Sufficient
90151,SILVER/NATURAL SHELL NECKLACE,11,93.5,0.0294906166219839,0.2064343163538874,0.0884718498659517,0.2949061662198391,174,0.0,Sufficient
90152A,SILVER/NAT SHELL NECKLACE W PENDANT,1,5.95,0.002680965147453,0.0187667560321715,0.0080428954423592,0.0268096514745308,323,0.0,Sufficient
90152B,BLUE/GREEN SHELL NECKLACE W PENDANT,5,29.75,0.0134048257372654,0.0938337801608579,0.0402144772117962,0.1340482573726541,30,0.0,Sufficient
90152C,BLUE/NAT SHELL NECKLACE W PENDANT,6,35.7,0.0160857908847185,0.1126005361930295,0.0482573726541555,0.1608579088471849,91,0.0,Sufficient
90154,LAZER CUT NECKLACE W PASTEL BEADS,1,8.95,0.002680965147453,0.0187667560321715,0.0080428954423592,0.0268096514745308,78,0.0,Sufficient
90155,RESIN NECKLACE W PASTEL BEADS,15,112.5,0.0402144772117962,0.2815013404825737,0.1206434316353887,0.4021447721179624,140,0.0,Sufficient
90156,RESIN BRACELET W PASTEL BEADS,15,74.25,0.0402144772117962,0.2815013404825737,0.1206434316353887,0.4021447721179624,96,0.0,Sufficient
90157,RIVIERA NECKLACE,37,183.15,0.099195710455764,0.6943699731903485,0.2975871313672922,0.9919571045576407,227,0.0,Sufficient
90158,ST TROPEZ NECKLACE,8,39.6,0.0214477211796246,0.1501340482573726,0.064343163538874,0.2144772117962466,430,0.0,Sufficient
90159,COTE D'AZURE NECKLACE,30,148.5,0.0804289544235924,0.5630026809651474,0.2412868632707774,0.8042895442359248,481,0.0,Sufficient
90160A,PURPLE BOUDICCA LARGE BRACELET,13,90.35,0.03485254691689,0.2439678284182306,0.1045576407506702,0.3485254691689008,314,0.0,Sufficient
90160B,RED BOUDICCA LARGE BRACELET,39,266.6,0.1045576407506702,0.7319034852546917,0.3136729222520107,1.0455764075067024,412,0.0,Sufficient
90160C,TURQ+RED BOUDICCA LARGE BRACELET,40,278.0,0.1072386058981233,0.7506702412868633,0.3217158176943699,1.0723860589812333,380,0.0,Sufficient
90160D,PINK BOUDICCA LARGE BRACELET,37,257.15000000000003,0.099195710455764,0.6943699731903485,0.2975871313672922,0.9919571045576407,354,0.0,Sufficient
90161A,ANT COPPER RED BOUDICCA BRACELET,30,148.5,0.0804289544235924,0.5630026809651474,0.2412868632707774,0.8042895442359248,350,0.0,Sufficient
90161B,ANT COPPER TURQ BOUDICCA BRACELET,42,207.9,0.1126005361930295,0.7882037533512065,0.3378016085790885,1.126005361930295,393,0.0,Sufficient
90161C,ANT COPPER LIME BOUDICCA BRACELET,54,267.3,0.1447721179624665,1.0134048257372654,0.4343163538873995,1.447721179624665,405,0.0,Sufficient
90161D,ANT COPPER PINK BOUDICCA BRACELET,43,210.4,0.1152815013404825,0.806970509383378,0.3458445040214477,1.1528150134048256,454,0.0,Sufficient
90162A,ANT SILVER TURQUOISE BOUDICCA RING,23,67.85000000000001,0.0616621983914209,0.4316353887399464,0.1849865951742627,0.6166219839142091,434,0.0,Sufficient
90162B,ANT SILVER LIME GREEN BOUDICCA RING,28,82.60000000000001,0.0750670241286863,0.5254691689008042,0.2252010723860589,0.7506702412868631,170,0.0,Sufficient
90162C,ANT SILVER FUSCHIA BOUDICCA RING,28,82.60000000000001,0.0750670241286863,0.5254691689008042,0.2252010723860589,0.7506702412868631,187,0.0,Sufficient
90162D,ANT SILVER PURPLE BOUDICCA RING,17,50.150000000000006,0.0455764075067024,0.3190348525469169,0.1367292225201072,0.4557640750670241,126,0.0,Sufficient
90163A,PINK ROSEBUD & PEARL NECKLACE,8,60.0,0.0214477211796246,0.1501340482573726,0.064343163538874,0.2144772117962466,205,0.0,Sufficient
90163B,WHITE ROSEBUD & PEARL NECKLACE,2,15.0,0.0053619302949061,0.0375335120643431,0.0160857908847185,0.0536193029490616,392,0.0,Sufficient
90164A,PINK ROSEBUD PEARL BRACELET,2,15.0,0.0053619302949061,0.0375335120643431,0.0160857908847185,0.0536193029490616,499,0.0,Sufficient
90164B,WHITE  ROSEBUD PEARL BRACELET,2,15.0,0.0053619302949061,0.0375335120643431,0.0160857908847185,0.0536193029490616,336,0.0,Sufficient
90165A,PINK ROSEBUD PEARL EARRINGS,12,30.6,0.032171581769437,0.225201072386059,0.096514745308311,0.3217158176943699,95,0.0,Sufficient
90165B,WHITE ROSEBUD  PEARL EARRINGS,19,48.45,0.0509383378016085,0.35656836461126,0.1528150134048257,0.5093833780160858,298,0.0,Sufficient
90166,PINK & WHITE ROSEBUD RING,5,21.25,0.0134048257372654,0.0938337801608579,0.0402144772117962,0.1340482573726541,90,0.0,Sufficient
90167,BEADED LOVE HEART JEWELLERY SET,2098,1667.86,5.624664879356568,39.37265415549598,16.873994638069703,56.24664879356568,161,0.0,Sufficient
90168,2 DAISIES HAIR COMB,12,35.400000000000006,0.032171581769437,0.225201072386059,0.096514745308311,0.3217158176943699,70,0.0,Sufficient
90169,DAISY HAIR COMB,8,20.4,0.0214477211796246,0.1501340482573726,0.064343163538874,0.2144772117962466,70,0.0,Sufficient
90170,DAISY HAIR BAND,21,34.65,0.0563002680965147,0.3941018766756032,0.1689008042895442,0.5630026809651475,363,0.0,Sufficient
90171,DAISY RING,11,13.75,0.0294906166219839,0.2064343163538874,0.0884718498659517,0.2949061662198391,37,0.0,Sufficient
90173,PAIR BUTTERFLY HAIR CLIPS,17,63.75,0.0455764075067024,0.3190348525469169,0.1367292225201072,0.4557640750670241,451,0.0,Sufficient
90175A,WHITE GLASS CHUNKY CHARM BRACELET,61,539.5,0.163538873994638,1.1447721179624666,0.4906166219839142,1.635388739946381,52,0.0,Sufficient
90175B,PINK GLASS CHUNKY CHARM BRACELET,15,127.8,0.0402144772117962,0.2815013404825737,0.1206434316353887,0.4021447721179624,178,0.0,Sufficient
90175C,BLUE GLASS CHUNKY CHARM BRACELET,27,241.65,0.0723860589812332,0.5067024128686327,0.2171581769436997,0.7238605898123325,432,0.0,Sufficient
90175D,TIGRIS EYE CHUNKY CHARM BRACELET,27,241.65,0.0723860589812332,0.5067024128686327,0.2171581769436997,0.7238605898123325,95,0.0,Sufficient
90176A,CLASSIC DIAMANTE NECKLACE JET,3,22.5,0.0080428954423592,0.0563002680965147,0.0241286863270777,0.0804289544235924,186,0.0,Sufficient
90176B,DIAMANTE NECKLACE BLACK ,1,7.5,0.002680965147453,0.0187667560321715,0.0080428954423592,0.0268096514745308,26,0.0,Sufficient
90176C,DIAMANTE NECKLACE,6,45.0,0.0160857908847185,0.1126005361930295,0.0482573726541555,0.1608579088471849,107,0.0,Sufficient
90176D,DIAMANTE NECKLACE PURPLE,3,22.5,0.0080428954423592,0.0563002680965147,0.0241286863270777,0.0804289544235924,463,0.0,Sufficient
90177A,CLASSIC DIAMANTE EARRINGS JET,1,2.95,0.002680965147453,0.0187667560321715,0.0080428954423592,0.0268096514745308,207,0.0,Sufficient
90177B,DROP DIAMANTE EARRINGS BLACK DIAMON,8,23.6,0.0214477211796246,0.1501340482573726,0.064343163538874,0.2144772117962466,107,0.0,Sufficient
90177C,DROP DIAMANTE EARRINGS CRYSTAL,4,11.8,0.0107238605898123,0.0750670241286863,0.032171581769437,0.1072386058981233,74,0.0,Sufficient
90177D,DROP DIAMANTE EARRINGS PURPLE,14,41.3,0.0375335120643431,0.2627345844504021,0.1126005361930294,0.3753351206434315,339,0.0,Sufficient
90177E,DROP DIAMANTE EARRINGS GREEN,2,5.9,0.0053619302949061,0.0375335120643431,0.0160857908847185,0.0536193029490616,350,0.0,Sufficient
90178A,AMBER CHUNKY GLASS+BEAD NECKLACE,17,203.15,0.0455764075067024,0.3190348525469169,0.1367292225201072,0.4557640750670241,14,0.0,Sufficient
90178B,PURPLE CHUNKY GLASS+BEAD NECKLACE,13,155.35,0.03485254691689,0.2439678284182306,0.1045576407506702,0.3485254691689008,11,0.0,Sufficient
90179A,AMBER FINE BEAD NECKLACE W TASSEL,5,29.75,0.0134048257372654,0.0938337801608579,0.0402144772117962,0.1340482573726541,31,0.0,Sufficient
90179B,PURPLE FINE BEAD NECKLACE W TASSEL,7,41.65,0.0187667560321715,0.131367292225201,0.0563002680965147,0.1876675603217157,121,0.0,Sufficient
90179C,BLACK FINE BEAD NECKLACE W TASSEL,10,59.5,0.0268096514745308,0.1876675603217158,0.0804289544235924,0.2680965147453083,66,0.0,Sufficient
90180A,BLACK+WHITE NECKLACE W TASSEL,23,228.85,0.0616621983914209,0.4316353887399464,0.1849865951742627,0.6166219839142091,75,0.0,Sufficient
90180B,PURPLE AMETHYST NECKLACE W TASSEL,11,109.45,0.0294906166219839,0.2064343163538874,0.0884718498659517,0.2949061662198391,339,0.0,Sufficient
90181A,AMBER GLASS/SHELL/PEARL NECKLACE,2,17.9,0.0053619302949061,0.0375335120643431,0.0160857908847185,0.0536193029490616,107,0.0,Sufficient
90182C,BLACK 3 BEAD DROP EARRINGS,2,5.9,0.0053619302949061,0.0375335120643431,0.0160857908847185,0.0536193029490616,153,0.0,Sufficient
90183A,AMBER DROP EARRINGS W LONG BEADS,6,17.700000000000003,0.0160857908847185,0.1126005361930295,0.0482573726541555,0.1608579088471849,377,0.0,Sufficient
90183C,BLACK DROP EARRINGS W LONG BEADS,1,2.95,0.002680965147453,0.0187667560321715,0.0080428954423592,0.0268096514745308,444,0.0,Sufficient
90184A,AMBER CHUNKY BEAD BRACELET W STRAP,26,232.7,0.0697050938337801,0.4879356568364612,0.2091152815013405,0.6970509383378016,134,0.0,Sufficient
90184B,AMETHYST CHUNKY BEAD BRACELET W STR,30,268.5,0.0804289544235924,0.5630026809651474,0.2412868632707774,0.8042895442359248,176,0.0,Sufficient
90184C,BLACK CHUNKY BEAD BRACELET W STRAP,37,331.15,0.099195710455764,0.6943699731903485,0.2975871313672922,0.9919571045576407,95,0.0,Sufficient
90185A,AMBER DIAMANTE EXPANDABLE RING,14,59.5,0.0375335120643431,0.2627345844504021,0.1126005361930294,0.3753351206434315,85,0.0,Sufficient
90185B,AMETHYST DIAMANTE EXPANDABLE RING,32,136.0,0.0857908847184986,0.6005361930294906,0.257372654155496,0.8579088471849865,353,0.0,Sufficient
90185C,BLACK DIAMANTE EXPANDABLE RING,33,140.25,0.0884718498659517,0.6193029490616622,0.2654155495978552,0.8847184986595173,433,0.0,Sufficient
90185D,CRYSTAL DIAMANTE EXPANDABLE RING,19,80.75,0.0509383378016085,0.35656836461126,0.1528150134048257,0.5093833780160858,303,0.0,Sufficient
90186A,AMETHYST HOOP EARRING FLORAL LEAF,45,132.75,0.1206434316353887,0.8445040214477212,0.3619302949061662,1.206434316353887,453,0.0,Sufficient
90186B,CRYSTAL HOOP EARRING FLORAL LEAF,24,70.80000000000001,0.064343163538874,0.450402144772118,0.193029490616622,0.6434316353887399,68,0.0,Sufficient
90187A,BLUE DROP EARRINGS W BEAD CLUSTER,2,6.7,0.0053619302949061,0.0375335120643431,0.0160857908847185,0.0536193029490616,147,0.0,Sufficient
90187B,GREEN DROP EARRINGS W BEAD CLUSTER,2,6.7,0.0053619302949061,0.0375335120643431,0.0160857908847185,0.0536193029490616,108,0.0,Sufficient
90188,DROP EARRINGS W FLOWER & LEAF,1,2.55,0.002680965147453,0.0187667560321715,0.0080428954423592,0.0268096514745308,201,0.0,Sufficient
90189A,SILVER 2 STRAND NECKLACE-LEAF CHARM,6,45.0,0.0160857908847185,0.1126005361930295,0.0482573726541555,0.1608579088471849,252,0.0,Sufficient
90189B,GOLD 2 STRAND NECKLACE-LEAF CHARMS,3,22.5,0.0080428954423592,0.0563002680965147,0.0241286863270777,0.0804289544235924,328,0.0,Sufficient
90190A,SILVER/CRYSTAL DROP EARRINGS W LEAF,12,35.400000000000006,0.032171581769437,0.225201072386059,0.096514745308311,0.3217158176943699,58,0.0,Sufficient
90190B,GOLD/AMBER DROP EARRINGS W LEAF,28,82.60000000000001,0.0750670241286863,0.5254691689008042,0.2252010723860589,0.7506702412868631,457,0.0,Sufficient
90190C,SILVER/AMETHYST DROP EARRINGS LEAF,24,70.80000000000001,0.064343163538874,0.450402144772118,0.193029490616622,0.6434316353887399,41,0.0,Sufficient
90191,SILVER LARIAT 40CM,10,127.5,0.0268096514745308,0.1876675603217158,0.0804289544235924,0.2680965147453083,400,0.0,Sufficient
90192,JADE DROP EARRINGS W FILIGREE,35,173.25,0.0938337801608579,0.6568364611260054,0.2815013404825737,0.938337801608579,286,0.0,Sufficient
90194,SILVER LARIAT BLACK STONE EARRINGS,13,55.25,0.03485254691689,0.2439678284182306,0.1045576407506702,0.3485254691689008,29,0.0,Sufficient
90195A,PURPLE GEMSTONE BRACELET,40,358.0,0.1072386058981233,0.7506702412868633,0.3217158176943699,1.0723860589812333,163,0.0,Sufficient
90195B,BLACK GEMSTONE BRACELET,44,393.8,0.1179624664879356,0.8257372654155496,0.353887399463807,1.1796246648793565,392,0.0,Sufficient
90196A,PURPLE GEMSTONE NECKLACE 45CM,14,178.5,0.0375335120643431,0.2627345844504021,0.1126005361930294,0.3753351206434315,77,0.0,Sufficient
90196B,BLACK GEMSTONE NECKLACE 45CM,12,153.0,0.032171581769437,0.225201072386059,0.096514745308311,0.3217158176943699,375,0.0,Sufficient
90197B,BLACK GLASS BRACELET W HEART CHARMS,3,14.85,0.0080428954423592,0.0563002680965147,0.0241286863270777,0.0804289544235924,381,0.0,Sufficient
90197D,AMBER GLASS BRACELET HEART CHARMS,9,44.55,0.0241286863270777,0.1689008042895442,0.0723860589812332,0.2412868632707774,223,0.0,Sufficient
90198A,VINTAGE ROSE BEAD BRACELET RASPBERR,40,170.0,0.1072386058981233,0.7506702412868633,0.3217158176943699,1.0723860589812333,152,0.0,Sufficient
90198B,VINTAGE ROSE BEAD BRACELET BLACK,56,238.0,0.1501340482573726,1.0509383378016084,0.4504021447721179,1.5013404825737262,385,0.0,Sufficient
90199A,5 STRAND GLASS NECKLACE BLACK,9,57.15,0.0241286863270777,0.1689008042895442,0.0723860589812332,0.2412868632707774,241,0.0,Sufficient
90199B,5 STRAND GLASS NECKLACE AMETHYST,15,95.25,0.0402144772117962,0.2815013404825737,0.1206434316353887,0.4021447721179624,222,0.0,Sufficient
90199C,5 STRAND GLASS NECKLACE CRYSTAL,84,490.4,0.225201072386059,1.576407506702413,0.675603217158177,2.25201072386059,88,0.0,Sufficient
90199D,5 STRAND GLASS NECKLACE AMBER,13,82.55,0.03485254691689,0.2439678284182306,0.1045576407506702,0.3485254691689008,223,0.0,Sufficient
90200A,PURPLE SWEETHEART BRACELET,78,331.5,0.2091152815013404,1.4638069705093837,0.6273458445040214,2.091152815013405,125,0.0,Sufficient
90200B,BLACK SWEETHEART BRACELET,76,323.0,0.2037533512064343,1.4262734584450405,0.6112600536193029,2.037533512064343,101,0.0,Sufficient
90200C,BLUE SWEETHEART BRACELET,114,484.5,0.3056300268096514,2.1394101876675604,0.9168900804289544,3.056300268096515,279,0.0,Sufficient
90200D,PINK SWEETHEART BRACELET,104,442.0,0.2788203753351206,1.9517426273458447,0.836461126005362,2.7882037533512065,420,0.0,Sufficient
90200E,GREEN SWEETHEART BRACELET,96,408.0,0.257372654155496,1.801608579088472,0.772117962466488,2.57372654155496,390,0.0,Sufficient
90201A,PURPLE ENAMEL FLOWER RING,44,129.8,0.1179624664879356,0.8257372654155496,0.353887399463807,1.1796246648793565,498,0.0,Sufficient
90201B,BLACK ENAMEL FLOWER RING,43,126.85000000000002,0.1152815013404825,0.806970509383378,0.3458445040214477,1.1528150134048256,177,0.0,Sufficient
90201C,RED ENAMEL FLOWER RING,37,109.15000000000002,0.099195710455764,0.6943699731903485,0.2975871313672922,0.9919571045576407,67,0.0,Sufficient
90201D,GREEN ENAMEL FLOWER RING,37,109.15000000000002,0.099195710455764,0.6943699731903485,0.2975871313672922,0.9919571045576407,293,0.0,Sufficient
90202A,PURPLE ENAMEL FLOWER HAIR TIE,2,5.9,0.0053619302949061,0.0375335120643431,0.0160857908847185,0.0536193029490616,35,0.0,Sufficient
90202B,WHITE ENAMEL FLOWER HAIR TIE,2,5.9,0.0053619302949061,0.0375335120643431,0.0160857908847185,0.0536193029490616,378,0.0,Sufficient
90202C,GREEN ENAMEL FLOWER HAIR TIE,2,5.9,0.0053619302949061,0.0375335120643431,0.0160857908847185,0.0536193029490616,456,0.0,Sufficient
90202D,PINK ENAMEL FLOWER HAIR TIE,14,41.3,0.0375335120643431,0.2627345844504021,0.1126005361930294,0.3753351206434315,75,0.0,Sufficient
90203,SILVER CHARM NECKLACE 70CM,60,450.0,0.1608579088471849,1.1260053619302948,0.4825737265415549,1.6085790884718496,418,0.0,Sufficient
90204,PAIR OF ENAMEL BUTTERFLY HAIRCLIP,2,6.7,0.0053619302949061,0.0375335120643431,0.0160857908847185,0.0536193029490616,257,0.0,Sufficient
90205C,LARGE CRYSTAL DIAMANTE HAIRSLIDE,40,58.8,0.1072386058981233,0.7506702412868633,0.3217158176943699,1.0723860589812333,263,0.0,Sufficient
90206A,GOLD DIAMANTE STAR BROOCH,4,19.8,0.0107238605898123,0.0750670241286863,0.032171581769437,0.1072386058981233,396,0.0,Sufficient
90206C,CRYSTAL DIAMANTE STAR BROOCH,9,44.55,0.0241286863270777,0.1689008042895442,0.0723860589812332,0.2412868632707774,465,0.0,Sufficient
90208,PAIR OF ENAMEL FLOWER CLUSTER SLIDE,82,192.9,0.2198391420911528,1.5388739946380698,0.6595174262734584,2.1983914209115283,53,0.0,Sufficient
90209A,PURPLE ENAMEL+GLASS HAIR COMB,89,161.7,0.2386058981233244,1.6702412868632708,0.7158176943699732,2.386058981233244,106,0.0,Sufficient
90209B,GREEN ENAMEL+GLASS HAIR COMB,144,264.6,0.3860589812332439,2.702412868632708,1.1581769436997318,3.86058981233244,51,0.0,Sufficient
90209C,PINK ENAMEL+GLASS HAIR COMB,99,195.3,0.2654155495978552,1.8579088471849867,0.7962466487935658,2.6541554959785527,236,0.0,Sufficient
90210A,GREY ACRYLIC FACETED BANGLE,52,143.8,0.1394101876675603,0.9758713136729223,0.418230563002681,1.3941018766756033,271,0.0,Sufficient
90210B,CLEAR ACRYLIC FACETED BANGLE,57,158.55,0.1528150134048257,1.0697050938337802,0.4584450402144772,1.5281501340482575,176,0.0,Sufficient
90210C,RED   ACRYLIC FACETED BANGLE,19,56.05,0.0509383378016085,0.35656836461126,0.1528150134048257,0.5093833780160858,445,0.0,Sufficient
90210D,PURPLE ACRYLIC FACETED BANGLE,27,79.65,0.0723860589812332,0.5067024128686327,0.2171581769436997,0.7238605898123325,288,0.0,Sufficient
90211A,DIAMOND LAS VEGAS NECKLACE 45CM,4,23.8,0.0107238605898123,0.0750670241286863,0.032171581769437,0.1072386058981233,98,0.0,Sufficient
90211B,JET BLACK LAS VEGAS NECKLACE 45CM,14,83.3,0.0375335120643431,0.2627345844504021,0.1126005361930294,0.3753351206434315,388,0.0,Sufficient
90212B,JET BLACK LAS VEGAS BRACELET ROUND,16,60.0,0.0428954423592493,0.3002680965147453,0.128686327077748,0.4289544235924932,187,0.0,Sufficient
90212C,PURPLE LAS VEGAS BRACELET ROUND,10,37.5,0.0268096514745308,0.1876675603217158,0.0804289544235924,0.2680965147453083,436,0.0,Sufficient
90214A,"LETTER ""A"" BLING KEY RING",64,80.0,0.1715817694369973,1.2010723860589811,0.514745308310992,1.715817694369973,412,0.0,Sufficient
90214B,"LETTER ""B"" BLING KEY RING",35,43.75,0.0938337801608579,0.6568364611260054,0.2815013404825737,0.938337801608579,206,0.0,Sufficient
90214C,"LETTER ""C"" BLING KEY RING",63,78.75,0.1689008042895442,1.1823056300268098,0.5067024128686327,1.6890080428954426,316,0.0,Sufficient
90214D,"LETTER ""D"" BLING KEY RING",26,32.5,0.0697050938337801,0.4879356568364612,0.2091152815013405,0.6970509383378016,276,0.0,Sufficient
90214E,"LETTER ""E"" BLING KEY RING",54,67.5,0.1447721179624665,1.0134048257372654,0.4343163538873995,1.447721179624665,277,0.0,Sufficient
90214F,"LETTER ""F"" BLING KEY RING",16,20.0,0.0428954423592493,0.3002680965147453,0.128686327077748,0.4289544235924932,83,0.0,Sufficient
90214G,"LETTER ""G"" BLING KEY RING",35,43.75,0.0938337801608579,0.6568364611260054,0.2815013404825737,0.938337801608579,17,0.0,Sufficient
90214H,"LETTER ""H"" BLING KEY RING",28,35.0,0.0750670241286863,0.5254691689008042,0.2252010723860589,0.7506702412868631,417,0.0,Sufficient
90214I,"LETTER ""I"" BLING KEY RING",19,23.75,0.0509383378016085,0.35656836461126,0.1528150134048257,0.5093833780160858,485,0.0,Sufficient
90214J,"LETTER ""J"" BLING KEY RING",60,75.0,0.1608579088471849,1.1260053619302948,0.4825737265415549,1.6085790884718496,306,0.0,Sufficient
90214K,"LETTER ""K"" BLING KEY RING",63,78.75,0.1689008042895442,1.1823056300268098,0.5067024128686327,1.6890080428954426,173,0.0,Sufficient
90214L,"LETTER ""L"" BLING KEY RING",63,78.75,0.1689008042895442,1.1823056300268098,0.5067024128686327,1.6890080428954426,494,0.0,Sufficient
90214M,"LETTER ""M"" BLING KEY RING",53,66.25,0.1420911528150134,0.994638069705094,0.4262734584450403,1.420911528150134,94,0.0,Sufficient
90214N,"LETTER ""N"" BLING KEY RING",31,38.75,0.0831099195710455,0.581769436997319,0.2493297587131367,0.8310991957104557,81,0.0,Sufficient
90214O,"LETTER ""O"" BLING KEY RING",19,23.75,0.0509383378016085,0.35656836461126,0.1528150134048257,0.5093833780160858,64,0.0,Sufficient
90214P,"LETTER ""P"" BLING KEY RING",30,37.5,0.0804289544235924,0.5630026809651474,0.2412868632707774,0.8042895442359248,402,0.0,Sufficient
90214R,"LETTER ""R"" BLING KEY RING",37,46.25,0.099195710455764,0.6943699731903485,0.2975871313672922,0.9919571045576407,56,0.0,Sufficient
90214S,"LETTER ""S"" BLING KEY RING",74,92.5,0.1983914209115281,1.388739946380697,0.5951742627345844,1.9839142091152813,408,0.0,Sufficient
90214T,"LETTER ""T"" BLING KEY RING",31,38.75,0.0831099195710455,0.581769436997319,0.2493297587131367,0.8310991957104557,441,0.0,Sufficient
90214U,"LETTER ""U"" BLING KEY RING",1,1.25,0.002680965147453,0.0187667560321715,0.0080428954423592,0.0268096514745308,247,0.0,Sufficient
90214V,"LETTER ""V"" BLING KEY RING",8,10.0,0.0214477211796246,0.1501340482573726,0.064343163538874,0.2144772117962466,113,0.0,Sufficient
90214W,"LETTER ""W"" BLING KEY RING",2,2.5,0.0053619302949061,0.0375335120643431,0.0160857908847185,0.0536193029490616,219,0.0,Sufficient
90214Y,"LETTER ""Y"" BLING KEY RING",2,2.5,0.0053619302949061,0.0375335120643431,0.0160857908847185,0.0536193029490616,51,0.0,Sufficient
90214Z,"LETTER ""Z"" BLING KEY RING",5,6.25,0.0134048257372654,0.0938337801608579,0.0402144772117962,0.1340482573726541,325,0.0,Sufficient
ADJUST,Adjustment by john on 26/01/2010 16,32,3538.52,0.0857908847184986,0.6005361930294906,0.257372654155496,0.8579088471849865,477,0.0,Sufficient
ADJUST2,Adjustment by Peter on Jun 25 2010 ,3,731.0500000000001,0.0080428954423592,0.0563002680965147,0.0241286863270777,0.0804289544235924,463,0.0,Sufficient
BANK CHARGES, Bank Charges,20,300.0,0.0536193029490616,0.3753351206434316,0.1608579088471849,0.5361930294906166,277,0.0,Sufficient
C2,CARRIAGE,120,6110.0,0.3217158176943699,2.252010723860589,0.96514745308311,3.217158176943699,395,0.0,Sufficient
D,Discount,196,397.89,0.5254691689008043,3.6782841823056303,1.576407506702413,5.254691689008043,272,0.0,Sufficient
M,Manual,2568,98531.99,6.884718498659518,48.193029490616624,20.654155495978557,68.84718498659518,345,0.0,Sufficient
PADS,PADS TO MATCH ALL CUSHIONS,14,0.014,0.0375335120643431,0.2627345844504021,0.1126005361930294,0.3753351206434315,396,0.0,Sufficient
POST,POSTAGE,2212,48741.08,5.93029490616622,41.51206434316354,17.79088471849866,59.30294906166221,374,0.0,Sufficient
SP1002,KID'S CHALKBOARD/EASEL,5,14.75,0.0134048257372654,0.0938337801608579,0.0402144772117962,0.1340482573726541,268,0.0,Sufficient
TEST001,This is a test product.,50,225.0,0.1340482573726541,0.9383378016085792,0.4021447721179625,1.3404825737265416,292,0.0,Sufficient
TEST002,This is a test product.,1,1.0,0.002680965147453,0.0187667560321715,0.0080428954423592,0.0268096514745308,123,0.0,Sufficient
