Description,TotalPrice
WHITE HANGING HEART T-LIGHT HOLDER,151339.16
REGENCY CAKESTAND 3 TIER,143727.6
Manual,98531.99
ASSORTED COLOUR BIRD ORNAMENT,70291.03
JUMBO BAG RED RETROSPOT,51644.25
POSTAGE,48741.08
ROTATING SILVER ANGELS T-LIGHT HLDR,40156.05
PAPER CHAIN KIT 50'S CHRISTMAS ,36871.55
PARTY BUNTING,35017.3
EDWARDIAN PARASOL NATURAL,34044.75
JUMBO BAG STRAWBERRY,33926.25
VINTAGE UNION JACK BUNTING,33750.96
EDWARDIAN PARASOL BLACK,31183.850000000002
CREAM HEART CARD HOLDER,29888.02
STRAWBERRY CERAMIC TRINKET BOX,29694.86
JUMBO  BAG BAROQUE BLACK WHITE,29349.0
VINTAGE UNION JACK MEMOBOARD,28746.54
BLACK RECORD COVER FRAME,28129.89
HOME BUILDING BLOCK WORD,28028.3
SET/5 RED SPOTTY LID GLASS BOWLS,27778.9
RED HANGING HEART T-LIGHT HOLDER,27300.61
LUNCH BAG RED SPOTTY,26947.6
JUMBO STORAGE BAG SUKI,26443.4
RED RETROSPOT CAKE STAND,26374.19
CHILLI LIGHTS,26262.68
WOOD BLACK BOARD ANT WHITE FINISH,26035.079999999998
JUMBO SHOPPER VINTAGE RED PAISLEY,25542.15
JUMBO BAG PINK VINTAGE PAISLEY,25422.7
COLOUR GLASS. STAR T-LIGHT HOLDER,24965.75
JUMBO BAG PINK WITH WHITE SPOTS,24450.6
JUMBO BAG RED WHITE SPOTTY ,24323.85
DOOR MAT UNION FLAG,24216.23
JUMBO BAG SCANDINAVIAN PAISLEY,24214.9
SCOTTIE DOG HOT WATER BOTTLE,24062.7
CHOCOLATE HOT WATER BOTTLE,23852.4
TEA TIME CAKE STAND IN GIFT BOX,23784.8
HEART OF WICKER LARGE,23551.18
SET/4 WHITE RETRO STORAGE CUBES ,23252.500000000004
WOODEN FRAME ANTIQUE WHITE ,23157.250000000004
RED TOADSTOOL LED NIGHT LIGHT,23050.65
LUNCH BAG  BLACK SKULL.,22500.6
PACK OF 72 RETRO SPOT CAKE CASES,21838.23
RED WOOLLY HOTTIE WHITE HEART.,21692.260000000002
PAPER CHAIN KIT VINTAGE CHRISTMAS,21550.100000000002
PLEASE ONE PERSON METAL SIGN,20986.58
HOT WATER BOTTLE TEA AND SYMPATHY,20727.800000000003
PAPER BUNTING RETRO SPOTS,20723.25
LOVE BUILDING BLOCK WORD,20640.850000000002
ROUND SNACK BOXES SET OF 4 FRUITS ,20296.95
BAKING SET 9 PIECE RETROSPOT ,20117.81
BLACK HEART CARD HOLDER,20117.64
EDWARDIAN PARASOL RED,20066.95
RETRO SPOT TEA SET CERAMIC 11 PC ,19921.27
WOOD S/3 CABINET ANT WHITE FINISH,19908.5
PAPER CHAIN KIT RETRO SPOT,19804.550000000003
LUNCH BAG CARS BLUE,19767.8
SMALL POPCORN HOLDER,19518.21
LUNCH BAG SUKI  DESIGN ,19221.15
LUNCH BAG WOODLAND,18769.6
ROUND SNACK BOXES SET OF4 WOODLAND ,18678.550000000003
GRAND CHOCOLATECANDLE,18658.65
ANTIQUE SILVER TEA GLASS ETCHED,18420.36
RED  HARMONICA IN BOX ,18054.47
WOODEN PICTURE FRAME WHITE FINISH,17583.600000000002
VICTORIAN GLASS HANGING T-LIGHT,17480.65
60 TEATIME FAIRY CAKE CASES,17436.3
PINK HAPPY BIRTHDAY BUNTING,17073.100000000002
COOK WITH WINE METAL SIGN ,17023.41
DOORMAT UNION FLAG,17007.33
VINTAGE UNION JACK CUSHION COVER,16883.72
NATURAL SLATE HEART CHALKBOARD ,16866.95
HEART OF WICKER SMALL,16765.91
JUMBO BAG OWLS,16718.4
BOX OF VINTAGE ALPHABET BLOCKS,16676.0
ZINC METAL HEART DECORATION,16472.75
RECYCLING BAG RETROSPOT ,16417.85
GIN + TONIC DIET METAL SIGN,16319.300000000001
DOORMAT HEARTS,15859.64
HAND OVER THE CHOCOLATE   SIGN ,15565.340000000002
3 HEARTS HANGING DECORATION RUSTIC,15454.2
CERAMIC CAKE STAND + HANGING CAKES,15426.6
PINK CREAM FELT CRAFT TRINKET BOX ,15420.279999999999
SET 7 BABUSHKA NESTING BOXES,15315.300000000001
CREAM SWEETHEART MINI CHEST,15186.31
SWEETHEART CERAMIC TRINKET BOX,15168.64
DOOR MAT RED SPOT,15093.48
RETRO SPOT CAKE STAND,15083.449999999999
PINK 3 PIECE MINI DOTS CUTLERY SET,15067.14
PACK OF 60 PINK PAISLEY CAKE CASES,15045.1
HANGING JAM JAR T-LIGHT HOLDER,14973.31
CREAM CUPID HEARTS COAT HANGER,14864.52
RED/WHITE DOTS RUFFLED UMBRELLA,14796.15
JUMBO BAG SPACEBOY DESIGN,14761.65
RED 3 PIECE MINI DOTS CUTLERY SET,14609.91
LUNCH BAG SPACEBOY DESIGN ,14524.4
WOOD 2 DRAWER CABINET WHITE FINISH,14376.85
COLOUR GLASS T-LIGHT HOLDER HANGING,14193.2
JUMBO BAG WOODLAND ANIMALS,13951.95
TEA TIME PARTY BUNTING,13950.45
LUNCH BAG PINK RETROSPOT,13893.7
BLUE 3 PIECE MINI DOTS CUTLERY SET,13805.16
BLUE HAPPY BIRTHDAY BUNTING,13792.7
PACK OF 6 BIRDY GIFT TAGS,13662.68
LARGE CAKE STAND  HANGING STRAWBERY,13639.47
SMALL GLASS HEART TRINKET POT,13480.800000000001
RED SPOTTY ROUND CAKE TINS,13458.25
SET OF 6 RIBBONS VINTAGE CHRISTMAS,13452.45
HEART FILIGREE DOVE  SMALL,13404.28
FAWN BLUE HOT WATER BOTTLE,13398.35
HANGING HEART ZINC T-LIGHT HOLDER,13229.73
PINK CHERRY LIGHTS,13171.1
HAND WARMER OWL DESIGN,13139.1
FELTCRAFT 6 FLOWER FRIENDS,13035.2
HAND WARMER BIRD DESIGN,12949.800000000001
HAND WARMER SCOTTY DOG DESIGN,12943.800000000001
RED RETROSPOT TRADITIONAL TEAPOT ,12908.49
NO SINGING METAL SIGN,12894.960000000001
SET OF 3 COLOURED  FLYING DUCKS,12847.35
JUMBO BAG TOYS ,12839.45
ASSORTED COLOURS SILK FAN,12784.880000000001
KNITTED UNION FLAG HOT WATER BOTTLE,12616.68
DOOR MAT NEW ENGLAND,12520.95
6 RIBBONS RUSTIC CHARM,12415.95
JUMBO STORAGE BAG SKULLS,12332.35
PINK BLUE FELT CRAFT TRINKET BOX,12295.05
SPACEBOY LUNCH BOX ,12130.65
BLACK/BLUE DOTS RUFFLED UMBRELLA,12089.2
ANTIQUE LILY FAIRY LIGHTS,12081.0
 WHITE CHERRY LIGHTS,11697.300000000001
PLASTERS IN TIN CIRCUS PARADE ,11658.45
VINTAGE CREAM 3 BASKET CAKE STAND,11644.67
VINTAGE HEADS AND TAILS CARD GAME ,11638.12
PACK OF 72 SKULL CAKE CASES,11588.57
MEMO BOARD RETROSPOT  DESIGN,11574.300000000001
PINK PAPER PARASOL ,11573.199999999999
PLASTERS IN TIN SPACEBOY,11533.2
WOODEN CROQUET GARDEN SET,11434.58
SET/20 RED SPOTTY PAPER NAPKINS ,11310.21
HEART IVORY TRELLIS SMALL,11296.56
HOT WATER BOTTLE BABUSHKA ,11289.0
WORLD WAR 2 GLIDERS ASSTD DESIGNS,11285.539999999999
DOLLY GIRL LUNCH BOX,11282.85
DOORMAT FANCY FONT HOME SWEET HOME,11273.83
SILVER HANGING T-LIGHT HOLDER,11254.5
HOME SWEET HOME METAL SIGN ,11206.02
PAPER BUNTING WHITE LACE,11199.150000000001
CHOCOLATE THIS WAY METAL SIGN,11135.720000000001
MINI PAINT SET VINTAGE ,11034.449999999999
RED SPOT HEART HOT WATER BOTTLE,11031.1
NATURAL SLATE CHALKBOARD LARGE ,10957.41
VICTORIAN SEWING BOX LARGE,10897.65
WOODEN BOX ADVENT CALENDAR ,10620.6
LADIES & GENTLEMEN METAL SIGN,10508.4
MEMO BOARD COTTAGE DESIGN,10486.75
HOT BATHS METAL SIGN,10486.68
HEART IVORY TRELLIS LARGE,10471.8
SET OF 72 RETRO SPOT PAPER  DOILIES,10423.199999999999
DOOR MAT FAIRY CAKE,10347.72
GROW YOUR OWN PLANT IN A CAN ,10324.06
WHITE METAL LANTERN,10304.16
DOOR MAT SPOTTY HOME SWEET HOME,10121.69
BAKING SET SPACEBOY DESIGN,10099.47
IVORY KITCHEN SCALES,10090.35
72 SWEETHEART FAIRY CAKE CASES,10077.92
VINTAGE SNAP CARDS,9985.02
FELTCRAFT CUSHION BUTTERFLY,9901.2
DOOR MAT 3 SMILEY CATS,9861.69
PINK HEART SHAPE EGG FRYING PAN,9768.45
PAPER CHAIN KIT EMPIRE,9744.6
GREY HEART HOT WATER BOTTLE,9742.17
DOOR MAT HEARTS,9715.06
SINGLE HEART ZINC T-LIGHT HOLDER,9707.18
15CM CHRISTMAS GLASS BALL 20 LIGHTS,9669.300000000001
ASSORTED COLOUR MINI CASES,9667.68
PAINTED METAL PEARS ASSORTED,9637.5
POTTERING IN THE SHED METAL SIGN,9587.57
3 HOOK PHOTO SHELF ANTIQUE WHITE,9585.64
HANGING HEART JAR T-LIGHT HOLDER,9572.59
WOODEN ROUNDERS GARDEN SET ,9506.68
CAKE STAND 3 TIER MAGIC GARDEN,9471.449999999999
WOODEN SKITTLES GARDEN SET,9449.789999999999
RED SPOTTY BISCUIT TIN,9420.25
GUMBALL COAT RACK,9343.68
DOOR MAT ENGLISH ROSE ,9343.43
MULTI COLOUR SILVER T-LIGHT HOLDER,9335.62
FELTCRAFT BUTTERFLY HEARTS,9313.85
RED RETROSPOT JUMBO BAG ,9289.35
DOORMAT NEW ENGLAND,9221.74
PLASTERS IN TIN WOODLAND ANIMALS,9205.5
HAND WARMER UNION JACK,9194.400000000001
FELTCRAFT CUSHION RABBIT,9182.85
CHILDS BREAKFAST SET DOLLY GIRL ,9013.5
HEART FILIGREE DOVE LARGE,9008.1
WOODEN SCHOOL COLOURING SET,9006.15
BAG 250g SWIRLY MARBLES,8977.45
PACK OF 60 DINOSAUR CAKE CASES,8970.779999999999
VINTAGE UNION JACK DOORSTOP,8868.58
SET/3 RUSSIAN DOLL STACKING TINS,8864.300000000001
BROCADE RING PURSE ,8847.66
HOME SWEET HOME MUG,8823.5
PLASTERS IN TIN STRONGMAN,8761.5
CHICK GREY HOT WATER BOTTLE,8759.1
LUNCH BOX I LOVE LONDON,8743.199999999999
FELTCRAFT DOLL ROSIE,8735.54
CHILDS BREAKFAST SET SPACEBOY ,8646.35
PLASTERS IN TIN VINTAGE PAISLEY ,8642.45
FAMILY ALBUM WHITE PICTURE FRAME,8607.1
RED SPOTTY CHARLOTTE BAG,8468.4
RETROSPOT HEART HOT WATER BOTTLE,8445.45
PICTURE FRAME WOOD TRIPLE PORTRAIT,8408.75
TOY TIDY PINK RETROSPOT  ,8393.1
CHILDS BREAKFAST SET CIRCUS PARADE,8384.78
HOT WATER BOTTLE I AM SO POORLY,8382.15
WOODEN UNION JACK BUNTING,8381.95
METAL SIGN TAKE IT OR LEAVE IT ,8375.02
FILIGRIS HEART WITH BUTTERFLY,8346.26
LIGHT PINK CHERRY LIGHTS,8311.0
LARGE POPCORN HOLDER ,8282.25
HAND WARMER RED RETROSPOT,8204.1
SWEETHEART KEY CABINET,8201.7
ROSES REGENCY TEACUP AND SAUCER ,8195.0
TEA TIME KITCHEN APRON,8192.25
CHRISTMAS LIGHTS 10 REINDEER,8129.400000000001
DOORMAT FAIRY CAKE,8128.0199999999995
ANTIQUE SILVER TEA GLASS ENGRAVED,8103.66
PICNIC BASKET WICKER LARGE,8084.8
FELTCRAFT CUSHION OWL,8057.91
WHITE SKULL HOT WATER BOTTLE ,8050.23
RECIPE BOX WITH METAL HEART,8046.150000000001
PHARMACIE FIRST AID TIN,7974.34
SET/6 RED SPOTTY PAPER PLATES,7957.799999999999
TRADITIONAL MODELLING CLAY,7955.17
VINTAGE POST OFFICE CABINET,7954.87
WOODLAND CHARLOTTE BAG,7936.25
CLASSIC METAL BIRDCAGE PLANT HOLDER,7918.55
RED WHITE SCARF  HOT WATER BOTTLE,7914.150000000001
WOODEN HAPPY BIRTHDAY GARLAND,7913.1
RED KITCHEN SCALES,7896.5
EDWARDIAN PARASOL PINK,7881.1
RED/WHITE DOT MINI CASES,7859.75
PACK OF 12 SUKI TISSUES ,7852.889999999999
DOOR MAT WELCOME PUPPIES,7835.1
SET/10 RED SPOTTY PARTY CANDLES,7826.91
BEWARE OF THE CAT METAL SIGN ,7784.76
DOORMAT WELCOME PUPPIES,7749.67
DOORMAT RED RETROSPOT,7734.6
WHITE DOVE HONEYCOMB PAPER GARLAND,7729.05
WHITE WIRE EGG HOLDER,7715.05
RED SPOTTY SHOPPER BAG,7711.95
FELTCRAFT DOLL MOLLY,7687.9400000000005
WOODEN BOX OF DOMINOES,7652.42
PICNIC BASKET WICKER SMALL,7625.05
DOORMAT SPOTTY HOME SWEET HOME,7601.03
POTTING SHED TEA MUG,7595.7
GLITTER BUTTERFLY CLIPS,7569.0
WHITE WOOD GARDEN PLANT LADDER,7561.9
RETRO SPOT LARGE MILK JUG,7561.6
BABUSHKA LIGHTS STRING OF 10,7447.0
ENAMEL BREAD BIN CREAM,7432.5
TRAVEL SEWING KIT,7432.15
DOOR MAT FANCY FONT HOME SWEET HOME,7415.39
CREAM SWEETHEART WALL CABINET,7398.3099999999995
AFGHAN SLIPPER SOCK PAIR,7388.65
FIRST AID TIN,7356.5
WOODEN ADVENT CALENDAR CREAM,7350.15
"RECORD FRAME 7"" SINGLE SIZE ",7338.3
SET 3 WICKER LOG BASKETS,7320.15
TEA TIME TEA TOWELS ,7318.35
WEEKEND BAG VINTAGE ROSE PAISLEY,7315.950000000001
RETROSPOT TEA SET CERAMIC 11 PC ,7296.55
RED GINGHAM ROSE JEWELLERY BOX,7280.7
3 STRIPEY MICE FELTCRAFT,7275.5
PINK DOUGHNUT TRINKET POT ,7263.45
TEA TIME TABLE CLOTH,7252.8
RIBBON REEL STRIPES DESIGN ,7231.9
SET/2 RED SPOTTY TEA TOWELS ,7225.150000000001
DOORMAT AIRMAIL ,7181.86
DOORMAT ENGLISH ROSE ,7149.6
RETRO SPOT TRADITIONAL TEAPOT ,7149.0
RED RETROSPOT PICNIC BAG,7126.7
DOORMAT 3 SMILEY CATS,7116.2300000000005
DOORMAT RED SPOT,7050.21
STRAWBERRY FAIRY CAKE TEAPOT,7018.25
SET/6 PINK  BUTTERFLY T-LIGHTS,6978.200000000001
SET OF 36 TEATIME PAPER DOILIES,6947.25
DOOR MAT BLACK FLOCK ,6922.9
RECIPE BOX PANTRY YELLOW DESIGN,6897.900000000001
"ASSORTED FLOWER COLOUR ""LEIS""",6888.97
METAL 4 HOOK HANGER FRENCH CHATEAU,6876.700000000001
SMALL FAIRY CAKE FRIDGE MAGNETS,6875.0
GLITTER HANGING BUTTERFLY STRING,6864.0
CERAMIC STRAWBERRY CAKE MONEY BANK,6862.75
PACK OF 6 PANNETONE GIFT BOXES,6860.1
HANGING METAL HEART LANTERN,6844.8
WHITE SPOT RED CERAMIC DRAWER KNOB,6837.33
DOORMAT TOPIARY,6816.44
TOY TIDY SPACEBOY  ,6809.15
SET/10 PINK SPOTTY PARTY CANDLES,6807.88
TWO DOOR CURIO CABINET,6798.45
YOU'RE CONFUSING ME METAL SIGN ,6796.0
VINTAGE SNAKES & LADDERS,6795.69
CREAM SWEETHEART LETTER RACK,6788.62
FRYING PAN UNION FLAG,6787.75
KINGS CHOICE BISCUIT TIN,6779.49
SET 10 LIGHTS NIGHT OWL,6769.45
GREEN 3 PIECE MINI DOTS CUTLERY SET,6762.54
CREAM SWEETHEART TRAYS,6734.5
SOMBRERO ,6728.15
MA CAMPAGNE CUTLERY BOX,6701.4
JUMBO BAG PINK POLKADOT,6671.7
STRAWBERRY LUNCH BOX WITH CUTLERY,6666.0
NOEL WOODEN BLOCK LETTERS ,6662.150000000001
OPEN CLOSED METAL SIGN,6630.3
FELTCRAFT DOLL EMILY,6624.960000000001
SET3 BOOK BOX GREEN GINGHAM FLOWER ,6620.75
PINK/BROWN DOTS RUFFLED UMBRELLA,6607.6
"SET 3 RED SPOT TIN TEA,COFFEE,SUGAR",6605.1
SET OF 2 WOODEN MARKET CRATES,6595.349999999999
DOORMAT RESPECTABLE HOUSE,6588.35
COFFEE MUG CAT + BIRD DESIGN,6562.05
RED SPOTTY COIR DOORMAT,6538.75
VICTORIAN SEWING BOX SMALL ,6518.900000000001
PINK PARTY BAGS,6517.36
SAVE THE PLANET MUG,6516.85
SET OF 20 KIDS COOKIE CUTTERS,6491.7
CLOTHES PEGS RETROSPOT PACK 24 ,6477.38
SET OF 36 PAISLEY FLOWER DOILIES,6436.799999999999
PAPER BUNTING COLOURED LACE,6424.450000000001
PACK OF 60 SPACEBOY CAKE CASES,6412.8
DOOR MAT TOPIARY,6407.06
RETROSPOT CHILDRENS APRON,6406.8
FELTCRAFT CHRISTMAS FAIRY,6402.5
GREEN REGENCY TEACUP AND SAUCER,6352.8
GARDENERS KNEELING PAD,6329.83
BINGO SET,6327.99
POLKADOT CUTLERY 24 PCS IN TRAY,6307.15
WHITE SPOT BLUE CERAMIC DRAWER KNOB,6297.4800000000005
AREA PATROLLED METAL SIGN,6292.280000000001
BOX OF VINTAGE JIGSAW BLOCKS ,6287.95
SET OF 3 HEART COOKIE CUTTERS,6274.75
DOOR MAT MULTICOLOUR STRIPE,6270.6900000000005
FAIRY CAKE FLANNEL ASSORTED COLOUR,6214.65
S/6 WOODEN SKITTLES IN COTTON BAG,6209.150000000001
COOKING SET RETROSPOT,6207.08
STRAWBERRY CHARLOTTE BAG,6195.9
ENAMEL FLOWER JUG CREAM,6192.900000000001
COFFEE MUG DOG + BALL DESIGN,6188.25
DELUXE SEWING KIT ,6185.700000000001
STRAWBERRY   PICNIC BAG,6171.95
WICKER STAR ,6148.2
LUNCH BOX WITH CUTLERY RETROSPOT ,6145.05
FOLKART ZINC HEART CHRISTMAS DEC,6137.13
CARRIAGE,6110.0
RED RETROSPOT SMALL MILK JUG,6108.45
CREAM SWEETHEART SHELF + HOOKS,6097.56
LARGE CIRCULAR MIRROR MOBILE,6081.45
COFFEE MUG APPLES DESIGN,6071.1
INFLATABLE POLITICAL GLOBE ,6057.72
SET OF 3 NOTEBOOKS IN PARCEL,6036.15
PINK FAIRY CAKE CHILD'S APRON,6032.3099999999995
WHITE BEADED GARLAND STRING 20LIGHT,6024.05
ALARM CLOCK BAKELIKE RED ,6011.64
SET OF 20 VINTAGE CHRISTMAS NAPKINS,5986.8
CAMOUFLAGE LED TORCH,5985.39
CANDLEHOLDER PINK HANGING HEART,5981.97
BLUE STRIPE CERAMIC DRAWER KNOB,5978.31
ENCHANTED BIRD COATHANGER 5 HOOK,5976.6900000000005
DOORMAT BLACK FLOCK ,5975.56
VICTORIAN SEWING BOX MEDIUM,5966.150000000001
PACK OF 12 HEARTS DESIGN TISSUES ,5931.95
PACK OF 12 RED SPOTTY TISSUES ,5922.509999999999
SET/10 BLUE SPOTTY PARTY CANDLES,5921.35
PACK OF 12 PINK PAISLEY TISSUES ,5916.07
MINT KITCHEN SCALES,5883.7
BLUE HARMONICA IN BOX ,5856.09
SET/5 RED RETROSPOT LID GLASS BOWLS,5853.8
SET OF 6 SOLDIER SKITTLES,5827.05
RED SPOT CERAMIC DRAWER KNOB,5816.32
CAKE STAND WHITE TWO TIER LACE,5812.3
MOROCCAN TEA GLASS,5800.8099999999995
PACK OF 72 RETROSPOT CAKE CASES,5798.83
I CAN ONLY PLEASE ONE PERSON MUG,5787.17
DOORMAT HOME SWEET HOME BLUE ,5781.13
SET/3 RED GINGHAM ROSE STORAGE BOX,5779.14
PLASTERS IN TIN SKULLS,5772.6
PARTY METAL SIGN ,5767.099999999999
RETRO RED SPOTTY WASHING UP GLOVES,5747.46
NATURAL SLATE RECTANGLE CHALKBOARD,5716.35
I'M ON HOLIDAY METAL SIGN,5700.6
GAOLERS KEYS DECORATIVE GARDEN ,5690.96
WHITE CHERRY LIGHTS,5687.5
PINK REGENCY TEACUP AND SAUCER,5669.3
SET/6 RED SPOTTY PAPER CUPS,5657.21
ADVENT CALENDAR GINGHAM SACK,5616.0
VINTAGE BLUE KITCHEN CABINET,5605.0
FOOD CONTAINER SET 3 LOVE HEART ,5596.65
RED RETROSPOT MUG,5588.1
FULL ENGLISH BREAKFAST PLATE,5551.59
LOVE LARGE WOOD LETTERS ,5543.1
SMALL CHINESE STYLE SCISSOR,5503.22
TEA BAG PLATE RED SPOTTY ,5496.02
PAPER BUNTING VINTAGE PAISLEY,5467.25
60 CAKE CASES VINTAGE CHRISTMAS,5455.72
PACK 3 BOXES CHRISTMAS PANNETONE,5445.15
IVORY HANGING DECORATION  HEART,5435.79
RETRO COFFEE MUGS ASSORTED,5408.87
PACK OF 12 WOODLAND TISSUES ,5406.93
LARGE RED SPOT WINDMILL,5390.4
CHRISTMAS LIGHTS 10 VINTAGE BAUBLES,5381.150000000001
CAKE STAND LOVEBIRD 2 TIER PINK,5374.6
CHARLOTTE BAG SUKI DESIGN,5371.15
WALL MOUNTED VINTAGE ORGANISER,5339.79
LAVENDER SCENTED FABRIC HEART,5328.9
RED STRIPE CERAMIC DRAWER KNOB,5309.22
SET OF 3 CASES WOODLAND DESIGN,5298.650000000001
TRADITIONAL WOODEN CATCH CUP GAME ,5283.92
SET OF 72 PINK HEART PAPER DOILIES,5274.37
VICTORIAN  METAL POSTCARD SPRING,5257.59
PAPER CHAIN KIT SKULLS ,5256.900000000001
GLASS CAKE COVER AND PLATE,5242.65
DOORMAT UNION JACK GUNS AND ROSES,5237.98
KINGS CHOICE MUG,5234.36
FAIRY CAKE CANDLES,5230.61
ROUND CONTAINER SET OF 5 RETROSPOT,5229.1
RIBBON REEL LACE DESIGN ,5215.7
SET OF 3 BUTTERFLY COOKIE CUTTERS,5200.15
KINGS CHOICE TEA CADDY ,5198.1
MINI WOODEN HAPPY BIRTHDAY GARLAND,5175.27
ZINC FOLKART SLEIGH BELLS,5174.96
ROUND SNACK BOXES SET OF 4 SKULLS,5170.700000000001
CHRISTMAS LIGHTS 10 SANTAS ,5169.7
SET OF THREE VINTAGE GIFT WRAPS,5167.049999999999
RED SPOTTY BOWL,5145.87
RETRO SPORT PARTY BAG + STICKER SET,5122.15
SUKI  SHOULDER BAG,5118.25
LUNCH BAG DOLLY GIRL DESIGN,5106.2
RED SPOTS  WRAP ,5105.0
PINK FAIRY CAKE CHILDRENS APRON,5095.95
COFFEE MUG PEARS  DESIGN,5086.110000000001
PLACE SETTING WHITE HEART,5074.98
GLASS HONEYPOT WASP CATCHER,5073.15
MINI CAKE STAND  HANGING STRAWBERY,5069.45
HAND WARMER BABUSHKA DESIGN,5034.6
RED SPOTTY PLATE ,5015.91
BLUE SPOT CERAMIC DRAWER KNOB,5003.71
10 COLOUR SPACEBOY PEN,5000.429999999999
12 PENCILS SMALL TUBE RED SPOTTY,4998.05
WOOLLY HAT SOCK GLOVE ADVENT STRING,4995.85
ALARM CLOCK BAKELIKE GREEN,4989.81
PINK FLORAL FELTCRAFT SHOULDER BAG,4974.39
COSY HOUR GIANT TUBE MATCHES,4961.4
CARD HOLDER GINGHAM HEART,4909.2
CARDHOLDER HOLLY WREATH METAL,4908.27
6 EGG HOUSE PAINTED WOOD,4902.25
BOYS VINTAGE TIN SEASIDE BUCKET,4896.8099999999995
RIBBON REEL HEARTS DESIGN ,4896.4
CHRISTMAS GINGHAM HEART,4894.93
HAND WARMER RED POLKA DOT,4876.2
LUNCH BAG RED RETROSPOT,4873.8
GINGHAM HEART  DOORSTOP RED,4872.88
RED SPOTTY PEG BAG,4858.62
GIRLS VINTAGE TIN SEASIDE BUCKET,4855.62
FAIRY TALE COTTAGE NIGHTLIGHT,4852.349999999999
KASHMIR FOLKART TUMBLERS,4827.82
GLASS  BEURRE DISH,4823.030000000001
ANT WHITE WIRE HEART SPIRAL,4788.4
CORONA MEXICAN TRAY,4786.2
PICTURE DOMINOES,4776.799999999999
CIRCUS PARADE LUNCH BOX ,4762.8
BATH BUILDING BLOCK WORD,4762.150000000001
SET/3 VANILLA SCENTED CANDLE IN BOX,4760.19
PACK 20 ENGLISH ROSE PAPER NAPKINS,4756.5
CAKE STAND LOVEBIRD 2 TIER WHITE,4750.45
WASHROOM METAL SIGN,4739.4400000000005
ASSTD DESIGN RACING CAR PEN,4738.62
SKULLS PARTY BAG + STICKER SET,4734.349999999999
WHEELBARROW FOR CHILDREN ,4727.219999999999
VINTAGE RED KITCHEN CABINET,4720.0
RETRO SPOT LAMP,4718.9
"HOOK, 5 HANGER ,MAGIC TOADSTOOL RED",4718.849999999999
FELTCRAFT PRINCESS CHARLOTTE DOLL,4715.07
TRADITIONAL WOODEN SKIPPING ROPE,4703.5599999999995
LARGE HEART MEASURING SPOONS,4695.45
SET/6 TURQUOISE BUTTERFLY T-LIGHTS,4686.530000000001
PACK OF 60 MUSHROOM CAKE CASES,4667.2
VINYL RECORD FRAME SILVER,4648.59
FOUR HOOK  WHITE LOVEBIRDS,4629.24
ASSTD DESIGN BUBBLE GUM RING,4622.099999999999
CERAMIC CAKE BOWL + HANGING CAKES,4619.5
JUMBO BAG CHARLIE AND LOLA TOYS,4616.55
CHARLIE + LOLA RED HOT WATER BOTTLE,4612.35
LOVE GARLAND PAINTED ZINC ,4599.75
RED FLORAL FELTCRAFT SHOULDER BAG,4593.6
PARTY CONE CHRISTMAS DECORATION ,4586.3099999999995
"HOOK, 5 HANGER , MAGIC TOADSTOOL",4560.3
AGED GLASS SILVER T-LIGHT HOLDER,4559.5
DOOR MAT UNION JACK GUNS AND ROSES,4547.29
PINK 3 PIECE POLKADOT CUTLERY SET,4539.4800000000005
WELCOME  WOODEN BLOCK LETTERS,4532.18
DOORMAT MULTICOLOUR STRIPE,4527.75
DOORSTOP RETROSPOT HEART,4499.04
RED SPOTTY CHILDS APRON,4482.6
ENGLISH ROSE DESIGN PEG BAG,4478.78
RED SPOTTY CHILDS UMBRELLA,4464.5
CERAMIC BOWL WITH STRAWBERRY DESIGN,4461.400000000001
CREAM SWEETHEART MAGAZINE RACK,4455.25
KINGS CHOICE GIANT TUBE MATCHES,4453.8
S/4 BLUE ROUND DECOUPAGE BOXES,4445.139999999999
FRYING PAN RED POLKADOT ,4442.96
RED RETROSPOT UMBRELLA,4405.85
CAKE STAND LACE WHITE,4402.5
ENGLISH ROSE DESIGN QUILTED THROW,4391.1
PIGGY BANK RETROSPOT ,4377.0
CERAMIC CAKE DESIGN SPOTTED MUG,4376.7699999999995
WOODEN REGATTA BUNTING,4353.8
PACK OF 20 SKULL PAPER NAPKINS,4314.0
FELTCRAFT PRINCESS LOLA DOLL,4313.82
GIRLS ALPHABET IRON ON PATCHES ,4311.57
SET OF 12 ROSE BOTANICAL T-LIGHTS,4311.05
RED SPOTTY APRON ,4292.3
PINK  SPOTTY PLATE ,4291.59
LOVEBIRD HANGING DECORATION WHITE ,4290.38
BOX OF 24 COCKTAIL PARASOLS,4277.24
METAL MERRY CHRISTMAS WREATH,4265.099999999999
MAN FLU METAL SIGN,4255.8
ORGANISER WOOD ANTIQUE WHITE ,4254.5
JUMBO BAG DOLLY GIRL DESIGN,4239.45
WRAP PINK FAIRY CAKES ,4238.12
CERAMIC HEART FAIRY CAKE MONEY BANK,4237.099999999999
ROSE CARAVAN DOORSTOP,4233.55
BOTTLE BAG RETROSPOT ,4230.4
PICCADILLY TEA SET,4212.55
SWEETHEART CAKESTAND 3 TIER,4206.55
TEA TIME TEAPOT IN GIFT BOX,4194.11
LARGE CAKE STAND HANGING HEARTS,4194.07
CACTI T-LIGHT CANDLES,4177.14
CHILDS APRON SPACEBOY DESIGN,4174.35
GLASS JAR DIGESTIVE BISCUITS,4144.28
SCANDINAVIAN REDS RIBBONS,4142.78
CALENDAR PAPER CUT DESIGN,4137.950000000001
CHRISTMAS TOILET ROLL,4133.06
KINGS CHOICE CIGAR BOX MATCHES ,4128.78
WILLOW BRANCH LIGHTS.,4121.25
WHITE LOVEBIRD LANTERN,4117.1
ENAMEL MEASURING JUG CREAM,4108.5
RED RETROSPOT BUTTER DISH,4100.55
DOORMAT FRIENDSHIP ,4099.43
SKULL LUNCH BOX WITH CUTLERY ,4087.65
DOORMAT NEIGHBOURHOOD WITCH ,4087.4900000000002
PAPER CHAIN KIT RETROSPOT,4062.3500000000004
SWEETHEART CREAM STEEL FOLDIN BENCH,4049.85
CREAM SLICE FLANNEL PINK SPOT ,4034.5000000000005
HANGING METAL STAR LANTERN,4006.9500000000003
POLKADOT PEN,4005.58
NOVELTY BISCUITS CAKE STAND 3 TIER,4000.15
12 PENCILS SMALL TUBE SKULL,3977.2000000000003
UNION STRIPE WITH FRINGE  HAMMOCK,3973.75
RETRO SPOT SMALL MILK JUG,3969.15
BLUE DINER WALL CLOCK,3965.85
4 TRADITIONAL SPINNING TOPS,3964.6
CERAMIC CHERRY CAKE MONEY BANK,3950.2
STRAWBERRY SHOPPER BAG,3938.9
GIN AND TONIC MUG,3935.4
HALL CABINET WITH 3 DRAWERS,3913.6899999999996
BLUE PARTY BAGS ,3905.1
PACK OF 6 SKULL PAPER PLATES,3895.2
S/4 CACTI CANDLES,3894.4500000000003
RECIPE BOX BLUE SKETCHBOOK DESIGN,3892.3500000000004
TEA COSY VINTAGE UNION JACK,3885.93
"MIRROR, ARCHED GEORGIAN",3884.000000000001
PINK SPOTTY BOWL,3882.65
36 PENCILS TUBE RED SPOTTY,3882.29
BLUE 3 PIECE POLKADOT CUTLERY SET,3878.52
RETRO SPOT MUG,3878.2000000000003
RED RETROSPOT SUGAR JAM BOWL,3874.8
FANNY'S REST STOPMETAL SIGN,3870.7200000000003
FAIRY CAKE BIRTHDAY CANDLE SET,3864.6
RED HEART SHAPE LOVE BUCKET ,3850.3
GLASS JAR ENGLISH CONFECTIONERY,3846.0000000000005
WASH BAG VINTAGE ROSE PAISLEY,3839.55
SET OF 3 BABUSHKA STACKING TINS,3833.15
RED SPOTTY TABLECLOTH ,3832.5
SKULL AND CROSSBONES  GARLAND ,3828.0499999999997
GROW YOUR OWN HERBS SET OF 3,3824.4900000000002
FANCY FONT HOME SWEET HOME DOORMAT,3822.5
PINK BABY BUNTING,3821.2
PINK VINTAGE PAISLEY PICNIC BAG,3807.55
FUNKY WASHING UP GLOVES ASSORTED,3806.4600000000005
COLOURING PENCILS BROWN TUBE,3804.85
RETRO SPOTS BUTTER DISH,3793.5
SLATE TILE NATURAL HANGING,3790.65
SPOTTY  HOME SWEET HOME DOORMAT,3785.5
BIG DOUGHNUT FRIDGE MAGNETS,3775.33
TRADITIONAL CHRISTMAS RIBBONS,3774.0299999999997
CHRISTMAS METAL TAGS ASSORTED ,3772.08
20 DOLLY PEGS RETROSPOT,3769.63
MIRRORED DISCO BALL ,3766.7000000000003
CHARLIE+LOLA PINK HOT WATER BOTTLE,3765.1000000000004
SMALL HEART FLOWERS HOOK ,3761.7099999999996
SET OF 6 T-LIGHTS SANTA,3757.3500000000004
DAIRY MAID TRADITIONAL TEAPOT ,3756.25
12 EGG HOUSE PAINTED WOOD,3751.4
UNION JACK GUNS & ROSES  DOORMAT,3737.4500000000003
BATHROOM METAL SIGN,3724.11
PEARL CRYSTAL PUMPKIN T-LIGHT HLDR,3705.9
BROWN CHECK CAT DOORSTOP ,3692.25
TEA TIME OVEN GLOVE,3683.7
HEART DECORATION PAINTED ZINC ,3678.7
CHILDRENS APRON SPACEBOY DESIGN,3676.5
RED DINER WALL CLOCK,3656.7
GLAMOROUS  MUG,3654.77
DOORMAT WELCOME TO OUR HOME,3652.23
RED SPOTTY CUP,3649.17
RETRO SPOT  CIGAR BOX MATCHES ,3648.25
BREAD BIN DINER STYLE IVORY,3647.45
VINTAGE UNION JACK APRON,3643.35
SET OF 3 BLUE STRIPE BASKET,3632.9700000000003
RED RETROSPOT STORAGE JAR,3628.56
CHOCOLATE CALCULATOR,3618.9
BLUE  SPOTTY PLATE ,3609.2799999999997
HOME SMALL WOOD LETTERS,3588.75
36 DOILIES VINTAGE CHRISTMAS,3585.6
AIRLINE BAG VINTAGE TOKYO 78,3583.1
FANCY FONTS BIRTHDAY WRAP,3579.5
UTILTY CABINET WITH HOOKS,3576.25
SET OF 6 T-LIGHTS SNOWMEN,3573.3500000000004
HAPPY STENCIL CRAFT,3564.3
PACK OF 6 SWEETIE GIFT BOXES,3564.3
PARTY CONES CARNIVAL ASSORTED,3548.75
GROW YOUR OWN FLOWERS SET OF 3,3547.41
"HOOK, 3 HANGER ,MAGIC GARDEN",3533.2499999999995
PACK OF 12 LONDON TISSUES ,3531.06
"DIAMANTE HEART SHAPED WALL MIRROR, ",3529.76
 RED/WHITE DOT MINI CASES,3528.18
PLEASE ONE PERSON  METAL SIGN,3524.7000000000003
TRADITIONAL KNITTING NANCY,3522.25
BLUE PAPER PARASOL ,3516.65
WOODEN ADVENT CALENDAR RED,3514.0499999999997
RIBBON REEL SPOTS DESIGN ,3509.05
SET/4 BLUE FLOWER CANDLES IN BOWL,3501.0
HOMEMADE JAM SCENTED CANDLES,3499.2
UNION JACK HOT WATER BOTTLE ,3490.8
ANTIQUE GLASS HEART DECORATION ,3482.1
SAVE THE PLANET COTTON TOTE BAG,3471.75
VINTAGE BILLBOARD DRINK ME MUG,3471.73
RED 3 PIECE RETROSPOT CUTLERY SET,3465.66
GARDEN METAL SIGN ,3463.05
RIBBON REEL SNOWY VILLAGE,3463.05
POPPY'S PLAYHOUSE KITCHEN,3459.9
PICNIC BOXES SET OF 3 RETROSPOT ,3443.9500000000003
GREEN CHRISTMAS TREE CARD HOLDER,3441.5
FLORAL ELEPHANT SOFT TOY,3434.25
MILK PAN RED RETROSPOT,3424.26
TV DINNER TRAY DOLLY GIRL,3420.1
S/16 VINTAGE IVORY CUTLERY,3420.0
RETROSPOT PADDED SEAT CUSHION,3413.7
MAGNETS PACK OF 4 CHILDHOOD MEMORY,3409.94
RED SPOTTY OVEN GLOVE DOUBLE,3408.4
SPACEBOY BIRTHDAY CARD,3400.56
CHRISTMAS RETROSPOT HEART WOOD,3375.42
RED BABY BUNTING ,3370.85
"CHARLOTTE BAG , PINK/WHITE SPOTS",3360.0
CAMOFLAGE DESIGN TEDDY,3358.8
VANILLA SCENT CANDLE JEWELLED BOX,3345.72
LUNCH BOX WITH CUTLERY FAIRY CAKES ,3345.15
TROPICAL  HONEYCOMB PAPER GARLAND ,3341.25
DOOR MAT BIRD ON THE WIRE,3337.8
ENAMEL WATERING CAN CREAM,3334.19
KEY CABINET MA CAMPAGNE,3333.39
MINATURE COLOURED GARDENING SET,3331.7000000000003
ALARM CLOCK BAKELIKE PINK,3329.64
ROSE COTTAGE KEEPSAKE BOX ,3326.7999999999997
12 PENCIL SMALL TUBE WOODLAND,3325.5
POPPY'S PLAYHOUSE BEDROOM ,3325.5
GLASS STAR FROSTED T-LIGHT HOLDER,3317.4500000000003
VICTORIAN SEWING KIT,3311.6
COFFEE MUG BLUE PAISLEY DESIGN,3304.3500000000004
GROW YOUR OWN BASIL IN ENAMEL MUG,3299.4
HEART DECORATION WITH PEARLS ,3293.71
RAIN PONCHO WITH RED SPOTS,3288.7
"RUSTIC WOODEN CABINET, GLASS DOORS",3287.72
BOYS ALPHABET IRON ON PATCHES,3280.5299999999997
ALARM CLOCK BAKELIKE IVORY,3273.39
LADYBIRD + BEE RAFFIA FOOD COVER,3256.95
STRAWBERRY LUNCHBOX WITH CUTLERY,3236.7
"CHARLOTTE BAG , SUKI DESIGN",3233.7
RECIPE BOX RETROSPOT ,3230.1000000000004
LAUNDRY 15C METAL SIGN,3225.52
FIVE HEART HANGING DECORATION,3220.4500000000003
"KEY FOB , SHED",3219.01
LUNCHBOX WITH CUTLERY FAIRY CAKES ,3215.25
LUNCHBOX WITH CUTLERY RETROSPOT ,3214.35
VINTAGE UNION JACK SHOPPING BAG,3210.75
NEWSPAPER STAND,3210.2999999999997
BALLOON PUMP WITH 10 BALLOONS,3205.0499999999997
CABIN BAG VINTAGE RETROSPOT,3204.15
FELTCRAFT DOLL MARIA,3199.6600000000003
RED HANGING METAL STAR TLIGHT HLDR,3199.17
BLUE SPOTTY BOWL,3197.16
MAGIC DRAWING SLATE SPACEBOY ,3194.1600000000003
CHINESE DRAGON PAPER LANTERNS,3193.74
LARGE CAKE TOWEL PINK SPOTS,3192.15
RED STAR CARD HOLDER,3190.8
PACK OF 12 TRADITIONAL CRAYONS,3189.48
WHITE JEWELLED HEART DECORATION,3181.22
GLASS JAR KINGS CHOICE,3177.68
RETRO SPOT SMALL TUBE MATCHES,3176.85
PHOTO FRAME CORNICE,3174.0
WATERING CAN PINK BUNNY,3160.47
DOCTOR'S BAG SOFT TOY,3157.7999999999997
RED RETROSPOT ROUND CAKE TINS,3153.5499999999997
6 CHOCOLATE LOVE HEART T-LIGHTS,3153.48
IVY HEART WREATH,3152.5
CHARLOTTE BAG PINK WITH WHITE SPOTS,3151.2
CHALKBOARD KITCHEN ORGANISER,3148.9
SET/20 STRAWBERRY PAPER NAPKINS ,3135.24
PACK OF 6 HANDBAG GIFT BOXES,3132.15
CERAMIC STRWBERRY DESIGN MUG,3130.25
TOADSTOOL MONEY BOX,3126.0000000000005
SKULLS  WATER TRANSFER TATTOOS ,3123.0
GREY FLORAL FELTCRAFT SHOULDER BAG,3118.59
HOLIDAY FUN LUDO,3118.29
TOAST ITS - I LOVE YOU ,3109.25
SKULL SHOULDER BAG,3109.15
PINK SPOTS  WRAP ,3102.5
GREEN CHERRY LIGHTS,3100.2000000000003
RED SPOTTY OVEN GLOVE ,3095.44
STAR PORTABLE TABLE LIGHT ,3089.9000000000005
RED GINGHAM TEDDY BEAR ,3086.1000000000004
CITRONELLA CANDLE FLOWERPOT,3068.25
COFFEE MUG PINK PAISLEY DESIGN,3061.56
PACK OF 12 PINK SPOT TISSUES ,3058.93
VINTAGE RED TEATIME MUG,3055.84
MINI CAKE STAND WITH HANGING CAKES,3053.4
SET OF 2 FANCY FONT TEA TOWELS,3042.3500000000004
HEART SHAPED MIRROR,3041.07
RETRO SPOT GIANT  TUBE MATCHES,3034.9500000000003
DOORMAT I LOVE LONDON,3027.04
 SET 2 TEA TOWELS I LOVE LONDON ,3022.65
BLACK AND WHITE PAISLEY FLOWER MUG,3019.57
"FOLDING UMBRELLA , BLACK/BLUE  SPOT",3015.6
FAMILY PHOTO FRAME CORNICE,3011.6
PACK 3 BOXES BIRD PANNETONE ,3011.3999999999996
FRENCH WC SIGN BLUE METAL,3011.12
ZINC WILLIE WINKIE  CANDLE STICK,3007.22
RIBBON REEL CHRISTMAS PRESENT ,2998.65
RED RETROSPOT TEA CUP AND SAUCER ,2993.88
BOOM BOX SPEAKER BOYS,2993.55
SPACEBOY GIFT WRAP,2993.3
PINK SPOTTY CHILDS UMBRELLA,2991.25
DOOR MAT AIRMAIL ,2988.53
PEACE WOODEN BLOCK LETTERS,2987.25
WOODLAND DESIGN  COTTON TOTE BAG,2983.5
PIG KEYRING WITH LIGHT & SOUND ,2976.35
RED/WHITE SPOT PICNIC BAG,2974.45
METAL SIGN EMPIRE TEA,2974.0200000000004
SET OF 9 BLACK SKULL BALLOONS,2973.35
CHARLIE + LOLA BISCUITS TINS,2963.15
STRING OF 20 ROSE LIGHTS,2962.5
RED RETROSPOT MINI CASES,2945.25
SCANDINAVIAN PAISLEY PICNIC BAG,2936.15
DOOR MAT FRIENDSHIP ,2934.31
BLACK/BLUE POLKADOT UMBRELLA,2931.75
SPACEBOY TV DINNER TRAY,2929.0
SMALL HEART MEASURING SPOONS,2927.72
MONSTERS STENCIL CRAFT,2922.62
WHITE SWEETHEARTS CABINET 4 DRAWERS,2915.25
VINTAGE BILLBOARD TEA MUG,2914.1
SET 12 KIDS COLOUR  CHALK STICKS,2913.96
SKULLS  STICKERS,2912.85
SET/10 RED POLKADOT PARTY CANDLES,2907.09
TEA TIME DES TEA COSY,2902.05
PEACE SMALL WOOD LETTERS,2896.65
PIZZA SLICE DISH,2891.4500000000003
METAL SIGN NEIGHBOURHOOD WITCH ,2889.0000000000005
SWALLOWS GREETING CARD,2882.94
ENGLISH ROSE HOT WATER BOTTLE,2876.0
CERAMIC PLATE STRAWBERRY DESIGN,2860.0099999999998
OVERNIGHT BAG VINTAGE ROSE PAISLEY,2859.55
CLASSIC WHITE FRAME,2849.3
DOORMAT MERRY CHRISTMAS RED ,2847.1
METAL SHELF WITH RAIL ,2839.0
S/16 VINTAGE RED CUTLERY,2836.95
3 TIER CAKE TIN RED AND CREAM,2834.25
SILVER CHRISTMAS TREE BAUBLE STAND ,2833.2999999999997
WOODLAND PARTY BAG + STICKER SET,2819.25
WOODEN HEART CHRISTMAS SCANDINAVIAN,2816.0499999999997
RED METAL BEACH SPADE ,2815.15
CERAMIC CAKE DESIGN SPOTTED PLATE,2813.7999999999997
PACK OF 12 SKULL TISSUES,2809.17
SET OF 3 BLACK FLYING DUCKS,2809.15
COSY HOUR CIGAR BOX MATCHES ,2805.44
PACK OF 12 COLOURED PENCILS,2805.07
WALL TIDY RETROSPOT ,2802.2
"FOLDING UMBRELLA , RED/WHITE SPOT",2799.0
CHARLIE AND LOLA CHARLOTTE BAG,2798.05
SET OF 2 TINS VINTAGE BATHROOM ,2797.5
ROUND CAKE TIN VINTAGE RED,2793.75
BIRD HOUSE HOT WATER BOTTLE,2793.4500000000003
SEWING BOX RETROSPOT DESIGN ,2793.2999999999997
FINE WICKER HEART ,2792.92
JOY WOODEN BLOCK LETTERS,2787.75
PINK PAISLEY QUILT ,2784.8
POLYESTER FILLER PAD 40x40cm,2776.75
SET OF 3 RED STRIPE BASKETS,2769.44
"KEY FOB , BACK DOOR ",2765.31
PINK  SPOTTY CUP,2756.7
KENSINGTON COFFEE SET,2746.5
CHRISTMAS GINGHAM STAR,2746.27
PAINT YOUR OWN CANVAS SET,2745.9
FELTCRAFT PRINCESS OLIVIA DOLL,2744.19
GREEN 3 PIECE POLKADOT CUTLERY SET,2738.82
GLASS JAR DAISY FRESH COTTON WOOL,2738.25
TEA PARTY BIRTHDAY CARD,2738.22
3D DOG PICTURE PLAYING CARDS,2737.4500000000003
BREAD BIN DINER STYLE RED ,2733.2999999999997
CHOCOLATE BOX RIBBONS ,2724.17
FAIRY CAKE DESIGN UMBRELLA,2722.8
ROCKING HORSE RED CHRISTMAS ,2710.5299999999997
SWEETHEART RECIPE BOOK STAND,2705.6
STRAWBERRY BATH SPONGE ,2705.05
ASSORTED COLOUR T-LIGHT HOLDER,2704.9700000000003
PINK PADDED MOBILE,2693.5
OFFICE MUG WARMER BLACK+SILVER ,2692.75
TOY TIDY PINK POLKADOT,2690.0
36 PENCILS TUBE SKULLS,2683.49
BLACK KITCHEN SCALES,2680.9
CHRISTMAS PUDDING TRINKET POT ,2680.75
RECIPE BOX RETRO SPOT DESIGN,2674.0000000000005
"DECORATION HEN ON NEST, HANGING",2673.9
METAL MEDINA LANTERN ,2670.6
POPPY'S PLAYHOUSE LIVINGROOM ,2670.3
STRAWBERRY RAFFIA FOOD COVER,2659.8
PARTY CONES CANDY ASSORTED,2650.96
"HOOK, 1 HANGER ,MAGIC GARDEN",2649.29
SET OF 9 HEART SHAPED BALLOONS,2643.5
DINOSAUR LUNCH BOX WITH CUTLERY,2643.0
ALARM CLOCK BAKELIKE ORANGE,2634.81
MONEY BOX KINGS CHOICE DESIGN,2629.64
HANGING METAL BIRD BATH,2613.9
SANDWICH BATH SPONGE,2608.75
PACK OF 6 SKULL PAPER CUPS,2605.11
FAIRY SOAP SOAP HOLDER,2596.68
PINK  HEART SHAPE LOVE BUCKET ,2592.2500000000005
"WALL MIRROR , DIAMANTE OVAL SHAPE",2591.85
WHITE HANGING BEADS CANDLE HOLDER,2582.4500000000003
5 HOOK BLACKBOARD ORGANISER ,2579.64
SET OF 72 IVORY PAPER DOILIES,2578.2
SWALLOW GIANT TUBE MATCHES,2573.25
CINAMMON & ORANGE WREATH,2572.5
SET/3 OCEAN SCENT CANDLE JEWEL BOX,2568.51
NURSE'S BAG SOFT TOY,2566.5499999999997
CHRISTMAS CRAFT HEART STOCKING ,2566.0
BLUE SPOTS  WRAP,2555.0
CHRISTMAS RETROSPOT STAR WOOD,2549.3199999999997
BLUE  SPOTTY CUP,2542.23
"DOG BOWL , CHASING BALL DESIGN",2537.13
SWEETHEART CREAM STEEL TABLE RECT,2533.65
APPLE BATH SPONGE,2532.55
ROSE SCENT CANDLE IN JEWELLED BOX,2532.36
"KEY FOB , GARAGE DESIGN",2526.76
LUSH GREENS RIBBONS,2525.36
VINTAGE BILLBOARD LOVE/HATE MUG,2525.2400000000002
DAIRY MAID LARGE MILK JUG,2522.85
VINTAGE SEASIDE JIGSAW PUZZLES,2522.49
RED PAPER PARASOL,2520.05
BLACK DINER WALL CLOCK,2501.55
RED/CREAM STRIPE FRINGE HAMMOCK,2483.75
SET 12 RETRO WHITE CHALK STICKS,2483.7
FRYING PAN PINK POLKADOT ,2483.0
CUPCAKE LACE PAPER SET 6,2482.35
SET/6 PURPLE BUTTERFLY T-LIGHTS,2482.26
S/16 VINTAGE PISTACHIO CUTLERY,2482.0499999999997
PENS ASSORTED FUNNY FACE,2481.84
DOOR MAT RESPECTABLE HOUSE,2479.86
FLOWER VINE RAFFIA FOOD COVER,2468.55
POTTING SHED TWINE,2467.98
PINK HEART DOTS HOT WATER BOTTLE,2466.87
WRAP ENGLISH ROSE ,2465.48
LOVE HEART SOCK HANGER,2461.5
JOY LARGE WOOD LETTERS,2457.1
36 PENCILS TUBE WOODLAND,2456.96
LOVE HEART NAPKIN BOX ,2453.25
AIRLINE BAG VINTAGE JET SET RED,2450.0
"SWISS ROLL TOWEL, PINK  SPOTS",2444.4000000000005
WHITE TISSUE REAM,2440.65
RETRO SPOT STORAGE JAR,2439.09
MAGIC DRAWING SLATE DOLLY GIRL ,2424.42
EASTER TIN BUCKET,2424.0
CHARLOTTE BAG DOLLY GIRL DESIGN,2420.1
"SPRING DEC , HANGING CHICK CREAM",2419.2
FLAMINGO LIGHTS,2416.85
"FANCY FONT BIRTHDAY CARD, ",2415.7200000000003
6 RIBBONS ELEGANT CHRISTMAS ,2415.4500000000003
PAPER BUNTING RETROSPOT,2414.4500000000003
SET/4 PINK ORCHID CANDLES IN BOWL,2397.7799999999997
GLASS ETCHED T-LIGHT HOLDER LARGE,2397.3
ASSORTED TUTTI FRUTTI SMALL PURSE,2391.7400000000002
SET OF 72 RETROSPOT PAPER  DOILIES,2387.7999999999997
CARDHOLDER GINGHAM STAR,2386.95
MILK PAN PINK RETROSPOT,2385.7200000000003
DINOSAUR PARTY BAG + STICKER SET,2385.2
HEART GARLAND RUSTIC PADDED,2385.0
WATERING CAN BLUE ELEPHANT,2384.4
WATERING CAN GREEN DINOSAUR,2377.5899999999997
WOODLAND  HEIGHT CHART STICKERS ,2376.3500000000004
TOILET METAL SIGN,2373.29
PHOTO CUBE,2370.0
RIBBON REEL CHRISTMAS SOCK BAUBLE,2367.6
CITRONELLA CANDLE GARDEN POT,2359.87
EMBOSSED GLASS TEALIGHT HOLDER,2359.25
PORCELAIN BUTTERFLY OIL BURNER,2354.2500000000005
HEART WOODEN CHRISTMAS DECORATION,2353.0299999999997
DOORMAT WELCOME SUNRISE,2349.52
12 PENCILS SMALL TUBE RED RETROSPOT,2346.5
"POPCORN HOLDER , SMALL ",2344.2999999999997
EASTER CRAFT IVY WREATH WITH CHICK,2340.9
SET OF 2 TEA TOWELS APPLE AND PEARS,2337.7000000000003
BOMBS AWAY METAL SIGN,2332.7400000000002
CHRISTMAS GINGHAM TREE,2328.1099999999997
GLASS HEART T-LIGHT HOLDER ,2323.73
POLYESTER FILLER PAD 45x45cm,2320.35
CHRISTMAS STAR WISH LIST CHALKBOARD,2318.72
TEA TIME TEA SET IN GIFT BOX,2318.15
OWL DOORSTOP,2314.5
BOX OF 9 PEBBLE CANDLES,2313.9
BIRDS MOBILE VINTAGE DESIGN,2308.1000000000004
BLUE/CREAM STRIPE FRINGE HAMMOCK,2307.8
PACK OF 6 SANDCASTLE FLAGS ASSORTED,2303.67
TEA TIME MUG IN GIFT BOX,2300.9
CHRISTMAS RETROSPOT ANGEL WOOD,2299.15
SMALL RED RETROSPOT WINDMILL,2298.87
SET OF 4 NEW ENGLAND PLACEMATS,2298.0
HANGING FAIRY CAKE DECORATION,2296.5
PINK OWL SOFT TOY,2287.88
GREEN GINGHAM FLOWER JEWELLERY BOX,2281.7999999999997
PINK FELT EASTER EGG BASKET,2280.2
S/16 VINTAGE BLACK CUTLERY,2278.0499999999997
TRIPLE PHOTO FRAME CORNICE ,2271.95
WOODEN STAR CHRISTMAS SCANDINAVIAN,2252.5
12 PENCILS TALL TUBE SKULLS,2248.67
5 HOOK HANGER RED MAGIC TOADSTOOL,2248.65
JAM MAKING SET PRINTED,2244.25
HEN HOUSE DECORATION,2242.95
BUTTERFLIES  HONEYCOMB GARLAND,2240.25
CAST IRON HOOK GARDEN FORK,2238.38
OCEAN STRIPE HAMMOCK ,2237.4
POLKA DOT RAFFIA FOOD COVER,2236.95
OCEAN SCENT CANDLE IN JEWELLED BOX,2236.19
CARDHOLDER GINGHAM CHRISTMAS TREE,2233.5
12 MESSAGE CARDS WITH ENVELOPES,2231.4
HANGING MEDINA LANTERN SMALL,2230.75
PHOTO FRAME 3 CLASSIC HANGING,2226.35
24 HANGING EASTER EGGS FLORAL TUB,2222.1
BUTTON BOX ,2219.5499999999997
TEA CUP AND SAUCER RETRO SPOT,2218.98
POTTERING MUG,2217.86
CAST IRON HOOK GARDEN TROWEL,2212.43
LUNCH BAG PINK POLKADOT,2210.6
GARLAND WOODEN HAPPY EASTER,2209.03
BRIGHT BLUES RIBBONS ,2207.64
ROMANTIC PINKS RIBBONS ,2206.47
CHRISTMAS RETROSPOT TREE WOOD,2205.07
CHOC TRUFFLE GOLD TRINKET POT ,2204.1
HANGING MEDINA LANTERN LARGE,2201.25
SET/3 DECOUPAGE STACKING TINS,2200.95
ALPHABET STENCIL CRAFT,2196.57
IVORY ENCHANTED FOREST PLACEMAT,2181.5
JAM MAKING SET WITH JARS,2180.25
FRENCH BATHROOM SIGN BLUE METAL,2179.8
WATERMELON BATH SPONGE,2169.95
SWEETHEART CARRY-ALL BASKET,2169.2
TEATIME CAKE TIN WITH HANDLE,2168.5
BLUE/BROWN DOTS RUFFLED UMBRELLA,2167.85
12 PENCILS TALL TUBE WOODLAND,2164.02
BLUE TEA TOWEL CLASSIC DESIGN,2161.07
CHERRY BLOSSOM DECORATIVE FLASK,2153.2200000000003
72 CAKE CASES VINTAGE CHRISTMAS,2148.99
GIANT MEDINA STAMPED METAL BOWL ,2144.2999999999997
TEA COSY RED  STRIPE,2144.1
HAND OPEN SHAPE DECO.WHITE,2142.2400000000002
MAGNETS PACK OF 4 SWALLOWS,2141.91
WOODLAND ANIMAL  WRITING SET ,2133.0499999999997
"KEY FOB , FRONT  DOOR ",2127.01
BABY BOOM RIBBONS ,2126.39
ROTATING LEAVES T-LIGHT HOLDER,2125.55
ASSORTED CREEPY CRAWLIES,2117.94
RED FLOWER CROCHET FOOD COVER,2112.9
SET/20 RED RETROSPOT PAPER NAPKINS ,2112.1
SET OF 12 LILY BOTANICAL T-LIGHTS,2110.65
Adjustment by john on 26/01/2010 16,2107.41
EMERGENCY FIRST AID TIN ,2106.76
CHERRY CROCHET FOOD COVER,2106.6
TABLECLOTH RED APPLES DESIGN ,2099.5
T-LIGHT GLASS FLUTED ANTIQUE,2099.4500000000003
SET 12 LAVENDER  BOTANICAL T-LIGHTS,2096.6000000000004
SMALL RED RETROSPOT MUG IN BOX ,2096.58
ENGLISH ROSE TABLE CLOTH,2096.55
SET OF 4 NAPKIN CHARMS HEARTS,2096.4
SET/6 FRUIT SALAD  PAPER PLATES,2093.09
ROSE DES PADDED FLOOR CUSHION,2090.68
GREEN  SPOTTY PLATE ,2077.7999999999997
SALLE DE BAIN HOOK,2075.54
EASTER CRAFT 4 CHICKS ,2074.95
POPPY'S PLAYHOUSE BATHROOM,2074.2
BAG 125g SWIRLY MARBLES,2072.94
PIZZA PLATE IN BOX,2069.82
SET OF 72 SKULL PAPER  DOILIES,2069.6
RED TEA TOWEL CLASSIC DESIGN,2059.54
SET/3 ROSE CANDLE IN JEWELLED BOX,2058.53
SET/2 RED RETROSPOT TEA TOWELS ,2058.4
CAT BOWL ,2057.7
RIBBON REEL MAKING SNOWMEN ,2053.35
RED SPOTTY PURSE ,2051.9
NO JUNK MAIL METAL SIGN,2051.73
"FEATHER PEN,HOT PINK",2049.27
MINI JIGSAW SPACEBOY,2048.34
CHARLIE AND LOLA FIGURES TINS,2045.6299999999999
JAPANESE CROCHETED ANIMAL,2045.04
MOUSE TOY WITH PINK T-SHIRT,2043.75
RETRO SPOT SUGAR JAM BOWL,2034.75
EAU DE NIL DINER WALL CLOCK,2033.2
CHRISTMAS CRAFT LITTLE FRIENDS,2032.7
SET OF 36 MUSHROOM PAPER DOILIES,2032.05
RED RETROSPOT CHARLOTTE BAG,2030.5
CREAM FELT EASTER EGG BASKET,2028.9
FOLDING UMBRELLA  CHOC/WHITE  SPOT,2023.8
REX CASH+CARRY JUMBO SHOPPER,2023.5
PENCIL CASE LIFE IS BEAUTIFUL,2022.7500000000002
BATH DUCK WATERING CAN,2016.5200000000002
EMBOSSED HEART 3 DRAWER SHELF,2012.85
"SPRING DEC , HANGING CHICK  YELLOW",2009.8999999999999
ALARM CLOCK BAKELIKE CHOCOLATE,2007.33
60 GOLD AND SILVER FAIRY CAKE CASES,2005.1299999999999
RED SPOTTY BIG BOWL,2002.8000000000002
SAVOY ART DECO CLOCK,2001.3
CHERRY DESIGN PAPERLANTERNS,2000.4399999999998
GARLAND WITH HEARTS AND BELLS,1999.8000000000002
COWBOYS AND INDIANS BIRTHDAY CARD ,1995.24
SET/3 FLORAL GARDEN TOOLS IN BAG,1994.0
OFFICE MUG WARMER CHOC+BLUE,1993.5500000000002
SET OF 6 STRAWBERRY CHOPSTICKS,1992.3000000000002
SET/20 WOODLAND PAPER NAPKINS ,1990.53
EMPIRE UNION JACK TV DINNER TRAY,1988.1000000000001
IVORY DINER WALL CLOCK,1982.2
COSMETIC BAG VINTAGE ROSE PAISLEY,1980.4
TOAST ITS - BEST MUM,1977.65
EMPIRE GIFT WRAP,1977.5
DOORMAT CHRISTMAS VILLAGE,1975.23
MAGNETS PACK OF 4 VINTAGE COLLAGE,1972.0900000000001
RETROSPOT PARTY BAG + STICKER SET,1970.6999999999998
12 IVORY ROSE PEG PLACE SETTINGS,1969.83
EIGHT PIECE DINOSAUR SET,1966.46
HANGING RIDGE GLASS T-LIGHT HOLDER,1963.8600000000001
CAKE PLATE LOVEBIRD WHITE,1957.8
"ELEPHANT, BIRTHDAY CARD, ",1956.24
WHITE TALL PORCELAIN T-LIGHT HOLDER,1952.4
WHITE BAMBOO RIBS LAMPSHADE,1949.69
WRAP CHRISTMAS VILLAGE,1946.54
BROCANTE COAT RACK,1945.55
GREEN CHRISTMAS TREE STRING 20LIGHT,1941.15
BLUE PADDED SOFT MOBILE,1934.0
HANGING GLASS ETCHED TEALIGHT,1927.8
PINK ROSE WASHBAG,1916.25
BLACK WINE GLASS,1915.74
RED RETROSPOT APRON ,1913.95
SET 12 WILDFLOWER BOTANICAL T-LIGHT,1912.6000000000001
BATHROOM METAL SIGN ,1911.8999999999999
LIGHT GARLAND BUTTERFILES PINK,1910.54
BLACK RETRODISC LAMPSHADE,1905.15
S/15 SILVER GLASS BAUBLES IN BAG,1897.85
UNION JACK FLAG PASSPORT COVER ,1897.26
SET/10 PINK POLKADOT PARTY CANDLES,1896.81
ENAMEL WASH BOWL CREAM,1890.25
MUSHROOM BLUE HOT WATER BOTTLE,1889.7500000000002
LARGE MEDINA STAMPED METAL BOWL ,1885.05
PINK HAWAIIAN PICNIC HAMPER FOR 4,1883.55
CHRISTMAS HANGING HEART WITH BELL,1880.1399999999999
12 PENCILS TALL TUBE RED SPOTTY,1878.1899999999998
LOVE HEART POCKET WARMER,1875.75
MONEY BOX BISCUITS DESIGN,1872.8999999999999
CHILDS GARDEN BRUSH BLUE,1870.98
GUMBALL MAGAZINE RACK,1869.75
SET OF 4 NAPKIN CHARMS CUTLERY,1869.75
MAGIC DRAWING SLATE PURDEY,1868.58
SKULL DESIGN TV DINNER TRAY,1866.5500000000002
PACK 20 DOLLY PEGS,1861.8999999999999
DAIRY MAID  PUDDING BOWL,1860.0
WOODEN OWLS LIGHT GARLAND ,1859.79
SILK PURSE RUSSIAN DOLL RED,1854.25
3 HOOK HANGER MAGIC GARDEN,1853.9999999999998
SHOE SHINE BOX ,1847.3999999999999
SET OF 2 ROUND TINS CAMEMBERT ,1845.5000000000002
ANTIQUE GLASS DRESSING TABLE POT,1845.2
SET/6 WOODLAND PAPER CUPS,1843.1200000000001
OFFICE MUG WARMER POLKADOT,1840.9500000000003
CHILDS GARDEN BRUSH PINK,1839.18
HEADS AND TAILS SPORTING FUN,1838.89
STAR WOODEN CHRISTMAS DECORATION,1837.93
5 HOOK HANGER MAGIC TOADSTOOL,1830.15
VINTAGE PAISLEY STATIONERY SET,1825.2500000000002
SET/6 WOODLAND PAPER PLATES,1817.16
GOLD  CHERRY LIGHTS,1817.0
GREEN SPOTTY BOWL,1816.53
KITCHEN METAL SIGN,1811.14
MEDIUM MEDINA STAMPED METAL BOWL ,1805.3000000000002
SET 20 NAPKINS FAIRY CAKES DESIGN ,1803.1799999999998
SMALL TAHITI BEACH BAG,1802.49
CHARLIE+LOLA RED HOT WATER BOTTLE ,1799.19
SILVER LATTICE VANILLA CANDLE POT,1796.28
BLUE FAIRY CAKE CHILD'S APRON,1792.6499999999999
PINK JUMPER LARRY THE LAMB,1788.72
S/4 PINK FLOWER CANDLES IN BOWL,1786.2
LADS ONLY TISSUE BOX,1783.57
WHITE RETRODISC LAMPSHADE,1775.1
GLITTER HEART GARLAND WITH BELLS ,1768.62
TOMATO CHARLIE+LOLA COASTER SET,1767.4
MAGIC DRAWING SLATE CIRCUS PARADE  ,1766.16
SET OF 6 CAKE CHOPSTICKS,1765.24
SET/20 FRUIT SALAD PAPER NAPKINS ,1764.3
LARGE RED BABUSHKA NOTEBOOK ,1763.27
SMALL SKULL WINDMILL,1761.5
6 RIBBONS EMPIRE  ,1759.05
DAIRY MAID BUTTER DISH,1758.25
MEASURING TAPE RUSSIAN DOLL RED,1755.0500000000002
3 TIER CAKE TIN GREEN AND CREAM,1753.5
ASSORTED ICE CREAM FRIDGE MAGNETS,1751.91
RED LOVE HEART SHAPE CUP,1750.6699999999998
FRENCH STYLE WALL DRESSER,1740.0
MULTICOLOUR SPRING FLOWER MUG,1738.9700000000003
PINK FLOWER CROCHET FOOD COVER,1736.4
PORCELAIN ROSE LARGE ,1734.1599999999999
SET OF 4 NAPKIN CHARMS STARS   ,1731.75
SANDALWOOD FAN,1729.35
CHRISTMAS METAL POSTCARD WITH BELLS,1724.5900000000001
ASSORTED CAKES FRIDGE MAGNETS,1716.43
OPULENT VELVET SET/3 CANDLES,1713.3
RED SPOTTY SHOPPING BAG,1708.3500000000001
T-LIGHT HOLDER HANGING LACE,1704.76
FUNKY DIVA PEN,1701.9699999999998
SILVER PLATE CANDLE BOWL SMALL,1699.2000000000003
HOT BATHS SOAP HOLDER,1698.93
MAKE YOUR OWN MONSOON CARD KIT,1697.65
DINOSAURS  WRITING SET ,1697.19
"CHRISTMAS GARLAND STARS,TREES",1691.25
SILK PURSE BABUSHKA RED,1691.2
S/4 VALENTINE DECOUPAGE HEART BOX,1688.8000000000002
"DECORATION, HANGING HEART+MIRROR ",1688.0
ROUND CAKE TIN VINTAGE GREEN,1685.1000000000001
CREAM SWEETHEART EGG HOLDER,1685.1000000000001
RED RETROSPOT PUDDING BOWL,1679.0
BUTTERFLY CROCHET FOOD COVER,1675.5
GARDENIA 1 WICK MORRIS BOXED CANDLE,1674.8899999999999
TEA PARTY  WRAPPING PAPER ,1674.0
GREEN ROSE WASHBAG,1672.5
SET OF 4 ENGLISH ROSE PLACEMATS,1670.7
VINTAGE KID DOLLY CARD ,1669.26
BEADED LOVE HEART JEWELLERY SET,1667.86
ASSORTED COLOUR SILK COIN PURSE,1667.5900000000001
TOOL BOX SOFT TOY ,1664.7
GREEN SPOTTY CUP,1662.25
RETRO SPOT PADDED SEAT CUSHION,1657.65
PORCELAIN T-LIGHT HOLDERS ASSORTED,1656.05
ROCKING HORSE GREEN CHRISTMAS ,1655.72
BLUE SAVANNAH PICNIC HAMPER FOR 4,1654.5
S/16 VINTAGE ROSE CUTLERY,1652.55
PURPLE PAPER PARASOL,1652.0000000000002
SMALL PURPLE BABUSHKA NOTEBOOK ,1646.67
DAISIES  HONEYCOMB GARLAND ,1646.55
KIDS RAIN MAC BLUE,1645.8999999999999
DINOSAUR KEYRINGS ASSORTED,1644.8999999999999
AIRLINE BAG VINTAGE WORLD CHAMPION ,1644.25
JUNGLE POPSICLES ICE LOLLY HOLDERS,1640.65
WOOD FAN WITH FLOWER DESIGN,1638.43
CUT GLASS T-LIGHT HOLDER OCTAGON,1637.46
SKULLS WRITING SET ,1634.4
RED RETROSPOT SHOPPER BAG,1632.0
RED RETROSPOT PEG BAG,1631.0
ANGEL DECORATION 3 BUTTONS ,1630.08
SWALLOW CIGAR BOX MATCHES ,1628.06
GLASS ETCHED T-LIGHT HOLDER MEDIUM,1625.85
LOVE HEART TRINKET POT,1625.5
RED RETROSPOT OVEN GLOVE ,1625.5
3D HEARTS  HONEYCOMB PAPER GARLAND,1625.1000000000001
WOOD STOCKING CHRISTMAS SCANDISPOT,1623.31
SILVER PLATE CANDLE BOWL LARGE,1619.58
BAG 500g SWIRLY MARBLES,1615.35
MEASURING TAPE BABUSHKA RED,1612.8000000000002
TOAST ITS - DINOSAUR,1611.67
CHILDRENS GARDEN GLOVES PINK,1608.6
LARGE WHITE HONEYCOMB PAPER BELL  ,1607.0600000000002
PINK FAIRY CAKE CUSHION COVER,1605.45
GROW A FLYTRAP OR SUNFLOWER IN TIN,1602.78
WOODEN TREE CHRISTMAS SCANDINAVIAN,1600.55
ASSORTED TUTTI FRUTTI NOTEBOOK,1598.1000000000001
SET OF 2 TINS JARDIN DE PROVENCE,1596.9
 SILVER CHERRY LIGHTS,1594.8000000000002
KIDS RAIN MAC PINK,1594.35
POMPOM CURTAIN,1591.8000000000002
GLASS CAKE STAND,1591.7
GLITTER STAR GARLAND WITH BELLS ,1590.9
SET 12 KIDS  WHITE CHALK STICKS,1589.1
GIN & TONIC DIET GREETING CARD ,1588.08
BUDDHA INCENSE HOLDER ASSORTED,1587.24
SMALL WHITE RETROSPOT MUG IN BOX ,1586.58
BLUE OWL SOFT TOY,1586.0000000000002
IVORY PILLAR CANDLE SILVER FLOCK,1585.5000000000002
ABSTRACT CIRCLE JOURNAL ,1582.2
SPRING FLOWER CHOPSTICKS SET/5,1581.1499999999999
SET OF 4 DIAMOND NAPKIN RINGS,1575.5
WOOD AND GLASS MEDICINE CABINET,1575.15
RETROSPOT LARGE MILK JUG,1574.7
PACK OF 20 NAPKINS PANTRY DESIGN,1569.8
SMALL SILVER TRELLIS CANDLEPOT,1569.4000000000003
BLUE FELT EASTER EGG BASKET,1568.55
WHITE BELL HONEYCOMB PAPER GARLAND ,1566.75
SET OF 6 T-LIGHTS TOADSTOOLS,1562.3000000000002
RED RETROSPOT WRAP ,1562.0
SQUARE CHERRY BLOSSOM CABINET,1561.65
PLACE SETTING WHITE STAR,1561.26
SET/4 SKULL BADGES,1561.2
JIGSAW TREE WITH BIRDHOUSE,1560.05
SET OF 6 GIRLS CELEBRATION CANDLES,1559.99
SET OF 6 KASHMIR FOLKART BAUBLES,1559.75
SMALL RED BABUSHKA NOTEBOOK ,1559.12
SET/10 IVORY SPOTTY PARTY CANDLES,1555.88
WOODLAND  STICKERS,1552.02
LARGE HANGING IVORY & RED WOOD BIRD,1551.71
PAINTED METAL HEART WITH HOLLY BELL,1551.1499999999999
EASTER TREE YELLOW BIRDS,1549.65
ASSORTED TUTTI FRUTTI ROUND BOX,1549.35
RAIN HAT WITH RED SPOTS,1548.96
VINTAGE KITCHEN PRINT VEGETABLES,1548.45
CHARLIE AND LOLA TABLE TINS,1544.9
CHRISTMAS CRAFT WHITE FAIRY ,1544.75
TWO EMBOSSED HEART MINI DRAWERS,1544.2
HAPPY EASTER HANGING DECORATION,1544.19
STRIPES DESIGN MONKEY DOLL,1543.8
CAKE STAND VICTORIAN FILIGREE LARGE,1541.2
MONEY BOX POCKET MONEY DESIGN,1540.36
POTTING SHED SOW 'N' GROW SET,1540.25
CERAMIC BIRDHOUSE FINCH BLUE ROOF,1535.6000000000001
PINK SPOTS CHOCOLATE NESTING BOXES ,1535.5500000000002
ASSORTED COLOUR SILK COSMETIC PURSE,1535.4
CHERRY BLOSSOM  DECORATIVE FLASK,1534.95
STRAWBERRY DREAM CHILDS UMBRELLA,1534.0
PINK DIAMANTE PEN IN GIFT BOX,1527.6
CERAMIC BIRDHOUSE BUTTERFLY SMALL,1527.05
PINK MARSHMALLOW SCARF KNITTING KIT,1526.25
OFFICE MUG WARMER PINK,1525.8000000000002
"POPCORN HOLDER , LARGE",1524.5
 FLAMINGO LIGHTS,1523.8500000000001
WHITE BELL HONEYCOMB PAPER ,1521.35
ENGLISH ROSE EDWARDIAN PARASOL,1515.0
DAIRY MAID STRIPE MUG,1508.8500000000001
ENAMEL FIRE BUCKET CREAM,1507.3
BALLOONS  WRITING SET ,1506.75
SET/6 STRAWBERRY PAPER CUPS,1506.6000000000001
COSY SLIPPER SHOES LARGE GREEN,1505.9500000000003
RETROSPOT LAMP,1504.95
SET/6 STRAWBERRY PAPER PLATES,1504.94
IVORY PILLAR CANDLE GOLD FLOCK,1502.55
"LARGE CAKE TOWEL, CHOCOLATE SPOTS",1500.45
FELTCRAFT HAIRBAND PINK AND PURPLE,1497.1699999999998
NATURAL BARK CANDLE SMALL,1496.75
VINTAGE CREAM DOG FOOD CONTAINER,1496.0
MAGIC DRAWING SLATE DINOSAUR,1495.44
STAR DECORATION RUSTIC,1494.3600000000001
SET 12 PEAR BOTANICAL T-LIGHTS,1493.3500000000001
FOLDING UMBRELLA  PINK/WHITE  SPOT,1493.1000000000001
HANGING PHOTO CLIP ROPE LADDER,1492.95
12 PINK ROSE PEG PLACE SETTINGS,1486.08
EMPIRE BIRTHDAY CARD,1483.38
200 RED + WHITE BENDY STRAWS,1482.34
CREAM SLICE FLANNEL CHOCOLATE SPOT ,1480.8500000000001
BABY MOUSE RED GINGHAM DRESS,1479.25
VINTAGE KITCHEN PRINT SEAFOOD,1478.25
CERAMIC BIRDHOUSE CRESTED TIT SMALL,1473.65
GARDENIA 3 WICK MORRIS BOXED CANDLE,1473.38
ASSORTED TUTTI FRUTTI PEN,1472.4499999999998
MINI JIGSAW CIRCUS PARADE ,1471.68
FROSTED BOX 9 WHITE T-LIGHT CANDLES,1470.42
DINOSAURS WATER TRANSFER TATTOOS ,1469.8999999999999
IVORY HANGING DECORATION  BUTTERFLY,1466.81
CHOCOLATE 3 WICK MORRIS BOX CANDLE,1464.12
CHILDS GARDEN SPADE BLUE,1462.68
CERAMIC STRAWBERRY MONEY BOX,1459.95
PASTEL STRIPE HAMMOCK ,1458.3000000000002
SMALL HAMMERED SILVER CANDLEPOT ,1457.8500000000001
ANTIQUE GLASS RIDGED HANGING BALL,1453.6499999999999
KEEP OUT BOYS DOOR HANGER ,1451.6699999999998
PARTY CONES CANDY TREE DECORATION,1451.48
PINK AND LILAC QUILTED THROW ,1450.4
SILK PURSE RUSSIAN DOLL PINK,1449.45
WRAP RED APPLES ,1448.5
BLUE GINGHAM ROSE QUILT ,1444.15
WOODLAND WATER TRANSFER TATTOOS ,1443.3999999999999
CALENDAR FAMILY FAVOURITES,1441.4
ASSORTED INCENSE PACK,1438.53
CHILDRENS GARDEN GLOVES BLUE,1438.16
CERAMIC BIRDHOUSE CRESTED TIT LARGE,1437.75
RIBBON REEL FLORA + FAUNA ,1436.8
ASSORTED TUTTI FRUTTI LARGE PURSE,1436.4
SQUARE MIRROR CURTAIN,1434.18
CHILDS GARDEN SPADE PINK,1432.38
Adjustment by john on 26/01/2010 17,1431.1100000000001
POTTING SHED COFFEE MUG,1430.85
MINI HIGHLIGHTER PENS,1429.32
UNION JACK FLAG LUGGAGE TAG,1429.19
TV DINNER TRAY VINTAGE PAISLEY,1425.2
MILK BOTTLE WITH GLASS STOPPER ,1423.5
DOORMAT PEACE ON EARTH BLUE,1423.22
CHARLIE & LOLA WASTEPAPER BIN FLORA,1422.75
LANTERN CREAM GAZEBO ,1419.3
SWALLOW WOODEN CHRISTMAS DECORATION,1419.19
LARGE ROUND WICKER PLATTER ,1416.1000000000001
WHITE CHRISTMAS GARLAND STARS TREES,1413.75
"NURSERY A,B,C PAINTED LETTERS",1411.45
BIRDHOUSE GARDEN MARKER ,1411.25
DOOR MAT GREEN PAISLEY ,1409.11
SET OF 4 ENGLISH ROSE COASTERS,1408.7
SET/10 BLUE POLKADOT PARTY CANDLES,1405.28
CHARLIE LOLA BLUE HOT WATER BOTTLE ,1405.2
SKULLS WRAP,1403.0
ASSORTED SANSKRIT MINI NOTEBOOK,1401.53
STEEL SWEETHEART ROUND TABLE CREAM,1400.55
BISCUIT TIN VINTAGE RED,1396.5
"SPRING DEC , HANGING CHICK  GREEN",1396.1499999999999
RETRO SPOT PARTY BAG + STICKER SET,1395.45
SMALL RETRO SPOT MUG IN BOX  WHITE,1395.33
STRAWBERRY HONEYCOMB  GARLAND ,1394.55
BLUE WHITE SPOTS GARDEN PARASOL,1394.45
HEART CALCULATOR,1393.15
36 DOILIES DOLLY GIRL,1391.35
4 IVORY DINNER CANDLES SILVER FLOCK,1390.71
SET 6 FOOTBALL CELEBRATION CANDLES,1390.27
CHARLIE & LOLA WASTEPAPER BIN BLUE,1389.0
MOBILE VINTAGE HEARTS ,1387.05
SEASIDE STRIPE HAMMOCK,1387.05
CHRISTMAS CRAFT TREE TOP ANGEL,1385.4
WICKER WREATH LARGE,1384.9499999999998
DOVE DECORATION PAINTED ZINC ,1380.2
SET/6 IVORY BIRD T-LIGHT CANDLES,1378.32
SET/6 FRUIT SALAD PAPER CUPS,1377.91
LARGE PURPLE BABUSHKA NOTEBOOK  ,1377.6200000000001
SILK PURSE BABUSHKA PINK,1373.5
HAND OPEN SHAPE GOLD,1371.47
RETROSPOT GIANT TUBE MATCHES,1370.55
NATURAL BARK CANDLE LARGE,1369.25
MAKE YOUR OWN FLOWERPOWER CARD KIT,1368.8000000000002
BLACK CHERRY LIGHTS,1367.45
AIRLINE BAG VINTAGE JET SET WHITE,1365.65
SKULLS AND CROSSBONES WRAP,1360.3
BLUE KASHMIRI COFFEE TABLE ,1359.95
DAIRY MAID SUGAR JAM BOWL,1358.3999999999999
CHEST OF DRAWERS GINGHAM HEART ,1353.8999999999999
ASSORTED FARMYARD ANIMALS IN BUCKET,1353.18
"WRAP,SUKI AND FRIENDS",1352.5
CALENDAR IN SEASON DESIGN,1351.5500000000002
CERAMIC PIRATE CHEST MONEY BANK,1351.55
DIAMANTE RING ASSORTED IN BOX.,1349.52
CABIN BAG VINTAGE PAISLEY,1347.6
STRIPEY CHOCOLATE NESTING BOXES,1346.6000000000001
DOG BOWL CHASING BALL DESIGN,1343.94
3 GARDENIA MORRIS BOXED CANDLES,1343.07
GLITTER CHRISTMAS HEART ,1342.98
SEWING SUSAN 21 NEEDLE SET,1341.76
CHRISTMAS HANGING STAR WITH BELL,1340.28
MONEY BOX HOUSEKEEPING DESIGN,1339.85
CHILDS GARDEN TROWEL PINK,1338.87
VINTAGE UNION JACK PENNANT,1337.6999999999998
POTTING SHED CANDLE CITRONELLA,1337.45
VANILLA INCENSE IN TIN,1336.98
60 CAKE CASES DOLLY GIRL DESIGN,1336.35
PARTY FOOD SHOPPER BAG,1336.05
WOOD STAMP SET THANK YOU,1329.75
MAGNETS PACK OF 4 HOME SWEET HOME,1327.94
DINOSAUR LUNCHBOX WITH CUTLERY,1327.8
MAGIC SHEEP WOOL GROWING FROM PAPER,1326.75
RETRO BLUE SPOTTY WASHING UP GLOVES,1326.6000000000001
ZINC TOP  2 DOOR WOODEN SHELF ,1325.35
RED RETROSPOT OVEN GLOVE DOUBLE,1323.7500000000002
WHITE BIRD GARDEN DESIGN MUG,1323.2
CHRISTMAS MUSICAL ZINC HEART ,1322.49
CLEAR DRAWER KNOB ACRYLIC EDWARDIAN,1321.44
SMALL HANGING IVORY/RED WOOD BIRD,1321.02
SET OF 2 ROUND TINS DUTCH CHEESE,1319.3500000000001
DISCO BALL ROTATOR BATTERY OPERATED,1316.5
BLACK GRAND BAROQUE PHOTO FRAME,1315.65
ELEPHANT CARNIVAL POUFFE,1314.6499999999999
TOY TIDY DOLLY GIRL DESIGN,1310.9
12 COLOURED PARTY BALLOONS,1309.4
ASSORTED WHITE EMBOSSED CHINA MUGS,1307.4
ROSE DU SUD COSMETICS BAG,1306.0
ENAMEL COLANDER CREAM,1305.5
JAZZ HEARTS MEMO PAD,1305.49
GIRLY PINK TOOL SET,1302.0
MOROCCAN BEATEN METAL MIRROR,1299.6000000000001
6 ROCKET BALLOONS ,1299.35
RED  SPOTTY COFFEE  MUG,1297.8
LARGE RED RETROSPOT WINDMILL,1296.0
36 PENCILS TUBE RED RETROSPOT,1294.43
ASSORTED FLORAL SECATEURS,1293.75
PENNY FARTHING BIRTHDAY CARD,1290.96
SMALL DOLLY MIX DESIGN ORANGE BOWL,1290.65
MORE BUTTER METAL SIGN ,1289.34
ROBOT BIRTHDAY CARD,1288.32
ANGEL DECORATION STARS ON DRESS,1286.46
DOORSTOP FOOTBALL DESIGN,1285.98
SET OF 4 FAIRY CAKES COASTERS ,1285.8
CROSS STITCH ALPHABET CUSHION COVER,1285.2
CHILDREN'S APRON DOLLY GIRL ,1279.4
BIRDHOUSE DECORATION MAGIC GARDEN,1278.75
SPOTTY PINK DUCK DOORSTOP,1277.58
CAMOUFLAGE DESIGN TEDDY,1274.5500000000002
WAY OUT METAL SIGN ,1273.95
VINTAGE KITCHEN PRINT PUDDINGS,1273.2
GREEN MINI TAPE MEASURE ,1270.55
3D STICKERS VINTAGE CHRISTMAS,1268.0
PORCELAIN ROSE SMALL,1266.55
FLORAL FOLK STATIONERY SET,1264.7
ANGEL DECORATION WITH LACE PADDED,1263.1
PINK LOVE HEART SHAPE CUP,1263.06
"SET 3 RETROSPOT TEA,COFFEE,SUGAR",1262.4
"SWISS ROLL TOWEL, CHOCOLATE  SPOTS",1262.0000000000002
VINTAGE GLASS TEA CADDY,1261.2
HOME GARLAND PAINTED ZINC ,1259.55
METAL SIGN HER DINNER IS SERVED ,1257.95
JAZZ HEARTS PURSE NOTEBOOK,1257.75
PINK HEART CANDY BUTTON CALCULATOR,1257.1499999999999
ABSTRACT CIRCLES SKETCHBOOK ,1257.0
RETROSPOT SMALL TUBE MATCHES,1255.45
ASSORTED TUTTI FRUTTI  FOB NOTEBOOK,1252.8999999999999
CERAMIC STRAWBERRY DESIGN MUG,1250.33
GLITTER SNOW PEAR TREE DECORATION,1249.78
PAINTED METAL STAR WITH HOLLY BELLS,1245.1999999999998
 3 STRIPEY MICE FELTCRAFT,1241.1
CHILDS GARDEN TROWEL BLUE ,1240.84
EMPIRE TISSUE BOX,1240.64
GIANT SEVENTEEN DRAWER SIDEBOARD,1240.0
CHRISTMAS HANGING TREE WITH BELL,1232.78
GARLAND WITH STARS AND BELLS,1232.5500000000002
FRENCH TOILET SIGN BLUE METAL,1229.77
GOLD WINE GLASS,1229.04
ZINC FINISH 15CM PLANTER POTS,1228.52
SET 4 NURSERY DES ROUND BOXES,1223.2
CERAMIC BIRDHOUSE RED ROOF SMALL,1222.8500000000001
WATERING CAN GARDEN MARKER,1220.6
PIN CUSHION RUSSIAN DOLL RED,1220.55
BATHROOM SET LOVE HEART DESIGN,1219.8
VINTAGE CARAVAN GIFT WRAP,1219.0
SILK PURSE RUSSIAN DOLL BLUE,1218.8500000000001
HYACINTH BULB T-LIGHT CANDLES,1218.12
MEASURING TAPE BABUSHKA PINK,1216.75
SET/3 POLKA DOT STACKING TINS,1215.75
GARDEN PATH POCKET BOOK,1214.95
SKULLS GREETING CARD,1214.76
SILVER RETRODISC LAMPSHADE,1211.75
EUCALYPTUS & PINECONE  WREATH,1208.55
"FEATHER PEN,COAL BLACK",1201.57
GINGERBREAD MAN COOKIE CUTTER,1200.28
REGENCY MIRROR WITH SHUTTERS,1200.0
RAIN PONCHO ,1199.8
RETRO SPOT CERAMIC TOASTRACK,1199.1000000000001
CARD MOTORBIKE SANTA,1195.32
LARGE ENGLISH ARBORETUM,1195.15
FOLDING UMBRELLA  CREAM/MULTI  SPOT,1193.4
GARDEN PATH JOURNAL,1192.2
BREAD BIN DINER STYLE MINT,1191.25
SMALL RETRO SPOT MUG IN BOX  RED,1188.75
4 PEAR BOTANICAL DINNER CANDLES,1188.75
CARNIVAL BRACELET,1188.25
3D STICKERS TRADITIONAL CHRISTMAS ,1187.0
RED RETROSPOT CHILDRENS UMBRELLA,1183.5
4 LILY  BOTANICAL DINNER CANDLES,1182.0
S/12 VANILLA  BOTANICAL T-LIGHTS,1181.65
FRENCH LAUNDRY SIGN BLUE METAL,1180.35
FRENCH KITCHEN SIGN BLUE METAL,1179.77
AIRLINE BAG VINTAGE JET SET BROWN,1178.95
SOAP DISH BROCANTE,1178.45
VINTAGE KITCHEN PRINT FRUITS,1178.1
LARGE TAHITI BEACH BAG,1177.45
TUB 24 HANGING EASTER EGGS SPOTTY,1177.2
RAINY LADIES BIRTHDAY CARD,1175.82
TOP SECRET PEN SET,1174.1999999999998
YELLOW POT PLANT CANDLE,1174.1000000000001
BLUE FLYING SINGING CANARY,1172.4
RELAX LARGE WOOD LETTERS,1170.2
ANTIQUE TALL SWIRLGLASS TRINKET POT,1170.0
BLUE KASHMIRI OCCASIONAL TABLE,1169.5
ASS FLORAL PRINT SCISSORS,1169.4
CLASSIC FRENCH STYLE BASKET NATURAL,1169.15
STANDING METAL RABBIT WITH EGG,1168.2
LIPSTICK PEN RED,1168.08
ROSE FOLKART HEART DECORATIONS,1167.56
LAVENDER INCENSE IN TIN,1165.49
SLEEPING CAT ERASERS,1165.26
BLUE CUSHION COVER WITH FLOWER,1163.75
RETRO SPOTS PUDDING BOWL,1162.25
GLITTER CHRISTMAS STAR ,1161.1
PACK OF 20 SPACEBOY NAPKINS,1159.75
LOCAL CAFE MUG,1159.2
3D VINTAGE CHRISTMAS STICKERS ,1157.71
CAKE PLATE LOVEBIRD PINK,1157.4
RAIN PONCHO RETROSPOT,1156.5
RED SPOTTY CANDY BAG,1154.9
MAGIC DRAWING SLATE BAKE A CAKE ,1153.44
PINK UNION JACK  PASSPORT COVER ,1152.9
WHITE CHRISTMAS STAR DECORATION,1147.2
"GARLAND, MAGIC GARDEN 1.8M",1146.3
CHILDS GARDEN RAKE BLUE,1144.68
URBAN BLACK RIBBONS ,1144.08
VINTAGE BEAD COSMETIC BAG ,1144.0
ANTIQUE GLASS PEDESTAL BOWL,1143.75
FOLK FELT HANGING MULTICOL GARLAND,1141.8
SKULLS  DESIGN  COTTON TOTE BAG,1139.8999999999999
3D STICKERS CHRISTMAS STAMPS,1137.0
BLACK BAROQUE CUCKOO CLOCK,1134.75
FUSCHIA RETRO BAR STOOL,1134.5
RED SPOTTY WASHBAG,1133.28
MINI JIGSAW DOLLY GIRL,1132.08
CARD CHRISTMAS VILLAGE,1131.12
"RIBBON REEL, XMAS SOCK/BAUBLE",1131.0
SPOTS DESIGN MUG W PINK INSIDE,1129.44
WOODLAND STORAGE BOX LARGE ,1127.49
SET OF 6 3D KIT CARDS FOR KIDS,1127.1
BLACK SILVER FLOWER T-LIGHT HOLDER,1124.68
ASSORTED TUTTI FRUTTI PHOTO FRAME,1120.75
MODERN FLORAL STATIONERY SET,1116.15
COLOURFUL STANDING GNOME,1115.7
"DECORATION , WOBBLY RABBIT , METAL ",1112.7
RIBBON REEL SOCKS AND MITTENS,1111.2
CARD DOLLY GIRL ,1106.76
ETCHED GLASS STAR TREE DECORATION,1106.25
PACK OF 12 BLUE PAISLEY TISSUES ,1106.1599999999999
PINK HEARTS PAPER GARLAND,1106.0
BLACK ENCHANTED FOREST PLACEMAT,1104.0
36 FOIL HEART CAKE CASES,1104.0
3D TRADITIONAL CHRISTMAS STICKERS,1101.98
"WALL MIRROR , RECT DIAMANTE, PINK/",1100.91
DOORMAT BIRD ON THE WIRE,1100.15
MA CAMPAGNE MINI WOODEN CHEST,1097.8000000000002
BLUE  SPOTTY EGG CUP ,1097.78
LARGE CHUNKY GLASS ROMAN BOWL,1097.75
6 CROCHET STRAWBERRIES,1096.39
SET OF 4 FAIRY CAKE PLACEMATS,1095.3
CUBIC MUG BLUE POLKA DOT,1093.95
CHILDS GARDEN RAKE PINK,1091.28
RED SPOTTY LUGGAGE TAG,1090.44
POSY CANDY BAG,1087.75
RIBBONS PURSE ,1083.6
"FEATHER PEN,LIGHT PINK",1083.4199999999998
RED SPOTTY EGG CUP ,1081.53
PAPER CHAIN KIT LONDON,1081.45
IVORY PAPER CUP CAKE CASES ,1080.8899999999999
SILVER MINI TAPE MEASURE ,1079.85
WHITE CHRISTMAS HEART DECORATION,1079.1599999999999
SCENTED VELVET LOUNGE CANDLE ,1078.44
RED POLKA DOT TISSUE BOX,1076.15
SNOWFLAKE PORTABLE TABLE LIGHT ,1073.8000000000002
SMALL MARSHMALLOWS PINK BOWL,1072.71
6 HOOK JEWELLERY STAND BLACK DRESS,1071.6
  DOORMAT UNION JACK GUNS AND ROSES,1071.25
HAIRCLIPS FORTIES FABRIC ASSORTED,1070.55
TOAST ITS - FAIRY FLOWER,1070.3
ICE CREAM DESIGN GARDEN PARASOL,1069.0
SMALL YELLOW BABUSHKA NOTEBOOK ,1068.71
 CHERRY BLOSSOM  DECORATIVE FLASK,1068.6000000000001
MEDINA STAMPED METAL STOOL,1068.5500000000002
CHILDS GARDEN FORK PINK,1067.72
POCKET BAG BLUE PAISLEY RED SPOT,1065.95
PINK/WHITE RIBBED MELAMINE JUG,1065.3
POLKA DOT PEN,1060.8
HEARTS  STICKERS,1059.3799999999999
4 WILDFLOWER BOTANICAL CANDLES,1059.0
FRYING PAN BLUE POLKADOT ,1058.5
HOUSE WRECKING METAL SIGN ,1057.5
CHILDS GARDEN FORK BLUE ,1057.24
WRAP I LOVE LONDON ,1055.68
WRAP SUKI AND FRIENDS,1055.42
APRON APPLE DELIGHT,1053.65
MUMMY MOUSE RED GINGHAM RIBBON,1052.65
PINK KASHMIRI COFFEE TABLE ,1050.0
PINK FAIRY CAKE COASTER,1049.6399999999999
GREEN FERN JOURNAL ,1047.75
SET OF THREE 50'S GIFT WRAPS ,1047.6
ANTIQUE ALL GLASS CANDLESTICK,1045.48
ASSORTED COLOUR SILK GLASSES CASE,1044.8400000000001
VINTAGE CARAVAN GREETING CARD ,1044.24
COSY SLIPPER SHOES SMALL  RED ,1042.8000000000002
DOG TOY WITH PINK CROCHET SKIRT,1041.93
FRENCH ENAMEL UTENSIL HOLDER,1041.6
CHARLOTTE BAG PINK POLKADOT,1039.45
CAKE STAND VICTORIAN FILIGREE MED,1038.6
COUNTRY COTTAGE  DOORSTOP GREEN,1036.75
ASSORTED TUTTI FRUTTI MIRROR,1036.69
MILK PAN BLUE RETROSPOT,1035.66
BASKET OF TOADSTOOLS,1031.25
4 IVORY DINNER CANDLES GOLD FLOCK,1029.72
12 PENCILS TALL TUBE RED RETROSPOT,1028.5
PAINTED METAL TREE WITH HOLLY BELLS,1027.6999999999998
SET OF 36 DINOSAUR PAPER DOILIES,1026.6
BUNNY EGG BOX,1025.2
WICKER WREATH SMALL,1023.3499999999999
BREAD BIN DINER STYLE PINK,1022.6999999999999
LUNCHBAG SPACEBOY DESIGN ,1022.6
SET OF 3 DANISH ROSE PLANTERS,1022.5
PERIWINKLE T-LIGHT HOLDER,1018.35
DOLLY MIXTURE CHILDREN'S UMBRELLA,1018.0
BLUE PAISLEY JOURNAL ,1017.3000000000001
RETROSPOT RED WASHING UP GLOVES,1016.2800000000001
LOLITA  DESIGN  COTTON TOTE BAG,1016.15
POP ART PEN CASE & PENS,1015.59
PENS ASSORTED SPACEBALL,1014.9000000000001
TEA BAG PLATE RED RETROSPOT,1014.85
MAKE YOUR OWN PLAYTIME CARD KIT,1014.8000000000002
HEART STRING MEMO HOLDER HANGING,1014.8000000000001
SET OF 6 VINTAGE NOTELETS KIT,1013.6999999999999
75 GREEN FAIRY CAKE CASES,1012.25
PINK PAISLEY CUSHION COVER ,1010.6
RED RETROSPOT BOWL,1009.03
FELTCRAFT HAIRBAND PINK AND BLUE,1008.93
WRAP CIRCUS PARADE,1007.5
ETCHED GLASS BIRD TREE DECORATION,1007.5
METAL TUBE CHIME ON BAMBOO,1007.08
PINK WHITE SPOTS GARDEN PARASOL,1007.0
BALLOON WATER BOMB PACK OF 35,1006.9200000000001
EIGHT PIECE CREEPY CRAWLIE SET,1006.69
WRAP DOLLY GIRL,1001.5
WHITE BITTY LIGHT CHAIN ,1000.0799999999999
DO NOT TOUCH MY STUFF DOOR HANGER ,997.85
BEADED PEARL HEART WHITE LARGE,997.5
36 DOILIES SPACEBOY DESIGN ,993.4499999999999
SILVER MUG BONE CHINA TREE OF LIFE,992.3
ASSORTED TUTTI FRUTTI HEART BOX,991.25
BLUE PAINTED KASHMIRI TABLE ,990.0
TEATIME PEN CASE & PENS,989.9799999999999
CARROT CHARLIE+LOLA COASTER SET,988.7
VINTAGE WOODEN BAR STOOL,988.15
PAPERWEIGHT CHILDHOOD MEMORIES,987.9
PARTY INVITES WOODLAND,984.6999999999999
MODERN VINTAGE COTTON SHOPPING BAG,984.3
"METAL SIGN,CUPCAKE SINGLE HOOK",983.75
4 LAVENDER BOTANICAL DINNER CANDLES,983.25
SET OF 6 HEART CHOPSTICKS,982.94
DISCO BALL CHRISTMAS DECORATION,982.6
ILLUSTRATED CAT BOWL ,982.5899999999999
HEART T-LIGHT HOLDER,982.15
BLUE POT PLANT CANDLE ,981.8000000000001
CHILDRENS APRON APPLES DESIGN,981.4499999999999
CLASSIC FRENCH STYLE BASKET GREEN ,979.45
TV DINNER TRAY AIR HOSTESS ,979.0500000000001
CINAMMON SET OF 9 T-LIGHTS,977.5
WHITE WITH BLACK CATS MUG,975.41
ENGLISH ROSE GARDEN SECATEURS,974.85
PINK POLKADOT KIDS BAG,973.9499999999999
GLASS CAKE STAND MIRRORED BASE,972.6
FELT EGG COSY WHITE RABBIT ,971.06
RED RETRO BAR STOOL,970.7
CHOCOLATE 1 WICK MORRIS BOX CANDLE,969.98
VINTAGE GLASS COFFEE CADDY,969.75
SILVER ROCCOCO CHANDELIER,968.3
METAL WALL SHELF UNIT WITH HOOKS,968.08
FLORAL BATHROOM SET,968.01
3 WICK CHRISTMAS BRIAR CANDLE ,967.5
DINOSAUR HEIGHT CHART STICKER SET,966.7500000000001
BIRD DECORATION RED SPOT,966.5899999999999
TEA FOR ONE POLKADOT,966.25
FRYING PAN PINK POLKADOT,965.5
YELLOW METAL CHICKEN HEART ,964.93
ASSORTED COLOUR SET 6 TEASPOONS,964.75
IVORY HANGING DECORATION  BIRD,964.18
"TRAY, BREAKFAST IN BED",964.05
RIDGED GLASS POSY VASE ,963.1999999999999
CARD I LOVE LONDON ,962.64
ASSORTED MINI MADRAS NOTEBOOK,962.5
MAGIC DRAWING SLATE BUNNIES ,960.96
UNION STRIPE CUSHION COVER ,960.95
BANQUET BIRTHDAY  CARD  ,960.72
LARGE ROUND CUTGLASS CANDLESTICK,960.6
CUBIC MUG FLOCK BLUE ON BROWN,958.8
ROSES IN WHITE HEART CANDLE ,958.21
GLASS JAR PEACOCK BATH SALTS,956.9000000000001
PACK OF 20 NAPKINS RED APPLES,954.9
MOODY GIRL DOOR HANGER ,951.0999999999999
CHERRY BLOSSOM BATHROOM CABINET,950.4
12 DAISY PEGS IN WOOD BOX,950.4
LETS GO SHOPPING COTTON TOTE BAG,950.25
RUSTIC  SEVENTEEN DRAWER SIDEBOARD,950.0
S/3 FLWR FAIRY LAVENDER CANDLES,949.95
SUNSET CHECK HAMMOCK,949.8000000000001
12 RED ROSE PEG PLACE SETTINGS,949.63
BISCUIT TIN VINTAGE GREEN,947.1
GARDEN PATH SKETCHBOOK,946.4
3D CHRISTMAS STAMPS STICKERS ,945.73
SET OF 6 FUNKY BEAKERS,945.6500000000001
DAISY GARDEN MARKER,944.35
6 RIBBONS SHIMMERING PINKS ,942.9
SILK PURSE BABUSHKA BLUE,941.35
CUT GLASS HEXAGON T-LIGHT HOLDER,941.14
MULTICOLOUR 3D BALLS GARLAND,937.35
BLUE YELLOW FLOWER PIGGY BANK,937.1999999999999
FOLKART ZINC STAR CHRISTMAS DEC,935.0
SET/6 FROG PRINCE T-LIGHT CANDLES,934.8
WOOD STAMP SET BEST WISHES,931.1999999999999
TOTE BAG I LOVE LONDON,929.86
WOODLAND STORAGE BOX SMALL,929.4
POTTING SHED ROSE CANDLE,926.8500000000001
ANGEL DECORATION PAINTED ZINC ,923.7
JAZZ HEARTS ADDRESS BOOK,923.7
ENAMEL PINK TEA CONTAINER,923.7
FOLDING UMBRELLA  WHITE/RED  SPOT,922.05
DOOR HANGER  MUM + DADS ROOM,921.65
SET OF 3 CONEY ISLAND OVAL BOXES,920.7
BUTTERFLIES STICKERS,919.6999999999999
TRIANGULAR POUFFE VINTAGE ,918.9499999999999
SET 5 MINI GATEAUX  FRIDGE MAGNETS,918.6800000000001
BLUE SCANDINAVIAN PAISLEY WRAP,918.5
 PEACE WOODEN BLOCK LETTERS,917.15
TEA COSY BLUE STRIPE,916.5
CREAM WALL PLANTER HEART SHAPED,915.5
SILVER  CANDLEPOT JARDIN ,914.2
MILK PAN PINK POLKADOT,913.38
SET OF 16 VINTAGE ROSE CUTLERY,913.05
GLASS CLOCHE LARGE,911.1999999999999
PINK UNION JACK  LUGGAGE TAG,910.44
CHEST NATURAL WOOD 20 DRAWERS,910.0
3 WHITE CHOC MORRIS BOXED CANDLES,909.29
ROSE 3 WICK MORRIS BOX CANDLE,907.87
ROSES ON BLUE TEACUP CANDLE ,905.84
IVORY GIANT GARDEN THERMOMETER,904.1
BLACK SMALL GLASS CAKE STAND,901.65
HANGING BUTTERFLY  EGG,901.24
12 ASS ZINC CHRISTMAS DECORATIONS,900.9000000000001
S/3 PINK COL METAL BASKET W HANDLE,900.3000000000001
BLUE TEATIME PRINT BOWL ,900.07
GOLD MUG BONE CHINA TREE OF LIFE,899.3
SILVER VANILLA FLOWER CANDLE POT,898.56
EIGHT PIECE SNAKE  SET,897.71
SMALL SILVER FLOWER CANDLE POT,896.0500000000001
LARGE HANGING GLASS+ZINC LANTERN,896.0
YULETIDE IMAGES S/6 PAPER BOXES,893.85
FLOWER FAIRY INCENSE LAVENDER,892.91
36 FOIL STAR CAKE CASES ,890.7
FELT TOADSTOOL LARGE,890.0
BLACK BIRD GARDEN DESIGN MUG,888.76
VINTAGE CREAM CAT FOOD CONTAINER,888.6999999999999
SET OF 12 MINI BUNNIES IN A BUCKET,888.0600000000001
FRENCH ENAMEL WATER BASIN,887.85
IVORY EMBROIDERED QUILT ,887.4
IVORY STRING CURTAIN WITH POLE ,887.25
TOAST ITS - HAPPY BIRTHDAY,886.55
SMALL RED SPOT  WINDMILL,886.46
RED ENCHANTED FOREST PLACEMAT,885.6
SILVER VANILLA  FLOWER CANDLE POT,885.06
SMALL SPOTTY CHOCOLATE GIFT BAG ,881.5699999999999
BEACH HUT DESIGN BLACKBOARD,880.5
MEASURING TAPE BABUSHKA BLUE,879.95
CHRYSANTHEMUM  JOURNAL,878.7
GUMBALL MONOCHROME COAT RACK,878.14
BLACK PILLAR CANDLE SILVER FLOCK,877.8000000000001
ENAMEL BLUE RIM BISCUIT BIN,877.2
WHITE CHRISTMAS TREE DECORATION ,874.8
GARDEN PATH NOTEBOOK ,873.6
BALLOON ART MAKE YOUR OWN FLOWERS,872.25
STAR DECORATION PAINTED ZINC ,872.1
ENGLISH ROSE SCISSORS,871.4
CHRYSANTHEMUM NOTEBOOK,871.05
HANGING BAUBLE T-LIGHT HOLDER SMALL,870.6
FELTCRAFT HAIRBANDS PINK AND WHITE ,869.53
SEASIDE FLYING DISC,869.33
RETROSPOT CIGAR BOX MATCHES ,868.89
ENCHANTED BIRD PLANT CAGE,868.2
"BROCADE PURSE,SMALL ARCH BUTTON",867.55
"AIRLINE LOUNGE,METAL SIGN",867.3000000000001
WRAP COWBOYS  ,866.3
PINK PAISLEY ROSE GIFT WRAP,866.0
GINGHAM HEART DECORATION,863.6000000000001
ETCHED GLASS COASTER,862.5
FRENCH ENAMEL POT W LID,862.4000000000001
CHRISTMAS MUSICAL ZINC STAR,859.28
SILVER DIAMANTE PEN IN GIFT BOX,858.6
SET OF 3 GOLD FLYING DUCKS,855.31
SMALL CHUNKY GLASS ROMAN  BOWL,854.5500000000001
BASKET OF FLOWERS SEWING KIT,852.55
BLUE SAVANNAH PICNIC HAMPER FOR 2,851.95
"DECORATION , HANGING METAL RABBIT",851.25
ETCHED GLASS DROPLET DECORATION,851.23
JAZZ HEARTS MAGNETIC MEMO PAD,850.9000000000001
WHITE/BLUE PULL BACK RACING CAR,849.5
FILIGREE WALL MIRROR  ANTIQUE WHITE,848.8
MARAKESH LANTERN SMALL ,848.35
PINK JUICY FRUIT PHOTO FRAME,843.75
ZINC HEART LATTICE T-LIGHT HOLDER,843.75
ANTIQUE GLASS PLACE SETTING,841.53
HEART T-LIGHT HOLDER ,841.4999999999999
BLUE CHARLIE+LOLA PERSONAL DOORSIGN,841.31
PINK 3 TIER GLASS PLATE STAND,840.45
BOTANICAL ROSE GIFT WRAP,839.8
FELTCRAFT HAIRBAND RED AND BLUE,839.78
SMALL STRIPES CHOCOLATE GIFT BAG ,839.68
CARD CIRCUS PARADE,839.52
COLOURFUL FISHING GNOME,838.6
EDWARDIAN TOILET ROLL UNIT ,838.35
CLASSICAL ROSE SMALL VASE,837.75
POLYESTER FILLER PAD 65CMx65CM,837.25
GINGHAM OVEN GLOVE RED HEART ,836.25
MA CAMPAGNE 4 DRAWER WALL SHELF,835.55
CHRISTMAS CRAFT HEART DECORATIONS,834.0
SET/9 CHRISTMAS T-LIGHTS SCENTED ,833.89
LARGE CHINESE STYLE SCISSOR,831.7
BLACK RETRO BAR STOOL,830.9
WHITE ADVENT CANDLE,829.08
PARTY INVITES DINOSAURS,827.4499999999999
RED SPOTTY PUDDING BOWL,827.04
S/4 IVORY MINI ROSE CANDLE IN BOWL,826.77
RING OF ROSES BIRTHDAY CARD,826.26
BLUE PAISLEY NOTEBOOK,825.6
WOOD STAMP SET FLOWERS,825.15
CLEAR MILKSHAKE GLASS,823.5
CANDLE PLATE LACE WHITE,822.6
BLUE POLKADOT WRAP,822.5
GREEN JUICY FRUIT PHOTO FRAME,821.85
KNITTED MUG COSY IVORY COLOUR ,821.7
FAIRY CAKES NOTEBOOK A6 SIZE,821.63
BLUE PAISLEY SKETCHBOOK,821.2
FIVE CATS HANGING DECORATION,820.6500000000001
BOUDOIR SQUARE TISSUE BOX,819.0
WRAP GREEN PEARS ,819.0
CAKE SHOP  STICKER SHEET,817.59
FRENCH FLORAL CUSHION COVER ,817.1499999999999
POTTING SHED SEED ENVELOPES,816.9
CHRYSANTHEMUM POCKET BOOK ,813.35
INLAID WOOD INCENSE HOLDER,813.0899999999999
SHAKER THROW  QUILTED,811.8
GREEN FERN SKETCHBOOK ,811.75
PINK HORSE SOCK PUPPET,811.0500000000001
LAVENDER SCENTED SET/9 T-LIGHTS,810.6999999999999
GLASS JAR MARMALADE ,810.3000000000001
3D SHEET OF CAT STICKERS,808.3499999999999
WHITE STITCHED CUSHION COVER,807.9
CERAMIC BIRDHOUSE BLACK ROSE  LARGE,805.6500000000001
ROSE SCENT CANDLE JEWELLED DRAWER,805.44
SET OF SALT AND PEPPER TOADSTOOLS,803.89
EASTER DECORATION NATURAL CHICK,799.45
BLACK METAL BAROQUE PHOTO FRAME,798.75
ABSTRACT CIRCLES POCKET BOOK,797.65
BLUE PAISLEY POCKET BOOK,795.55
PINK POLKADOT CHILDRENS UMBRELLA,793.5
GENTLEMAN SHIRT REPAIR KIT ,793.01
VINTAGE BILLBOARD MUG ,792.62
RED DRAWER KNOB ACRYLIC EDWARDIAN,791.44
MAGNETS PACK OF 4 RETRO PHOTO,790.4300000000001
SET OF 72 GREEN PAPER DOILIES,790.25
SET/5 BLUE SPOTTY LID GLASS BOWLS,787.05
RIBBON REEL POLKADOTS ,787.05
LARGE STRIPES CHOCOLATE GIFT BAG,785.15
EASTER BUNNIES ON A STICK,783.96
ZINC POLICE BOX LANTERN,783.7
BIRTHDAY BANQUET GIFT WRAP,783.3
TOXIC AREA  DOOR HANGER ,782.17
MOODY BOY  DOOR HANGER ,781.48
3D SHEET OF DOG STICKERS,780.3
SCALLOP SHELL SOAP DISH,777.3
MINI JIGSAW BUNNIES,776.04
MAGIC TREE -PAPER FLOWERS,775.1999999999999
VINTAGE RED MUG,773.59
ENGLISH ROSE NOTEBOOK A7 SIZE,773.22
PINK POLKADOT WRAP ,773.0
CERAMIC BIRDHOUSE BUTTERFLY LARGE,772.95
PINK DRAWER KNOB ACRYLIC EDWARDIAN,770.19
SMALL REGAL  SILVER CANDLEPOT ,769.9500000000002
PINK 5 PATCH FLOWER CUSHION COVER ,769.65
HEART SHAPE WIRELESS DOORBELL,769.14
GREEN FERN NOTEBOOK,768.75
PINK SMALL GLASS CAKE STAND,767.25
LIPSTICK PEN FUSCHIA,764.46
BLUE CHALET BIRDFEEDER,763.75
UNION FLAG WINDSOCK,763.51
RED SHARK HELICOPTER,763.2
GREEN FERN POCKET BOOK,763.1999999999999
GLASS CLOCHE SMALL,761.53
CHRYSANTHEMUM SKETCHBOOK ,759.95
SILVER T-LIGHT SETTING,758.0
SNOWSTORM PHOTO FRAME FRIDGE MAGNET,757.31
BLACK PIRATE TREASURE CHEST,756.75
EDWARDIAN 2 DRAWER WALL CABINET ,755.8
BLUE 5 PATCH FLOWER CUSHION COVER,755.75
WRAP CHRISTMAS SCREEN PRINT,755.75
PARTY INVITES JAZZ HEARTS,755.1999999999999
PACK OF 12 SPACEBOY TISSUES,755.0899999999999
LIBRARY LAMP,754.1999999999999
HEART DECORATION RUSTIC HANGING ,750.6600000000001
ASS COL LARGE SAND GECKO P'WEIGHT,750.63
PSYCHEDELIC WALL THERMOMETER,750.55
FLOWER FAIRY OIL BURNER SET ROSE,750.0
CERAMIC LOVE HEARTS DESIGN MUG,749.47
MINI JIGSAW BAKE A CAKE ,747.06
WOOD STAMP SET HAPPY BIRTHDAY,745.95
SPOTS MUG,744.2999999999998
URBAN CHIC CHOPSTICKS SET/5,744.15
T-LIGHT HOLDER SWEETHEART HANGING,740.85
SKULLS STORAGE BOX LARGE,740.09
BLUE/CREAM STRIPE CUSHION COVER ,738.65
ANTIQUE EDWARDIAN DRESSER,737.4
BLACK EAR MUFF HEADPHONES,737.01
ENAMEL PINK COFFEE CONTAINER,736.98
PINK YELLOW PATCH CUSHION COVER,735.9000000000001
CONGRATULATIONS BUNTING,735.75
RED DAISY POCKET BOOK ,734.75
WHITE NEWBAROQUE CANDLESTICK CANDLE,734.25
CANDY SHOP  STICKER SHEET,733.8299999999999
SET OF 4 FAIRY CAKE PLACEMATS ,733.45
SMALLFOLKART BAUBLE CHRISTMAS DEC,733.38
12 PENCILS TALL TUBE POSY,732.91
Adjustment by Peter on Jun 25 2010 ,731.0500000000001
ASS FLORAL PRINT TORCH,729.9499999999999
CERAMIC BIRDHOUSE RED ROOF LARGE,729.85
FIRST CLASS PASSPORT COVER ,726.14
STAR  T-LIGHT HOLDER ,725.5
 PAINT YOUR OWN CANVAS SET,724.8
SMALL MEDINA STAMPED METAL BOWL ,723.4
POCKET BAG PINK PAISELY BROWN SPOT,723.15
RETRO LAUNDRY TUB PISTACHIO,722.5
 HOME SWEET HOME  BLACKBOARD,722.3100000000001
CRAZY DAISY HEART DECORATION,719.85
GLITTER CHRISTMAS TREE,715.6999999999999
RED/CREAM STRIPE CUSHION COVER ,714.9
PINK BUTTERFLY WASHBAG,714.75
MINI PAINT SET VINTAGE  BOY+ GIRL,714.5999999999999
ZINC HEART LATTICE PLANTER BOWL,713.8000000000001
PINK PAINTED KASHMIRI CHAIR,713.4000000000001
ORANGE SCENTED SET/9 T-LIGHTS,713.0
PACK OF 12 STICKY BUNNIES,712.75
MAGAZINE RACK GEBRA ASSORTED ,712.5
BEACH HUT KEY CABINET,711.25
SOLDIERS EGG CUP ,710.0
PURPLE DRAWERKNOB ACRYLIC EDWARDIAN,708.94
FELT FARM ANIMAL CHICKEN,708.08
CARD BIRTHDAY COWBOY,707.16
MAGIC DRAWING SLATE LEAP FROG ,704.82
"ART LIGHTS,FUNK MONKEY",704.1
TOOTHPASTE TUBE PEN,702.5500000000001
"FRENCH BLUE METAL DOOR SIGN, 1",700.0
SET/3 TALL GLASS CANDLE HOLDER PINK,699.7
SET OF SKULL WALL STICKERS,699.4
GINGHAM ROSE WRAP,698.8
ABSTRACT CIRCLES NOTEBOOK,698.55
FUNKY MONKEY MUG,697.9
COSY SLIPPER SHOES SMALL GREEN,697.3000000000001
FELT EGG COSY CHICKEN,696.15
LARGE YELLOW BABUSHKA NOTEBOOK ,695.58
MULTI HEARTS  STICKERS,695.05
KITCHEN FLOWER POTS WALL PLAQUE,694.7
BLUE  SPOTTY PUDDING BOWL,694.08
FLOWER FAIRY OIL BURNER SET SUMMER,693.25
PAINTED BIRD ASSORTED CHRISTMAS,691.21
3 ROSE MORRIS BOXED CANDLES,689.34
BROWN FLOWER LIGHTS,688.95
PACK 6 HEART/ICE-CREAM PATCHES,687.5
"DECORATION , WOBBLY CHICKEN, METAL ",687.0
IVORY KNITTED MUG COSY ,685.3
FLYING PIG WATERING CAN,685.2
GLASS BONBON JAR PARFUME AUX FLEURE,684.73
WHITE WITH BLACK CATS PLATE,683.05
200 BENDY SKULL STRAWS,682.85
PINK/WHITE CHRISTMAS TREE 60CM,682.75
"BREAD BIN, DINER STYLE, IVORY",682.7499999999999
TABLE LAMP WHITE SHADE WOOD BASE,682.55
CHRISTMAS TREE PAINTED ZINC ,681.85
OLIVE CHALET BIRDFEEDER,681.25
RIDGED GLASS PENDANT LAMPSHADE,680.8499999999999
LARGE HEART FLOWERS HOOK   ,680.36
PINK STRIPE HOT WATER BOTTLE,679.5500000000001
DANISH ROSE BEDSIDE CABINET,679.1
STRAWBERRIES  DESIGN FLANNEL ,679.05
PINK HAWAIIAN PICNIC HAMPER FOR 2,678.0
"FRENCH BOTTLE , LAVENDER",677.1
PAPERWEIGHT VINTAGE COLLAGE,676.95
S/4 BLACK DINNER CANDLE SILVER FLOC,676.71
PINK METAL CHICKEN HEART ,676.56
VIPPASSPORT COVER ,676.1
SET OF 12  VINTAGE POSTCARD SET,676.05
MIRROR MOSAIC T-LIGHT HOLDER ROUND,674.25
EGG CUP NATURAL CHICKEN,674.16
RETRO SPOT CANDLE  LARGE,672.0
FRENCH EMROIDR LAVENDER SCENT HEART,672.0
FOLKART BAUBLE CHRISTMAS DECORATION,671.51
WHITE GOOSE FEATHER CHRISTMAS TREE ,671.0500000000001
GLASS SPHERE CANDLE STAND MEDIUM,670.5
MINI FUNKY DESIGN TAPES,669.8
DINOSAUR BIRTHDAY CARD,668.76
SWEETIES  STICKERS,668.1
PINK ROUND BUTTERFLY MIRROR ,667.8299999999999
S/3 FLWR FAIRY LILLY CANDLES,666.9000000000001
SET/4 BADGES BALLOON GIRL,666.85
BROWN FURRY HOT WATER BOTTLE,665.05
PURPLE GREEN FLOWER PIGGY BANK,664.35
DANISH ROSE PHOTO FRAME,664.35
BOHEMIAN COLLAGE STATIONERY SET,664.35
ANTIQUE CREAM CUTLERY SHELF ,663.0
YULETIDE IMAGES GIFT WRAP SET,662.76
SILVER SKULL HOT WATER BOTTLE ,662.61
S/2 BEACH HUT TREASURE CHESTS,661.7
STRAWBERRY SCENTED SET/9 T-LIGHTS,661.55
CHRISTMAS TREE HEART DECORATION,661.5
FLOWER FAIRY INCENSE ROSE,661.23
FLOWER FAIRY SET 3 CANDLES LAVENDER,660.9
S/4 PURPLE DINNER CANDLE BLK FLOCK,660.12
BLACK CANDELABRA T-LIGHT HOLDER,660.0600000000001
CERAMIC STRAWBERRY TRINKET TRAY,659.25
VINTAGE WOODEN PLATE RACK,659.1500000000001
HEART EAR MUFF HEADPHONES,658.26
BEADED PEARL HEART WHITE ON STICK,658.26
MINI JIGSAW PURDEY,657.78
PEG BAG APPLE DESIGN,656.7
CHRISTMAS TREE DECORATION WITH BELL,656.4599999999999
DOORSTOP RACING CAR DESIGN,655.98
JARDIN ETCHED GLASS FRUITBOWL,655.75
ASS COL LARGE SAND FROG P'WEIGHT,653.97
LOUVRE VANITY MIRROR,653.85
HANGING SPRING FLOWER EGG LARGE,653.61
MOROCCAN BEATEN METAL DISH LARGE,653.49
PINK PATCH PENCIL CASE BLUE HEART,652.5300000000001
BLUE JUICY FRUIT PHOTO FRAME,651.9
FRENCH GARDEN SIGN BLUE METAL,651.76
HIPPY CHIC DECORATIVE PARASOL,650.25
SET OF 16 VINTAGE PISTACHIO CUTLERY,650.25
BLUE CALCULATOR RULER,649.5
CARAVAN SQUARE TISSUE BOX,649.35
BLUE GINGHAM ROSE CUSHION COVER,648.5500000000001
LUNCHBAG SUKI  DESIGN ,648.25
SMALL ROUND CUT GLASS CANDLESTICK,648.2
CHRISTMAS TREE STAR DECORATION,648.06
DAISY NOTEBOOK ,647.55
GLITTER CHRISTMAS TREE WITH BELLS,647.4
PARTY PIZZA DISH RED RETROSPOT,646.8
JARDIN ETCHED GLASS LARGE BELL JAR,645.3
GINGHAM HEART WREATH,644.8000000000001
RED CHARLIE+LOLA PERSONAL DOORSIGN,644.7
PACK/12 XMAS FUN CARD,644.5500000000001
FROG CANDLE,643.37
CUSHION COVER PINK UNION FLAG,643.35
LA PALMIERA WALL THERMOMETER,641.75
JASMINE VOTIVE CANDLE,641.74
PINK  POLKADOT PLATE ,639.4399999999999
ESSENTIAL BALM 3.5g TIN IN ENVELOPE,637.92
ASSORTED LAQUERED INCENSE HOLDERS,637.89
SET OF 6 ICE CREAM SKITTLES,637.2
VINTAGE BEAD PINK SHADE ,636.25
ROBIN CHRISTMAS CARD,635.22
KITTENS DESIGN FLANNEL,633.2199999999999
FLOOR LAMP SHADE WOOD BASE,631.84
CANDY BUTTON PHOTO ALBUM,631.25
TEA TIME PAPER LANTERNS,630.5
PINK PAINTED KASHMIRI TABLE,630.0
PINK POLKADOT BOWL,628.82
RED ORGANIC CANDLE IN GLASS,627.05
WRAP BLUE RUSSIAN FOLKART,626.25
FELT EGG COSY BLUE RABBIT ,625.6999999999999
FLUTED ANTIQUE CANDLE HOLDER,625.5899999999999
S/5 MINI ICE CREAM FRIDGE MAGNETS,625.1999999999999
S/16 VINTAGE SKY BLUE CUTLERY,624.75
ASS COL SMALL SAND GECKO P'WEIGHT,622.74
LILAC DIAMANTE PEN IN GIFT BOX,622.7
HELLO SAILOR BATHROOM SET,622.55
BROWN  PIRATE TREASURE CHEST ,622.5
STRING OF STARS CARD HOLDER,620.5000000000001
GOLD STANDING GNOME,620.0
CERAMIC PLATE LOVE HEART DESIGN,619.84
FRYING PAN RED RETROSPOT,618.5
"FRENCH BLUE METAL DOOR SIGN, 2",616.25
BLUE POLKADOT PLATE ,615.78
SMALL ORIENTAL BLUE FOLDING STOOL,615.4
JIGSAW TOADSTOOLS 3 PIECE,614.1999999999999
IVORY HANGING BIRD PLANTER ,613.9499999999999
FAIRY CAKE NOTEBOOK A5 SIZE,612.0
CUPID DESIGN SCENTED CANDLES,611.85
FLOWERS  STICKERS,611.61
BEADED CRYSTAL HEART PINK SMALL,611.47
RABBIT  DESIGN  COTTON TOTE BAG,609.75
"WRAP, FRIENDSHIP ON GREEN",609.0
NEW BAROQUE IVORY CUSHION COVER ,607.7
"FRENCH BLUE METAL DOOR SIGN, 3",607.5
RED REINDEER STRING OF 20 LIGHTS,605.75
PINK ROSE FABRIC MIRROR,605.25
MAXWELL 2 TONE BLUE 60 PAGE PHOTO A,605.0
BOX OF 6 ASSORTED COLOUR TEASPOONS,603.5
RED RETROSPOT CUP,603.1899999999999
SET OF 3 CHRISTMAS BRIAR CANDLES,602.85
SMALL GREEN PEONY FOLDING STOOL,602.6
SMALL LICORICE DES PINK BOWL,602.57
FRENCH CHATEAU LARGE FRUIT BOWL ,602.25
NOEL GARLAND PAINTED ZINC ,602.25
SET OF 36 SILVER PAPER DOILIES,601.75
SCOTTIES CHILDRENS APRON,601.35
MONEY BOX CONFECTIONERY DESIGN,601.1
EASTER DECORATION EGG BUNNY ,600.73
PARTY INVITES FOOTBALL,599.67
RETRO SPOT CANDLE  SMALL,599.57
MAGIC DRAWING SLATE GO TO THE FAIR ,599.0400000000001
3 TRADITIONAl BISCUIT CUTTERS  SET,598.2
SET OF RED SALAD SERVERS ,596.0
CHRISTMAS MUSICAL ZINC TREE,595.8
ELEPHANT TOY WITH BLUE T-SHIRT,595.68
FRENCH CHATEAU SMALL FRUITBOWL,595.0500000000001
ENVELOPE 50 ROMANTIC IMAGES,594.54
WHITE HONEYCOMB PAPER GARLAND ,594.5
SMALL PINK MAGIC CHRISTMAS TREE,594.05
PAPERWEIGHT SAVE THE PLANET,593.85
BLOSSOM IMAGES SCRAP BOOK SET,593.85
T-LIGHT HOLDER WHITE LACE,593.26
CUPBOARD 3 DRAWER MA CAMPAGNE,592.6999999999999
SKULL LUNCHBOX WITH CUTLERY ,592.5
SET/4 SCENTED CANDLES IN RAMEKINS,592.5
APRON MODERN VINTAGE COTTON,592.0
FLAG OF ST GEORGE ,590.7
PACK OF 12 RED RETROSPOT TISSUES ,590.4899999999999
ENVELOPE 50 BLOSSOM IMAGES,589.4399999999999
HANGING BAUBLE T-LIGHT HOLDER LARGE,588.5
ROMANTIC IMAGES SCRAP BOOK SET,588.3
BEACH HUT MIRROR,588.15
FRUIT TREE AND BIRDS WALL PLAQUE,588.15
MIRROR MOSAIC HURRICANE LAMP ,586.95
POSY SHOPPER BAG,586.25
"DECORATION , HANGING METAL CHICKEN",586.25
4 VANILLA BOTANICAL CANDLES,585.0
BEACH HUT SHELF W 3 DRAWERS,584.9
SET/20 COLLAGE PAPER NAPKIN ,584.67
BLUE COAT RACK PARIS FASHION,583.2
BEACH HUT PHOTO FRAME,583.1
SET/3 POT PLANT CANDLES,582.85
SMALL KITCHEN FLOWER POTS PLAQUE,582.15
FRENCH ENAMEL CANDLEHOLDER,581.87
FENG SHUI PILLAR CANDLE,581.5899999999999
ENAMEL PINK SUGAR CONTAINER,581.58
ASSTD DESIGN POP ART SLIM PEN,581.4
"FRENCH BLUE METAL DOOR SIGN, 5",581.25
12 MINI TOADSTOOL PEGS,581.25
HOT WATER BOTTLE BABUSHKA LARGE,580.8
BLUE POLKADOT BOWL,580.14
VICTORIAN METAL POSTCARD CHRISTMAS,579.15
BUBBLE GUM SCARF KNITTING KIT,576.3000000000001
"FRENCH BLUE METAL DOOR SIGN, 0",575.0
ROSE 1 WICK MORRIS BOXED CANDLE,574.91
WRAP FOLK ART,574.75
MR ROBOT SOFT TOY,574.5
DOLLY HONEYCOMB GARLAND,574.35
PINK PICNIC BARBECUE BUCKET,574.3000000000001
MIRROR MOSAIC CANDLE PLATE,574.1899999999999
"FRENCH BLUE METAL DOOR SIGN, 4",573.75
MOTORING TISSUE BOX,573.4
LARGE  TALL CAMPHOR WOOD TOADSTOOL ,572.9499999999999
PARTY INVITES BALLOON GIRL,571.8
ORANGE FLOWER MUG ,570.15
MOROCCAN BEATEN METAL DISH,568.5000000000001
ENVELOPE 50 CURIOUS IMAGES,568.1899999999999
JIGSAW RABBIT AND BIRDHOUSE,567.6
WRAP BLUE REINDEER,567.0
TEACUP AND SAUCER REGENCY ROSES,566.7
POLKA DOT PISTACHIO PAIL,566.22
ZINC HEART LATTICE DOUBLE PLANTER,566.1
DOOR MAT NEIGHBOURHOOD WITCH ,565.89
SET/4 BADGES WOODLAND ANIMAL,564.5
WATERING CAN SINGLE HOOK PISTACHIO,564.12
FLYING SAUCER TABLE LIGHT IN WHITE,563.45
BLUE PATCH PENCIL CASE PINK HEART,563.19
PINK HEART SHAPE PHOTO FRAME,562.65
GLASS SPHERE CANDLE STAND LARGE ,562.45
SET OF 4 NAPKIN CHARMS LEAVES   ,561.9
SET OF 3 WICKER BASKET ROSE,561.8
WRAP WEDDING DAY,561.0
SET/4 2 TONE EGG SHAPE MIXING BOWLS,559.5799999999999
BLACK TEA TOWEL CLASSIC DESIGN,558.75
"FRENCH BLUE METAL DOOR SIGN, 8",558.75
HAWAIIAN GRASS SKIRT ,558.36
SWEETHEART WIRE MAGAZINE RACK,558.0
CLAM SHELL LARGE,557.7
SET OF 36 DOILIES VINTAGE CHRISTMAS,557.4
SKULLS DESIGN FLANNEL,556.65
RED HEART LUGGAGE TAG,556.47
SET/3 CHRISTMAS DECOUPAGE CANDLES,556.39
RETROSPOT CANDLE  SMALL,556.32
BLACK AND WHITE DOG BOWL,556.1400000000001
FLOWER FAIRY INCENSE BOUQUET,555.9
"TUMBLER, NEW ENGLAND",554.4
"FRENCH BLUE METAL DOOR SIGN, 9",552.5
SKULLS STORAGE BOX SMALL,551.7
RED ROSE AND LACE C/COVER,551.6500000000001
JAM JAR WITH PINK LID,550.74
DECORATION WHITE CHICK MAGIC GARDEN,550.22
TUB 24 PINK FLOWER PEGS,549.45
"FRENCH BLUE METAL DOOR SIGN, 7",547.5
PINK PILLAR CANDLE SILVER FLOCK,546.6
VINTAGE NOTEBOOK TRAVELOGUE,546.3000000000001
DAISY JOURNAL ,545.5500000000001
MARAKESH LANTERN LARGE,544.5
MRS ROBOT SOFT TOY,543.7
LARGE TORTILLA DESIGN RED BOWL,543.3
THE KING GIFT BAG,542.74
CHRISTMAS TREE T-LIGHT HOLDER,542.3
DECORATIVE NET CANOPY CREAM,541.6
SMALL ORIENTAL RED FOLDING STOOL,540.75
ARCHED GREY MIRROR,540.6
HOLLY TOP CHRISTMAS STOCKING,540.12
WHITE GLASS CHUNKY CHARM BRACELET,539.5
RED POLKADOT PUDDING BOWL,539.34
COLUMBIAN CANDLE RECTANGLE,538.9499999999999
LIGHT BIRD HOUSE TREE DECORATION,538.92
"STRING OF 8 BUTTERFLIES,PINK",538.05
IVORY LOVE BIRD CANDLE,537.35
SET/4 BUTTERFLY MIRROR MAGNETS,537.3
ASSTD HEARTS DESIGN MUGS,536.1
CONCH SHELL,535.8
VINTAGE PINK DECORATIVE PARASOL,535.5
SET OF 36 DOILIES SPACEBOY DESIGN ,535.25
"WHITE PEARL BEADED HEART, SMALL",535.0
2 PICTURE BOOK EGGS EASTER BUNNY,535.0
FOLKART HEART NAPKIN RINGS,534.45
ROMANTIC IMAGES GIFT WRAP SET,534.0
RED HEARTS LIGHT CHAIN ,533.1899999999999
BLUE DRAGONFLY HELICOPTER,532.65
BUNNY WOODEN PAINTED WITH BIRD ,532.0999999999999
 RIDGED GLASS T-LIGHT HOLDER,531.8000000000001
GREEN PICNIC BARBECUE BUCKET,531.3
2 PICTURE BOOK EGGS EASTER CHICKS,531.25
ASSTD DESIGN 3D PAPER STICKERS,530.7
LADLE LOVE HEART RED ,529.98
CLASSICAL ROSE DISH,528.85
CURIOUS IMAGES SCRAP BOOK SET,528.6
LOO ROLL  METAL SIGN ,527.25
ENAMEL COLLANDER CREAM,527.25
DECORATIVE CATS BATHROOM BOTTLE,526.98
"FRENCH BLUE METAL DOOR SIGN, 6",525.0
STRAWBERRY CANDY BAG,524.25
RECYCLED PENCIL WITH RABBIT ERASER,524.1
WHITE SOAP RACK WITH 2 BOTTLES,523.6
FAIRY CAKE CERAMIC BUTTER DISH,523.2
POTTING SHED SEED TIN,523.0
PINK OVAL JEWELLED MIRROR,522.15
 IVORY PAPER CUP CAKE CASES ,521.1
CHILDRENS APRON APPLE DESIGN,520.5
MINI CAKE STAND HANGING HEARTS,520.05
2 PICTURE BOOK EGGS EASTER DUCKS,520.0
ROUND CACTUS CANDLE,517.85
CHUNKY SILVER NECKLACE PASTEL FLOWE,517.4
RIDGED GLASS STORAGE JAR CREAM LID,516.36
PIN CUSHION BABUSHKA RED,515.9
CAKE STAND VICTORIAN FILIGREE SMALL,515.25
SWALLOW SQUARE TISSUE BOX,515.24
"CARD, BILLBOARD FONT",514.44
DIAMANTE BOW BROOCH BLACK COLOUR,514.35
MIRRORED WALL ART PHOTO FRAMES,513.0
WRAP GREEN RUSSIAN FOLKART ,512.75
SET/4 RED MINI ROSE CANDLE IN BOWL,512.1
RED RETROSPOT PLATE ,512.0699999999999
HI TEC ALPINE HAND WARMER,511.83
GLASS CHALICE GREEN  SMALL ,510.75
IF YOU CAN'T STAND THE HEAT MUG,510.66
RETRO LAUNDRY TUB PINK,510.0
SUNFLOWER DECORATIVE PARASOL,510.0
GREEN 3 TIER GLASS PLATE STAND,509.9
RETRO PLASTIC POLKA TRAY,509.59999999999997
S/4 BLUE DINNER CANDLE SILVER FLOCK,508.95
GREEN METAL SWINGING BUNNY,508.58
PACK OF 12 CIRCUS PARADE TISSUES ,508.00999999999993
METAL DECORATION NAUGHTY CHILDREN ,506.59999999999997
PACK OF 20 FAIRY CAKE PAPER NAPKINS,505.98999999999995
PINK  HEART CONFETTI IN TUBE,504.90000000000003
PINK METAL SWINGING BUNNY,504.9
FRENCH STYLE EMBOSSED HEART CABINET,504.84999999999997
BIRD IN TREE MUG ,504.55
BOTANICAL ROSE GREETING CARD,503.52
FAIRY CAKES NOTEBOOK A7 SIZE,503.15999999999997
RETRO SPOT CANDLE  MEDIUM,502.80000000000007
FRENCH CHATEAU OVAL PLATTER,502.2
"RETRO ""TEA FOR ONE"" ",501.0
JAM JAR WITH GREEN LID,500.88
BLACK CHAMPAGNE GLASS,500.1
SET 3 JARDIN DE FEMME SCENT CANDLES,499.81
ROSE SCENT CANDLES IN GLASS,498.49999999999994
FUSCHIA/GREEN STRIPE WOOLLY BLANKET,497.15
GREEN ROSE CUSHION COVER,496.25
PANDA AND BUNNIES STICKER SHEET,495.54999999999995
BLUE CLIMBING HYDRANGA ART FLOWER,495.15000000000003
NAMASTE SWAGAT INCENSE,494.7
CANDY SPOT TEA COSY,494.65000000000003
MINI JIGSAW DINOSAUR ,493.5
NIGHTINGALE COATHOOK WHITE,493.45
S/2 ZINC HEART DESIGN PLANTERS,491.5
5 STRAND GLASS NECKLACE CRYSTAL,490.4
SET OF 6 T-LIGHTS WEDDING CAKE ,489.65000000000003
EAU DE NILE JEWELLED PHOTOFRAME,488.25
BIRD DECORATION GREEN  SPOT,487.9
MAGNETS PACK OF 4 VINTAGE LABELS ,487.72
MADRAS NOTEBOOK LARGE ,487.5
PEG BAG APPLES DESIGN,487.5
CANDY SPOT BREAD BASKETS,487.35
BLUE NEW BAROQUE CANDLESTICK CANDLE,487.2
BLUE ROSE FABRIC MIRROR,486.2
BLUE SPOTTY LUGGAGE TAG ,486.0
PATCHWORK PENCIL CASE BUTTERFLY ,485.49
KEEP OUT GIRLS DOOR HANGER ,485.22999999999996
YELLOW DRAGONFLY HELICOPTER,484.95
BLUE SWEETHEART BRACELET,484.5
RED COAT RACK PARIS FASHION,484.2
COSY SLIPPER SHOES LARGE RED,483.80000000000007
DENIM PATCH PENCIL CASE BUTTERFLY,483.33
SET 3 WICKER OVAL BASKETS W LIDS,482.7
RATTLE SNAKE EGGS,481.8
DANISH ROSE UMBRELLA STAND,481.65
HANGING HEART MIRROR DECORATION ,481.0
RED FLOCK LOVE HEART PHOTO FRAME,479.82
75 BLACK FAIRY CAKE CASES,479.34999999999997
PREMIUM CHURCH CANDLE,479.34000000000003
SILVER GLITTER FLOWER VOTIVE HOLDER,478.85
FAUX FUR CHOCOLATE THROW,478.79999999999995
METAL SIGN CUPCAKE SINGLE HOOK,478.75
SALT AND PEPPER SHAKERS TOADSTOOLS,477.57
BLUE FLOCK GLASS CANDLEHOLDER,477.27
"F.FAIRY S/3 CANDLE/GLASS, ROSE",476.4
BLUE DRAWER KNOB ACRYLIC EDWARDIAN,476.25
PINK AND WHITE CHRISTMAS TREE 180CM,476.00000000000006
PINK  POLKADOT CUP,475.42
STARS GIFT TAPE ,475.25000000000006
TRIANGULAR RIDGED GLASS POSY HOLDER,475.1
WHITE PICNIC BARBECUE BUCKET,474.9
SUNSET COLOUR CHUNKY KNITTED THROW,474.59999999999997
FLOOR CUSHION ELEPHANT CARNIVAL,474.34999999999997
BLUE POLKADOT KIDS BAG,473.84999999999997
GREEN BLUE FLOWER PIGGY BANK,472.65
TEACUP AND SAUCER REGENCY GREEN,472.5
CARD DOG AND BALL ,472.32
72 CAKE CASES DOLLY GIRL DESIGN,471.84999999999997
JARDIN ETCHED GLASS BUTTER DISH,471.4
SET/10 IVORY POLKADOT PARTY CANDLES,471.25
BLACK MINI TAPE MEASURE ,470.95
POLKADOT RAIN HAT ,470.76
S/4 ROSE    BOTANICAL  CANDLE,469.5
CHERRY BLOSSOM TABLE CLOCK ,469.4
PINK NEW BAROQUECANDLESTICK CANDLE,469.25
S/4 PINK DINNER CANDLE SILVER FLOCK,468.87
OVEN MITT APPLE DESIGN,468.65
LOVELY BONBON STICKER SHEET,468.48999999999995
BALLERINA HEART DECORATION.,468.4
CARD WEDDING DAY,465.84000000000003
CANDY SPOT EGG WARMER HARE,465.25
PURPLE FOXGLOVE ARTIIFCIAL FLOWER,464.85
SET/12 TAPER CANDLES,464.64
PING MICROWAVE APRON,464.15000000000003
PAPER POCKET TRAVELING FAN ,462.70000000000005
BLUE PULL BACK RACING CAR,461.2
TEATIME GEL PENS ASST,460.8
HELLO SAILOR BLUE SOAP HOLDER,460.8
METAL SIGN HIS DINNER IS SERVED,460.8
COLUMBIAN CANDLE ROUND,460.53999999999996
DECORATION  BUTTERFLY  MAGIC GARDEN,460.39
CHRISTMAS DECOUPAGE CANDLE,460.09
RED WALL CLOCK,459.0
TROPICAL LUGGAGE TAG,459.0
IVORY WALL CLOCK,459.0
HILDA CANDY SPOT RABBIT,457.5
FELT FARM ANIMAL RABBIT,456.83
BLUE KNITTED HEN ,456.51
RETROSPOT CANDLE  LARGE,456.45
PASTEL BLUE PHOTO ALBUM ,454.71
BASKET/8 SCENTED LOVE TOKEN CANDLES,453.75
GREEN ROSE QUILT ,453.5
S/4 BURGUNDY WINE DINNER CANDLES,453.33
BLUE POLKADOT CUP,452.46999999999997
PINK BOUDOIR T-LIGHT HOLDER,451.95000000000005
DAIRY MAID  SMALL  MILK JUG,451.5
TOYBOX  WRAP ,451.5
MULTICOLOUR HONEYCOMB PAPER GARLAND,451.45
WHITE TRAVEL ALARM CLOCK,451.34999999999997
VINTAGE PHOTO ALBUM PARIS DAYS,450.7
SILVER CHARM NECKLACE 70CM,450.0
PEACH KNITTED HEN ,449.90999999999997
RETRO MOD TRAY,449.28
FORKED CACTUS CANDLE,449.05
CERAMIC BOWL WITH LOVE HEART DESIGN,448.75000000000006
MEASURING TAPE RUSSIAN DOLL PINK,448.4000000000001
GOLD MINI TAPE MEASURE ,448.4
MOUSEY LONG LEGS SOFT TOY,448.2
CHRISTMAS CARD SINGING ANGEL,446.58
CAROUSEL DESIGN WASHBAG,446.54999999999995
75 GREEN PETIT FOUR CASES,446.46
PACK 3 FIRE ENGINE/CAR PATCHES,446.25
"FRENCH BOTTLE, BRASSERIE DES ARTIST",446.09999999999997
FROG SOCK PUPPET,445.25000000000006
VINTAGE SHELLS PRINT,445.05
ASS COL SMALL SAND FROG P'WEIGHT,444.48
"DECOUPAGE,GREETING CARD,",443.52
BLUE SPOTTY PURSE ,443.3500000000001
BLUE  SPOTTY  COFFEE MUG,443.1
3 PIECE SPACEBOY COOKIE CUTTER SET,443.1
GIANT PINK HEART MEMO HOLDER,442.40000000000003
SILVER HANGING T-LIGHT HOLDER DOME,442.2
PINK SWEETHEART BRACELET,442.0
BLUE PAINTED KASHMIRI CHAIR,441.65000000000003
FROG KING WATERING CAN,441.1000000000001
DECORATIVE ROSE BATHROOM BOTTLE,440.44
BLACK AND WHITE CAT BOWL,440.1
DECORATIVE HANGING SHELVING UNIT,439.6
PIECE OF CAMO STATIONERY SET,439.53
WRAP  PINK FLOCK,439.0
BLUE CIRCLES DESIGN MONKEY DOLL,438.59999999999997
GLASS CHICKEN BUTTER DISH,438.15
PACK 4 FLOWER/BUTTERFLY PATCHES,437.5
DAIRY MAID CERAMIC BUTTER DISH,437.25
CERAMIC LOVE HEART MONEY BANK,436.65
RETRO SISTERS EXPRESSO CUPS,436.00000000000006
BLUE RETRO BAR STOOL,435.45000000000005
PLASMATRONIC LAMP,435.45
SMALL FOLKART STAR CHRISTMAS DEC,435.12
"S/6 HALLOWEEN GHOST T LIGHTS, 5CM H",435.12
SCOTTIES DESIGN WASHBAG,432.9
BLUE RIVIERA HANDBAG,431.0
MINI JIGSAW GO TO THE FAIR,429.66
DANISH ROSE ROUND SEWING BOX,429.25
MIRROR LOVE BIRD T-LIGHT HOLDER,429.15
COLUMBIAN CUBE CANDLE,429.0
PARTY INVITES SPACEMAN,428.92999999999995
RED RETROSPOT PURSE ,428.8500000000001
BLUE  DIAMANTE PEN IN GIFT BOX,428.7
PENS ASSORTED FUNKY JEWELED ,428.40000000000003
BLUE KASHMIRI BOXED MIRROR,428.0
SMALL GLASS SUNDAE DISH CLEAR,427.35
SET OF PICTURE FRAME  STICKERS,426.70000000000005
SMALL TALL CAMPHOR WOOD TOADSTOOL,426.45
GREEN DRAWER KNOB ACRYLIC EDWARDIAN,426.44
BLUE POLKADOT PUDDING BOWL,425.28000000000003
LITTLE FLOWER SHOPPER BAG,424.0
PINK  HONEYCOMB PAPER BALL ,423.42
LARGE SKULL WINDMILL,422.70000000000005
WHITE BAROQUE WALL CLOCK ,422.7
MEDIUM CHINESE STYLE SCISSOR,421.9
STRIPY DESIGN SHOWER CAP,421.29999999999995
"FRENCH BLUE METAL DOOR SIGN, No",421.25
"CAKE TIN, ROUND, VINTAGE RED,CREAM",421.05
FAIRY CAKE WICKER PICNIC BASKET ,420.75
PINK GOOSE FEATHER TREE 60CM,420.65
DAISY SKETCHBOOK ,420.65
JELLY BABIES YELLOW SMALL BOWL,420.14
BLUE SQUARE COMPACT MIRROR,420.0
SET/4 BADGES BEETLES,420.0
GREEN KASHMIRI OCCASIONAL TABLE,419.85
ROUND GEORGIAN SILVER MIRROR,419.25000000000006
ECONOMY PASSPORT COVER ,417.90000000000003
FLOWER FAIRY SET OF 3 LILY CANDLES,417.7
GLASS CHALICE GREEN  LARGE ,417.0
FAWN AND MUSHROOM GREETING CARD,416.64
JARDIN ETCHED GLASS SMALL BELL JAR,416.40000000000003
FOLKART STAR CHRISTMAS DECORATIONS,416.25
VINTAGE BEAD NOTEBOOK,415.95000000000005
"WRAP, BILLBOARD FONTS DESIGN",415.8
PINK POT PLANT CANDLE,415.8
FOLDING UMBRELLA RED/WHITE POLKADOT,415.8
SET OF 4 NEW ENGLAND COASTERS ,415.0
SET/6 GINGERBREAD STAR T-LIGHTS,415.0
SET/12 FUNKY FELT FLOWER PEG IN BAG,413.70000000000005
PURPLE PILLAR CANDLE BLACK FLOCK,413.35
SET/6 3D KIT CARDS FOR KIDS,412.84999999999997
MIRROR MOSAIC VOTIVE HOLDER,412.5
FELT TOADSTOOL  SMALL,412.25
ROSE DU SUD DRAWSTRING BAG,412.25
MIDNIGHT GLAMOUR SCARF KNITTING KIT,411.6
GLASS CHALICE BLUE SMALL ,411.3
EASTER DECORATION SITTING BUNNY,410.81
SILVER GLASS T-LIGHT SET,410.05000000000007
WHITE MURANO TWIST BRACELET,409.75
SMALL POLKADOT CHOCOLATE GIFT BAG ,409.7
OLD DOC RUSSEL METAL SIGN,409.5
WRAP BLIZZARD,409.5
GREEN SWEETHEART BRACELET,408.0
BAG FOR CHILDREN VINTAGE PINK ,408.0
BAG FOR CHILDREN VINTAGE BLUE ,408.0
YELLOW BREAKFAST CUP AND SAUCER,407.93
ENAMEL BLUE RIM OVAL TRAY SET/2,407.52
"CAKESTAND, 3 TIER, LOVEHEART",405.5
ORIGAMI LAVENDER INCENSE/CANDL SET ,405.45
LARGE TRIFLE DESIGN L BLUE BOWL,405.15
VINTAGE GLASS SUGAR CADDY,404.55
CARD CAT AND TREE ,403.92
GREEN  DIAMANTE PEN IN GIFT BOX,403.65000000000003
RED PEONY CUSHION COVER ,401.8
SMALL PINK PEONY FOLDING STOOL,401.3
VINTAGE NOTEBOOK PARIS DAYS,401.25000000000006
PINK AND WHITE CHRISTMAS TREE 120CM,401.20000000000005
BROWN COZY SQUARE PHOTO ALBUM,399.75
MONEY BOX FIRST ADE DESIGN,399.26
SCENTED CANDLE IN DIGITALIS TIN,399.0
Discount,397.89
JARDIN ETCHED GLASS GINGER JAR,397.5
FRIDGE MAGNETS US DINER ASSORTED,396.9
BEADED CRYSTAL HEART BLUE SMALL,396.47
ALPHABET HEARTS STICKER SHEET,396.09999999999997
EASTER DECORATION HANGING BUNNY,395.6
CAMOUFLAGE EAR MUFF HEADPHONES,395.28
LILLIES CANVAS PICTURE,394.85
PARTY PIZZA DISH RED WHITE SPOT ,394.4
BLACK GEMSTONE BRACELET,393.79999999999995
CERAMIC BIRDHOUSE FINCH BLUE  LARGE,393.6
RETRO PLASTIC ELEPHANT TRAY,393.54999999999995
3 TRADITIONAL COOKIE CUTTERS  SET,392.40000000000003
JARDIN DE FEMME SCENTED CANDLE,392.0
RETRO PINK SPOT WASHING UP GLOVES,391.1
ENGLISH ROSE IRONING BOARD COVER,390.0
ASSORTED TUTTI FRUTTI BRACELET,390.0
FRAPPUCINO SCARF KNITTING KIT,389.95000000000005
SCOTTIES DES CHILD'S APRON,389.4
POP-ART FLUORESCENT PENS,388.8
SET OF 3 SILVER FLYING DUCKS,388.4
MAGIC GARDEN MOUNT FUJI,387.6
SMALL CHOCOLATES PINK BOWL,387.5
GOLD WINE GOBLET,386.8
FRENCH CHATEAU LARGE PLATTER ,385.95
OVEN MITT APPLES DESIGN,385.7
BUNNY DECORATION MAGIC GARDEN,385.68
CHERRY BLOSSOM LUGGAGE TAG,385.22
"FLOWER FAIRY,5 SUMMER B'DRAW LINERS",385.05
CURIOUS  IMAGES NOTEBOOK SET,384.75
SQUARECUSHION COVER PINK UNION FLAG,384.75
WHITE CHRYSANTHEMUMS ART FLOWER,384.53999999999996
TEACUP AND SAUCER REGENCY PINK,384.0
ASSORTED CHEESE FRIDGE MAGNETS,383.59000000000003
"CAKE TIN, 3 TIER RED/IVORY",383.4
SMALL CAMPHOR WOOD FIELD  MUSHROOM,383.09999999999997
GREEN CAT FLORAL CUSHION COVER ,382.5
SET OF 16 VINTAGE SKY BLUE CUTLERY,382.5
RED VICTORIAN FABRIC OVAL BOX,382.43
ENGLISH ROSE PLACEMATS,382.05
PIN CUSHION RUSSIAN DOLL PINK,381.90000000000003
PINK JEWELLED PHOTO FRAME,381.6
CANDY SPOT APRON,381.3
GOLD WASHBAG,380.99
"PEARL & SHELL 42""NECKL. PINK",380.89
BLACK CHRISTMAS TREE 60CM,380.65000000000003
"F.FAIRY S/3 CANDLE/GLASS,LAVENDER",380.35
WHITE GRAND BAROQUE PHOTO FRAME,379.5
FLAG OF ST GEORGE CAR FLAG,379.26
BLUE ROCKING SINGING CANARY,378.75
S/4 FESTIVE GREEN DINNER CANDLES,378.33
WRAP MONSTER FUN ,378.0
SILVER FISHING GNOME ,377.0
FOLKART CROWN TABLE DECORATIONS,376.74
SET OF 3 VINTAGE TEA TIME BOXES,376.35
ASS DES PHONE SPONGE CRAFT STICKER,375.7
SET OF MEADOW  FLOWER STICKERS,375.65000000000003
CHEST 7 DRAWER MA CAMPAGNE,375.2
PINK CAT FLORAL CUSHION COVER ,375.0
SET OF 3 BIRD LIGHT PINK FEATHER ,375.0
BLUE HEART COMPACT MIRROR,375.0
JIGSAW TREE WITH WATERING CAN,374.84999999999997
SWISS CHALET TREE DECORATION ,374.74
WHITE HEART CONFETTI IN TUBE,374.55
OCEAN SCENT CANDLE JEWELLED DRAWER,374.0
PINK FOXGLOVE ARTIIFCIAL FLOWER,373.80000000000007
SQUARE FLOOR CUSHION VINTAGE RED,373.65000000000003
BLUE SHARK HELICOPTER,373.65000000000003
YELLOW SHARK HELICOPTER,373.65
ASSORTED TUTTI FRUTTI KEYRING BALL,373.15
PURPLE ANEMONE ARTIFICIAL FLOWER,372.89000000000004
LADLE LOVE HEART PINK,372.54
CLASSICAL ROSE URN,372.3
SWEETHEART WIRE FRUIT BOWL,372.3
RETROSPOT CANDLE  MEDIUM,372.0
TURQ ICE CREAM BUM BAG ,371.9
MINI  ZINC GARDEN DECORATIONS ,371.69
"CHARLIE+LOLA""EXTREMELY BUSY"" SIGN",371.34000000000003
MIRROR MOSAIC GOBLET CANDLE HOLDER,370.75
DOG BOWL VINTAGE CREAM,370.5
ASSTD FRUIT+FLOWERS FRIDGE MAGNETS,369.96
SET OF 16 VINTAGE BLACK CUTLERY,369.75
SET/4 COLOURFUL MIXING BOWLS,369.34
BIRDCAGE DECORATION TEALIGHT HOLDER,367.94
BLUE ROSE PATCH PURSE PINK BUTTERFL,366.3
EAU DE NILE HEART SHAPE PHOTO FRAME,366.3
PINK DISCO HANDBAG,366.25
DAISY FOLKART HEART DECORATION,366.25
CREAM KNITTED HEN,365.76
CHRISTMAS CARD STACK OF PRESENTS,365.58
NEW BAROQUE BLACK PHOTO ALBUM,365.5
BLACK FACE LAMB WITH PANTS,365.34
RETRO PINK BALL ASHTRAY ,364.55
JINGLE BELLS TREE DECORATION,364.5
ZINC HEART LATTICE TRAY OVAL ,364.15000000000003
WRAP DAISY CARPET ,363.75
SILVER TEDDY BEAR,363.75
DOORSTOP RUSSIAN DOLL RETROSPOT,363.48
PINK JEWELLED PHOTO FRAME ,361.35
S/3 PINK SQUARE PLANTERS ROSES,361.34999999999997
ANIMAL STICKERS,360.84
SEASIDE FRISBEE ,360.51
BLOND DOLL DOORSTOP,360.33000000000004
BIRTHDAY PARTY CORDON BARRIER TAPE,360.14
TROPICAL PASSPORT COVER ,360.1
SPRIG LAVENDER ARTIFICIAL FLOWER,359.55
FELT EGG COSY LADYBIRD ,359.51
PAPERWEIGHT HOME SWEET HOME,359.25
FELT FARM ANIMAL WHITE BUNNY ,358.84
SET/4 BADGES DOGS,358.75
RED BIRD HOUSE TREE DECORATION,358.28
SOFT PINK ROSE TOWEL ,358.05
PURPLE GEMSTONE BRACELET,358.0
CUSHION COVER PINK UNION JACK,357.0
SET OF 16 VINTAGE RED CUTLERY,357.0
TEA TIME BREAKFAST BASKET,357.0
PLASTERS IN TIN MR STRONG ,357.0
BLUE DISCO HANDBAG,356.75
CREAM CUSHION COVER WITH FLOWERS,355.85
FAIRY CAKE PLACEMATS,355.8
SET OF 4 NAPKIN CHARMS INSTRUMENT,355.35
SMALL MARAKESH METAL  LANTERN ,354.5
STRAWBRY SCENTED VOTIVE CANDLE,353.99999999999994
FIRST CLASS HOLIDAY PURSE ,353.30000000000007
EMPIRE DESIGN ROSETTE,352.5
ROSES WHITE ROUND CANDLE,351.62
RED RETROSPOT TOASTRACK,349.8
NEW BAROQUE JEWELLERY BOX ,349.7
SET OF 3 BIRD L.BLUE FEATHER,349.2
"F.FAIRY S/3 CANDLE/GLASS,LILY/VALLY",349.15000000000003
SET OF 3 PINK FLYING DUCKS,349.15
MULTICOLOUR HONEYCOMB FAN,349.05
BLUE TILED TRAY,348.75
ASSORTED SHAPES PHOTO CLIP SILVER ,347.87
"SMALL POP BOX,FUNKY MONKEY",347.85
STANDING FAIRY POLE SUPPORT ,347.63
SUMMER FUN DESIGN SHOWER CAP,346.97999999999996
PINK DRESS JEWELLERY STAND ,346.85
EASTER BUNNY GARLAND OF FLOWERS,346.5
BLUE PATCH PURSE PINK HEART,346.5
ROMANTIC IMAGES NOTEBOOK SET,346.5
PINK HEARTS LIGHT CHAIN ,345.63
DANISH ROSE TRINKET TRAYS,345.1
CLEAR COLOUR GLASS GEMS IN BAG,344.53999999999996
PINK DOG BOWL,344.49000000000007
SILVER PHOTO FRAME,344.09999999999997
IVORY HANGING DECORATION  EGG,343.68
CARD PSYCHEDELIC APPLES,343.44
ZINC HEART LATTICE 2 WALL PLANTER,342.9
ENGLISH ROSE METAL WASTE BIN,342.20000000000005
CIRCLE OF FRIENDS CANDLE HOLDER,341.7
ORIGAMI VANILLA INCENSE/CANDLE SET ,341.7
SMALL SQUARE CUT GLASS CANDLESTICK,341.55
FLORAL SOFT CAR TOY,341.25
BLUE SPOTTY PASSPORT COVER,341.2
PAIR PADDED HANGERS PINK CHECK,340.8
SET OF 6 T-LIGHTS CACTI ,340.70000000000005
BLACK/WHITE GLASS/SILVER BRACELET,340.1
STRING CRYSTALS NATURAL,340.0
SET/6 COLLAGE PAPER PLATES,339.46999999999997
PACK 3 IRON ON DOG PATCHES,338.75
BEECH WOOD PHOTO FRAME ,338.75
SILVER CHERRY LIGHTS,338.45000000000005
BLUE TV TRAY TABLE ,337.94
WHITE CERAMIC PARTY SET (5PCS),337.58
12 PENCILS SMALL TUBE POSY,336.7
PINK HEARTS PHOTO ALBUM,336.25
HANGING SPRING FLOWER EGG SMALL,336.05
ROSE DU SUD CHILDS APRON,335.75
FAIRY CAKE GREETINGS CARD,335.46
GIFT BAG PSYCHEDELIC APPLES,334.1
ROSE PINK METAL FOLDING CHAIR,333.90000000000003
SPACE BOY BIRTHDAY CARD,333.78000000000003
FLOWER FAIRY INCENSE LILY,333.61
ASS COLOUR GLOWING TIARAS,333.5
"TUMBLER, BAROQUE",333.15000000000003
SET OF 3 WICKER BASKET TEA AND CAKE,332.6
BLUE BREAKFAST CUP AND SAUCER ,332.54
CAT BOWL VINTAGE CREAM,332.5
GREEN BIRDHOUSE DECORATION,332.21
CLASSICAL ROSE CANDLESTAND,331.7
PURPLE SWEETHEART BRACELET,331.5
TALL ROCOCO CANDLE HOLDER,331.5
BLACK CHUNKY BEAD BRACELET W STRAP,331.15
PINK HYDRANGEA ART FLOWER,330.84000000000003
SET/4 BIRD MIRROR MAGNETS ,330.48
ASSORTED EASTER DECORATIONS  BELLS,330.28000000000003
SET/3 CHRISTMAS BRIAR CANDLES,330.0
LIGHT PINK FLOCK GLASS CANDLEHOLDER,329.15
WAKE UP COCKEREL WALL THERMOMETER,328.95
ECONOMY HOLIDAY PURSE,328.85
DECORATION  PINK CHICK MAGIC GARDEN,328.19
CAROUSEL DES CHILD'S OVERALL,327.6
ROUND PINK HEART MIRROR,327.6
ROBOT MUG IN DISPLAY BOX,327.57
SET/4 BADGES CUTE CREATURES,327.5
GREEN GIANT GARDEN THERMOMETER,327.25
BLUE BIRDHOUSE DECORATION,327.10999999999996
PINK PAISLEY SQUARE TISSUE BOX ,327.03
ROSE DU SUD CUSHION COVER ,326.7
GREEN POLKADOT BOWL,326.25
PINK RIVIERA HANDBAG,325.65000000000003
LOUVRE CHALKBOARD,325.6
SPACE BOY GIFT WRAP,325.5
MIRRORED DOVE WALL DECORATION,325.5
RED DAISY PAPER LAMPSHADE,325.07
LARGE WHITE/PINK ROSE ART FLOWER,325.07
BLACK CHRISTMAS TREE 120CM,324.72
BLACK LOVE BIRD T-LIGHT HOLDER,324.15
CLASSIC FRENCH STYLE BASKET BROWN,324.0
BLACK SWEETHEART BRACELET,323.0
GOLD PHOTO FRAME,322.5
SPACE OWL,322.5
GREEN SQUARE COMPACT MIRROR,322.5
PINK/YELLOW FLOWERS HANDBAG,321.95
DENIM PATCH PURSE PINK BUTTERFLY,321.75
BUNNY EGG GARLAND,321.72
BLUE GIANT GARDEN THERMOMETER,321.3
S/3 TEAR DROP CUT GLASS DECORATION,320.25
ANT WHITE SWEETHEART TABLE W 3 DRAW,320.0
YELLOW EASTER EGG HUNT START POST,319.65
DANISH ROSE FOLDING CHAIR,319.6
BIRD DECORATION RED RETROSPOT,319.58
ANTIQUE CREAM CUTLERY CUPBOARD,318.75
LARGE BLUE ORIENTAL FOLDING STOOL,317.0
FOLDING UMBRELLA BLACKBLUE POLKADOT,316.8
NEW ENGLAND TEATOWELS,316.2
PINK GINGHAM CAT WITH SCARF,316.2
ENGLISH ROSE TAPE MEASURE,315.44
GREEN PEONY CUSHION COVER,315.4
DANISH ROSE DELUXE COASTER,315.34999999999997
MIRRORED WALL ART SKULLS,315.0
FLORAL BLUE MONSTER,315.0
BANK ACCOUNT  GREETING  CARD ,314.7
LARGE GREEN PEONY FOLDING STOOL,314.34999999999997
GREEN GOOSE FEATHER CHRISTMAS TREE ,314.1
PINK BREAKFAST CUP AND SAUCER ,313.98
PINK CHRYSANTHEMUMS ART FLOWER,313.8
BLUE DELPHINIUM ARTIFICIAL FLOWER,313.6
SET/6 GARDEN GNOME T-LIGHT CANDLES,312.55
SILVER DISCO HANDBAG,312.55
SET 3 WICKER STORAGE BASKETS ,312.35
TEATIME ROUND PENCIL SHARPENER ,311.94
LIGHTHOUSE PRINTED METAL SIGN,311.85
BLUE VICTORIAN FABRIC OVAL BOX,311.75
ELVIS WALLHANGING / CURTAIN,311.25
BUNNY WOODEN PAINTED WITH FLOWER ,310.25
MIRROR MOSAIC T-LIGHT HOLDER ,309.45
LARGE PINK PEONY FOLDING STOOL,309.15
WOVEN BERRIES CUSHION COVER ,308.85
VINTAGE DOG FOOD CONTAINER,308.64
PAPERWEIGHT KINGS CHOICE ,308.55
ENGLISH ROSE TABLE CLOCK,307.2
BEAUTY SPEED EXPRESSO CUPS,306.9
BEADED CRYSTAL HEART PINK LARGE,306.15
BLACK BAROQUE WALL CLOCK ,306.0
DAIRY MAID TOASTRACK,305.50000000000006
CHRISTMAS CARD SCREEN PRINT ,304.8
PINK HEART RED HANDBAG,304.65000000000003
TURQOISE ICE CREAM SUNHAT,304.09000000000003
ANT WHITE HIGH RISE BIRD BOX,304.0
BLUE STAR BLOCK TABLE LAMP,303.85
"BIRTHDAY CARD, RETRO SPOT",303.84000000000003
PILLOWCUSHION COVER PINK UNION JACK,303.45
PINK BUTTERFLY CUSHION COVER ,303.15
COLUMBIAN CANDLE ROUND ,302.74
S/3 FLWR FAIRY SUMMER CANDLES,302.40000000000003
JARDIN ETCHED GLASS CANDLEHLDR LONG,301.95
SWEETHEART WIRE WALL TIDY,301.7
ROSE DU SUD OVEN GLOVE,300.90000000000003
PINK GLASS CANDLEHOLDER,300.90000000000003
MEASURING TAPE RUSSIAN DOLL BLUE,300.90000000000003
BLACK SILOUETTE CANDLE PLATE,300.88
PINK CAT BOWL,300.6
ENAMEL DOG BOWL CREAM,300.48
MULTICOLOUR  CONFETTI IN TUBE,300.3
BUTTONS AND STRIPES NOTEBOOK ,300.0
ORIENTAL BLUE CUSHION COVER ,299.7
BLOSSOM  IMAGES NOTEBOOK SET,299.5
CARD SUKI BIRTHDAY,298.8
CANDY SPOT HEART DECORATION,298.34999999999997
CANDY STRIPE ROSE C/COVER ,297.5
FLOWER BURST SILVER RING CRYSTAL,297.5
SILVER ROCOCO CANDLE STICK,297.3
FUNKY MONKEY GIFT BAG MEDIUM,297.06
SMALL PINK GLASS SUNDAE DISH,297.0
SET OF 4 ROSE BOTANICAL CANDLES,296.25
SET OF 2 TEA TOWELS PING MICROWAVE,295.55
LAVENDER SCENT CAKE CANDLE,295.45
SET 5 MINI DOUGHNUT FRIDGE MAGNET ,295.08000000000004
WOVEN BUBBLE GUM CUSHION COVER,294.0
FAIRY CAKES ROUND NESTING BOXES,293.8
OPIUM SCENTED VOTIVE CANDLE,293.76
SET OF 4 NAPKIN CHARMS 3 KEYS ,293.25
ENAMEL BLUE RIM COFFEE CONTAINER,293.1
MAXWELL 2 TONE PINK 60 PAGE PHOTO A,293.0
PACK OF 12 PINK POLKADOT TISSUES,292.9
S/4 FESTIVE RED DINNER CANDLES,292.5
CHARLIE+LOLA MY ROOM DOOR SIGN,291.65999999999997
SET 72 CAKE CASES VINTAGE CHRISTMAS,291.6
PING! MICROWAVE PLATE,291.36
RETRO PLASTIC 70'S TRAY,291.29
MINI JIGSAW LEAP FROG,290.94
RED RETROSPOT TISSUE BOX,290.25
PINK FLOWER FABRIC PONY,289.85
ASS FLORAL PRINT TAPE MEASURE,289.19
PINK MURANO TWIST BRACELET,289.0
SILVER JEWELLED MIRROR TRINKET TRAY,288.54999999999995
MINI PAINTED GARDEN DECORATION ,288.15
FIRST CLASS LUGGAGE TAG ,287.94
3 TIER SWEETHEART GARDEN SHELF,287.6
WHITE GOOSE FEATHER TREE 60CM ,287.09999999999997
JASMINE TEA INCENSE IN TIN,286.8
WHITE ANEMONE ARTIFICIAL FLOWER,285.61
DECORATIVE FLORE BATHROOM BOTTLE,285.0
COCKLE SHELL DISH,284.1
MIRROR CORNICE,284.05
BEADED CRYSTAL HEART BLUE  LARGE,283.8
BISCUITS SMALL BOWL LIGHT BLUE,283.75
SET/6  ANGEL T-LIGHTS WHITE/GOLD,282.96999999999997
MINI JIGSAW FIDO,282.24
RED AND WHITE SPOT TAPE,282.1
BOTANICAL LAVENDER GIFT WRAP ,281.5
STRIPES DESIGN TEDDY,280.5
SET/4 SPRING FLOWER DECORATION,280.25000000000006
"PEARL & SHELL 42""NECKL. IVORY",279.5
BLCK NEW BAROQUE CANDLESTICK CANDLE,279.0
HEAVENS SCENT FRAGRANCE OILS ASSTD,278.46999999999997
SILVER FABRIC MIRROR,278.4
FAIRY DREAMS INCENSE ,278.36
TURQ+RED BOUDICCA LARGE BRACELET,278.0
SKULLS SQUARE TISSUE BOX,277.5
SET/6 PINK BIRD T-LIGHT CANDLES,277.08
PINK PARTY SUNGLASSES,277.05
RIDGED GLASS FINGER BOWL,277.05
PAISLEY PATTERN  STICKERS,276.34
PURPLE/TURQ FLOWERS HANDBAG,276.25
ACRYLIC GEOMETRIC LAMP,276.25
CRYSTAL STUD EARRINGS ASSORTED COL ,276.14
GREEN KASHMIRI BOXED MIRROR,276.0
WIRE FLOWER T-LIGHT HOLDER,275.0
GIFT BAG BIRTHDAY,274.95
CROCHET ROSE PURSE WITH SUEDE BACK,274.35
WHITE HYDRANGEA ART FLOWER,273.6
FLORAL PINK MONSTER,273.48
BLUE POLKADOT WASHING UP GLOVES,270.9
RED RETROSPOT SHOPPING BAG,270.3
Bank Charges,270.0
BLUE PAISLEY TISSUE BOX,268.99
WOVEN ROSE GARDEN CUSHION COVER ,268.95
BLACK BOX MIRROR LANTERN,268.75
SET OF 4 NAPKIN CHARMS CROWNS ,268.65000000000003
AMETHYST CHUNKY BEAD BRACELET W STR,268.5
GREEN GOOSE FEATHER TREE 60CM,267.75
BLUE  TILE HOOK,267.75
ANT COPPER LIME BOUDICCA BRACELET,267.3
VIP HOLIDAY PURSE,267.20000000000005
RED BOUDICCA LARGE BRACELET,266.6
LARGE CAMPHOR WOOD FIELD MUSHROOM ,266.4
BUTTONS DESIGN JEWELLERY BOX,266.25
WHITE SNOW SCANDINAVIAN STOCKING ,266.14
GRASS HOPPER WOODEN WALL CLOCK ,265.75
QUEEN OF THE SKIES HOLIDAY PURSE ,265.5
 4 PURPLE FLOCK DINNER CANDLES,265.2
CUBIC MUG PINK POLKA DOT,265.2
SILVER BRACELET W PASTEL FLOWER,265.0
QUEEN OF THE SKIES PASSPORT COVER ,264.6
GREEN ENAMEL+GLASS HAIR COMB,264.6
PASTEL PINK PHOTO ALBUM ,262.95
FAIRY CAKE PLACEMATS ,262.05
ROSE DU SUD WASHBAG ,261.8
SMALL ZINC/GLASS CANDLEHOLDER,261.52
PINK GINGHAM ROSE FLOOR CUSHION,261.35
BLUE WIRE SPIRAL CANDLE HOLDER,260.34999999999997
STARFISH SOAP DISH,260.09999999999997
MIXED NUTS LIGHT GREEN BOWL,260.0
SCHOOL DESK AND CHAIR ,260.0
CONDIMENT TRAY 4 BOWLS AND 4 SPOONS,259.89
4 BLUE DINNER CANDLES SILVER FLOCK,259.2
LIPSTICK PEN BABY PINK,258.96
LARGE GLASS SUNDAE DISH CLEAR,258.2
BLUE NEW BAROQUE FLOCK CANDLESTICK,258.06
SET/6 EAU DE NIL BIRD T-LIGHTS,258.0
ORIGAMI ROSE INCENSE IN TUBE,257.58
BOX/12 CHICK & EGG IN BASKET,257.4
PINK BOUDICCA LARGE BRACELET,257.15000000000003
PAINTED PINK RABBIT ,256.7
CAKES AND RABBITS DESIGN FLANNEL ,256.38
BOTANICAL LAVENDER BIRTHDAY CARD,255.6
FLOWER WINDMILL,255.51000000000002
CAMPHOR WOOD PORTOBELLO MUSHROOM,254.66
CANDY POP CHUNKY KNITTED THROW ,254.25
ORIGAMI SANDLEWOOD INCENSE+FLOWER,253.0
GINGHAM BABUSHKA DOORSTOP,252.99
PINK FELT EASTER RABBIT GARLAND,252.45
SET/6 SILVER REINDEER T-LIGHTS,252.2
GREEN POLKADOT PLATE ,251.81
4 BURGUNDY WINE DINNER CANDLES,251.44
PSYCHEDELIC METAL SIGN CALENDAR,251.25
KASBAH LANTERN WITH GLASS ,250.8
CROCHET BEAR WITH BLUE STRIPES,249.9
"TUMBLER, ENGLISH ROSE",249.15
PARTY TIME DESIGN FLANNEL,248.91
DECORATIVE NET CANOPY LEOPARD,248.75
CINNAMON SCENTED VOTIVE CANDLE,248.42999999999998
BOTANICAL LILY GIFT WRAP,248.0
"ROUND SNACK BOXES ,SET 4, FRUITS ",247.8
MINI CAKE STAND T-LIGHT HOLDER,247.8
LA PALMIERA METAL SIGN CALENDAR,246.0
GLASS CHALICE BLUE  LARGE ,245.25
SET/4 MODERN VINTAGE COTTON NAPKINS,244.85000000000002
SIX STRING SCANDINAVIAN HEART DECS,244.85000000000002
HEART BUTTONS JEWELLERY BOX,244.8
PINK OWL DECORATION,244.8
BLUE OWL DECORATION,244.8
CARD PARTY GAMES ,244.74
WHITE CHOCOLATE SCENT CANDLE,244.35
IVORY HANGING DECORATION  CHICKEN,243.95
YELLOW FLOWERS FELT HANDBAG KIT,243.60000000000002
YELLOW COAT RACK PARIS FASHION,242.55
ECONOMY LUGGAGE TAG,242.5
CLAM SHELL SMALL ,242.16000000000003
HANGING HEART BASKET,242.04000000000002
FOLKART CLIP ON STARS,241.92000000000002
BLUE GLASS CHUNKY CHARM BRACELET,241.65
TIGRIS EYE CHUNKY CHARM BRACELET,241.64999999999998
WHITE ROUND PORCELAIN TLIGHT HOLDER,241.5
DIAMANTE BOW BROOCH RED COLOUR,241.3
SMALL HANGING GLASS+ZINC LANTERN,240.7
BLUE MURANO TWIST BRACELET,240.5
 SILVER T-LIGHT SETTING,240.15
FRIDGE MAGNETS LES ENFANTS ASSORTED,239.39999999999998
VINTAGE ROSE BEAD BRACELET BLACK,238.0
GOLD EAR MUFF HEADPHONES,237.51
KITTY PENCIL ERASERS,237.09
MULTICOLOUR FEATHERS CURTAIN,236.40000000000003
RECTANGULAR SHAPED MIRROR,236.22000000000003
CANDY HEART HANGING DECORATION,235.0
MADRAS NOTEBOOK MEDIUM,234.6
PINK PATCH PURSE BLUE HEART,234.29999999999998
CITRUS GARLAND FELT FLOWERS ,234.0
PINK FLY SWAT,233.06
ENGLISH ROSE MUG IN GIFT BOX,232.89
AMBER CHUNKY BEAD BRACELET W STRAP,232.7
FUNKY GIRLZ ASST MAGNETIC MEMO PAD,232.04999999999998
CRYSTAL STILETTO PHONE CHARM,232.04999999999998
DARK PINK FLOCK GLASS CANDLEHOLDER,231.99
"BISCUIT TIN, RED,IVORY, VINTAGE",230.55
DECORATIVE PLANT POT WITH FRIEZE,230.55
RED DRAGONFLY HELICOPTER,230.55
TRANSPARENT ACRYLIC TAPE DISPENSER,230.45
PINK MINI TAPE MEASURE ,230.1
RIDGED GLASS T-LIGHT HOLDER,230.1
LONG SILVER NECKLACE PASTEL FLOWER,229.5
COFFEE SCENT PILLAR CANDLE,228.95
BLACK+WHITE NECKLACE W TASSEL,228.85
BLUE VICTORIAN FABRIC HEART BOX,228.39
GEISHA GIRL CHOPSTICKS SET/5,228.15
BLACK SILOUETTE CANDLE PLATE ,227.4
BAKING MOULD ROSE MILK CHOCOLATE,227.25
BOTANICAL LILY GREETING CARD,226.8
F.FAIRY S/3 CANDLE/GLASS,226.5
FAIRY CAKES RECTANGLUAR BOXES,226.1
S/4 GROOVY CAT MAGNETS,226.04999999999998
This is a test product.,226.0
SET/6 GOLD REINDEER T-LIGHT CANDLES,225.55
SET OF 6 HALLOWEEN GHOST T-LIGHTS,225.12
HEARTS GIFT TAPE,225.0
"PINK/WHITE ""KEEP CLEAN"" BULLET BIN",224.20000000000005
PACK/12 BLUE FOLKART CARDS,224.20000000000002
HEARTS WRAPPING TAPE ,224.16000000000003
EASTER BUNNY WREATH,223.6
VINTAGE KEEPSAKE BOX TRAVELOGUE,222.95
YELLOW KNITTED KIDS RUCKSACK,222.75
NEW ENGLAND CERAMIC CAKE SERVER,221.85
ASSTD MULTICOLOUR CIRCLES MUG,221.75
VINTAGE NOTEBOOK BEAUTY GIRL,221.25000000000003
RETRO PLASTIC DAISY TRAY,220.88
BOX/12 MOTHER & CHICK IN BASKET/BOW,220.79999999999998
PINK POODLE HANGING DECORATION ,220.79
FOLK ART METAL HEART T-LIGHT HOLDER,220.4
SET OF 6 T-LIGHTS EASTER CHICKS,219.75000000000003
DARK CHOCOLATE SCENTCANDLE,219.75
CURIOUS IMAGES GIFT WRAP SET,219.6
NINJA RABBIT PINK,219.35
DAISY ERASERS IN BAG,219.34
PINK CRYSTAL HEART PHONE CHARM,219.3
MIRRORED WALL ART STARS,219.3
BLUE SCOTTIE DOG W FLOWER PATTERN,219.0
WHITE BAROQUE CARRIAGE CLOCK,218.89999999999998
VANILLA SCENT CAKE CANDLE ,218.88
VINTAGE CAT FOOD CONTAINER,218.14
ORIGAMI JASMINE INCENSE IN TUBE,217.6
ORIGAMI LAVENDER INCENSE+FLOWER,217.1
HANGING WOOD AND FELT BUTTERFLY ,216.96
QUEEN OF SKIES LUGGAGE TAG,216.91
CARDHOLDER GINGHAM HEART,216.9
CHILDRENS APRON DOLLY GIRL ,216.3
PARTY TIME PENCIL ERASERS,216.29999999999998
RED POPPY ARTIFICIAL FLOWER,215.93
PINK MILKSHAKE GLASS,215.5
PINK KNITTED COW STUFFED TOY,215.34
MINI HAND WARMER BABUSHKA DESIGN,214.8
WHITE AND BLUE CERAMIC OIL BURNER,214.75
BLUE GINGHAM ROSE FLOOR CUSHION ,214.65
PIN CUSHION RUSSIAN DOLL BLUE,214.4
PINK & WHITE BREAKFAST TRAY,214.20000000000002
BLACK FLOWER CANDLE PLATE,213.70999999999998
BIG PINK POODLE,213.7
SKULLS TAPE,213.3
CHILDRENS DOLLY GIRL MUG,212.85
"FEATHER DUSTER, COAL BLACK",212.5
PACK/12 BLUE REINDEER CARD,212.40000000000003
OYSTER TRINKET BOX,211.75
ASSORTED TUTTI FRUTTI KEYRING,211.64999999999998
ASSORTED MONKEY SUCTION CUP HOOK,211.32000000000002
S/12 MINI RABBIT EASTER,211.2
CANDY SPOT BUNNY,211.10000000000002
PINK STRING CURTAIN WITH POLE,210.75
BLUE SPOTTY BEAKER ,210.6
ANT COPPER PINK BOUDICCA BRACELET,210.4
DANISH ROSE DECORATIVE PLATE,210.0
VINTAGE BLUE TINSEL REEL,209.58
SCANDINAVIAN 3 HEARTS NAPKIN RING,209.3
POLYESTER FILLER PAD 45x30cm,208.79999999999998
FRIDGE MAGNETS LA VIE EN ROSE,208.79999999999998
MIDNIGHT BLUE GLASS/SILVER BRACELET,208.35
DEEP BLUE GLASS GEMS IN BAG,208.12
ANT COPPER TURQ BOUDICCA BRACELET,207.9
ENGLISH ROSE TEA SET IN GIFT BOX,207.69
 VINTAGE DESIGN GIFT TAGS,207.4
FLOWER PENCIL/RUBBER+5 MINI PENCILS,207.06
CREAM DELPHINIUM ARTIFICIAL FLOWER,206.95000000000002
S/2 BEACH HUT STOOLS,206.70000000000002
"CARD, GINGHAM ROSE ",206.64
YELLOW RED FLOWER PIGGY BANK,206.54999999999998
SILVER FINCH DECORATION,206.39000000000001
SMALL MARAKESH LANTERN ON STICK,206.25
GOLD SCROLL GLASS T-LIGHT HOLDER,205.8
CANDY SPOT CUSHION COVER,205.75000000000003
CHILDREN'S CIRCUS PARADE MUG,204.6
PIN CUSHION BABUSHKA PINK,204.35000000000002
PINK MONTE CARLO HANDBAG,204.2
WHITE BROCANTE SOAP DISH,203.55
AMBER CHUNKY GLASS+BEAD NECKLACE,203.14999999999998
FOLDING UMBRELLA CREAM POLKADOT,202.95000000000002
RED RETROSPOT BIG BOWL,202.95000000000002
 FAIRY CAKE CANDLES,202.05
SET/6 BLACK SNOWFLAKE T-LIGHTS ,201.91
BEIGE PHOTO ALBUM,201.29999999999998
FLOWER FAIRY POTPOURRI CUSHION LILY,201.24
SET OF 2 CHRISTMAS DECOUPAGE CANDLE,200.44
75 BLACK PETIT FOUR CASES,200.34
"HANGING FLOWERS+MIRROR,BLUE",200.26000000000002
PASTEL PINK PHOTO ALBUM,199.8
VINTAGE BEAD PINK JEWEL BOX,199.75
BAKING MOULD HEART MILK CHOCOLATE,199.65000000000003
"WRAP, CAROUSEL",199.5
 OVAL WALL MIRROR DIAMANTE ,199.0
BLACK BAROQUE CARRIAGE CLOCK,199.0
PINK MURANO TWIST NECKLACE,199.0
SILVER/MOP ORBIT NECKLACE,199.0
PINK FLOCK PHOTO FRAME ,198.6
4 GOLD FLOCK CHRISTMAS BALLS,198.0
4 PINK FLOCK CHRISTMAS BALLS,198.0
VINTAGE BEAD PINK PURSE ,197.65000000000003
SET OF 6 DOTS CHOPSTICKS,197.05
ORIGAMI OPIUM INCENSE/CANDLE SET ,196.35
"BREAD BIN, DINER STYLE, MINT",196.35
PAINTED YELLOW WOODEN DAISY,196.35
BOOZE & WOMEN GREETING CARD ,195.54
SWEET PUDDING STICKER SHEET,195.5
PINK ENAMEL+GLASS HAIR COMB,195.3
"ROUND SNACK BOXES ,SET4, WOODLAND ",194.70000000000002
GOLD FISHING GNOME,194.45000000000002
ORIGAMI ROSE INCENSE CONES,194.28
FOOD/DRINK SPONGE STICKERS,193.62
ENGLISH ROSE TORCH,193.1
KINGS CHOICE SMALL TUBE MATCHES,193.04999999999998
POLKADOT MUG PINK ,192.96
PAIR OF ENAMEL FLOWER CLUSTER SLIDE,192.9
FOUR RABBIT EASTER DECORATIONS,191.5
SWIRLY CIRCULAR RUBBERS IN BAG,191.5
GOLD TEDDY BEAR,191.25
ENGLISH ROSE SCENTED HANGING HEART,191.25
WAKE UP COCKEREL CALENDAR SIGN ,191.25
SET/12 ZINC CHRISTMAS DECORATIONS,191.10000000000002
"FLOWER GLASS GARLAND NECKL.36""BLACK",190.8
"CAKE TIN, ROUND, VINTAGE MINT,IVORY",190.65
VINTAGE KEEPSAKE BOX PINK FLOWER,190.5
AMBER GLASS/SILVER BRACELET,190.45
BOOM BOX SPEAKER GIRLS,190.4
BLOSSOM IMAGES GIFT WRAP SET,190.2
RED RETROSPOT LUGGAGE TAG,190.0
SILVER BLUE EGG T-LIGHT HOLDER,189.89
BAKING MOULD HEART WHITE CHOCOLATE,189.45000000000002
PINK JEWELLED MIRROR TRINKET TRAY,189.04999999999998
SILVER/BLACK ORBIT NECKLACE,189.04999999999998
SILVER OVAL SHAPE TRINKET BOX,189.04999999999998
ASSORTED COLOUR LIZARD SUCTION HOOK,188.94
LILAC FLOWER BLOCK TABLE LAMP,188.8
RETROSPOT BABUSHKA DOORSTOP,187.5
PINK STITCHED WALL CLOCK,187.5
HANGING WOOD AND FELT HEART,187.14
BUTTERFLY WATER TRANSFER TATTOOS ,186.95
"ACRYLIC JEWEL SNOWFLAKE,PINK",186.72
BLUE POLKADOT PURSE ,186.70000000000002
SET/6 COLLAGE PAPER CUPS,186.55
ANT WHITE IRON BASKET,186.35000000000002
BLUE FLY SWAT,185.25
PINK B'FLY C/COVER W BOBBLES,184.45
PINK ALLIUM  ARTIFICIAL FLOWER,184.21
WOVEN FROST CUSHION COVER,184.05
4 ROSE PINK DINNER CANDLES,183.78
PAPERWEIGHT VINTAGE PAISLEY,183.6
SET OF 4 DOTTY PLACEMATS ,183.3
RIVIERA NECKLACE,183.15
RETRO BROWN BALL ASHTRAY ,182.9
ORANGE VOTIVE CANDLE,182.64
POPART COL BALLPOINT PEN ASST,182.58
BLUE PILLAR CANDLE SILVER FLOCK,182.15
PLANTPOT SINGLE HOOK PISTACHIO,182.09
BROCANTE SHELF WITH HOOKS,181.95
BLUE EGG  SPOON,181.86
BLUE CHERRY BLOSSOM CUP & SAUCER,181.5
MINI JIGSAW BUNNIES AT HOME,181.44
36 PENCILS TUBE POSY,181.25
MEDIUM WHITE/PINK ROSE ART FLOWER,181.22
POLYESTER FILLER PAD 30CMx30CM,180.0
FRENCH PAISLEY CUSHION COVER ,179.95000000000002
SET/3 COLOUR PAINTED KASHMIRI STOOL,179.85000000000002
ORIENTAL RED CUSHION COVER ,179.35
S/60 PINK FLUFFY CHICKS IN BOX,179.1
CANDY SPOT HAND BAG,178.5
PURPLE GEMSTONE NECKLACE 45CM,178.5
PASTEL COLOUR HONEYCOMB FAN,178.2
PINK LOVE BIRD CANDLE,177.5
SET OF 72 BLACK PAPER DOILIES ,176.89999999999998
FREESTYLE CANVAS ART PICTURE,176.85
S/6 MULTICOLOUR ORNAMENETAL CANDLE,176.75
"CAKE TIN, 3 TIER MINT/IVORY",176.75
MINT GREEN ROSE TOWEL,176.70000000000002
CHILDREN'S SPACEBOY MUG,176.55
LUNCHBAG PINK RETROSPOT,176.54999999999998
PINK KASHMIRI BOXED MIRROR,176.0
DOTTY PLACEMATS ,175.8
BIRD BOX CHRISTMAS TREE DECORATION,175.1
GOLD APERITIF GLASS,175.04000000000002
SILVER STANDING GNOME   ,174.25
S/3 PUPPIES CHRISTMAS DECORATIONS,174.05
FLAG OF ST GEORGE CHAIR,173.4
JADE DROP EARRINGS W FILIGREE,173.25
RUBY GLASS CLUSTER BRACELET,172.55
SILVER HOOP EARRINGS WITH FLOWER,172.55
GREEN HEART COMPACT MIRROR,172.5
SMALL WHITE/PINK ROSE ART FLOWER,171.97
PARTY PIZZA DISH BLUE RETROSPOT,171.7
GOLD FABRIC MIRROR,171.28
PINK FLOCK TABLE CLOCK ,170.8
WHITE SAGE INCENSE,170.58
CLEAR LOVE BIRD T-LIGHT HOLDER,170.4
FAIRY CAKES TABLE CLOCK,170.04999999999998
VINTAGE ROSE BEAD BRACELET RASPBERR,170.0
CIRCUS PARADE CHILDRENS EGG CUP ,170.0
BLUE FLOWER T-LIGHT HOLDER,169.72
BAKING MOULD TOFFEE CUP CHOCOLATE,169.05000000000004
FOLK ART METAL STAR T-LIGHT HOLDER,168.66
FOLDING UMBRELLA PINKWHITE POLKADOT,168.3
LILY BROOCH AMETHYST COLOUR,168.3
ORIGAMI JASMINE INCENSE/CANDLE SET,168.29999999999998
IVORY FELT EASTER RABBIT GARLAND,168.29999999999998
BLUE POLKADOT COFFEE MUG,168.0
POP ART PUSH DOWN RUBBER ,167.28
72 ROUND PINK DOILIES,166.75
BLUE & WHITE BREAKFAST TRAY,166.6
NEW ENGLAND MILK JUG W GIFT BOX,166.6
RED SPOTTY BEAKER ,165.75
"CANDLE IN JAR COLLAGE , VANILLA",165.75
DAIRY MAID CERAMIC TOASTRACK,165.20000000000002
DIAMANTE BOW BROOCH GREEN COLOUR,165.1
PINK CANDYSTUFT ARTIFICIAL FLOWER,165.01999999999998
SPACE FROG,165.0
FINE SILVER NECKLACE W PASTEL FLOWE,165.0
GIANT BLACK SUNGLASSES,163.79999999999998
JADE CRYSTAL+GLASS BRACELET,163.35000000000002
IVORY SHELL HEART NECKLACE,162.5
BLACK LOVE BIRD CANDLE,162.5
SILVER APERITIF GLASS,162.32000000000002
PINK KNITTED KIDS RUCKSACK,162.0
S/4 ROSE PINK DINNER CANDLES,161.85
PURPLE ENAMEL+GLASS HAIR COMB,161.7
BLUE PUDDING SPOON,161.28
PINK SCOTTIE DOG W FLOWER PATTERN,160.5
BATHROOM SCALES FOOTPRINTS IN SAND,159.7
CERAMIC HEART CAKE MONEY BANK,159.6
PINK/PURPLE RETRO RADIO,159.3
COW  SOCK PUPPET,159.3
BLUE MURANO TWIST NECKLACE,159.2
CANDY PINK FRENCH BOUDOIR CLOCK,159.2
PINK/BLUE STRING CURTAIN ,159.05
BEADED CRYSTAL HEART GREEN SMALL,158.97
MUG AND COASTER SET RED CIRCLES,158.76
CLEAR ACRYLIC FACETED BANGLE,158.55
SET/3 POLKADOT STACKING TINS,158.4
WHITE HONEYCOMB PAPER FAN ,158.36
FOOD/DRINK SPUNGE STICKERS,158.19
CRYSTAL SEA HORSE PHONE CHARM,158.1
BEADED CRYSTAL HEART PINK ON STICK,157.85
ENAMEL CAT BOWL CREAM,157.8
4 SKY BLUE DINNER CANDLES,157.21
ARMY CAMO WRAPPING TAPE,157.18
FLAT PALM T-LIGHT HOLDER,156.65
"ACRYLIC JEWEL ICICLE, BLUE",156.6
FAIRY CAKES TILE COASTER,156.25
4 PINK DINNER CANDLE SILVER FLOCK,155.55
PURPLE CHUNKY GLASS+BEAD NECKLACE,155.35
LA PALMIERA TILE HOOK,155.22
"FELTCRAFT HAIRBAND, S/2, RED/BLUE",154.68
SWEET VALENCIA CANDLE+CUP,154.63
PINK/BLUE DISC/MIRROR STRING,153.9
BLOKEY SILVER TOOL SET,153.45000000000002
FOLDING UMBRELLA CHOCOLATE POLKADOT,153.45000000000002
LEOPARD PRINT HOT WATER BOTTLE,153.3
ENAMEL BLUE RIM TEA CONTAINER,153.3
ORANGE TV TRAY TABLE ,153.0
BLACK GEMSTONE NECKLACE 45CM,153.0
NEW BAROQUE SMALL NECKLACE BLACK,153.0
CREAM CLIMBING HYDRANGA ART FLOWER,152.85
BLUE CAT BISCUIT BARREL PINK HEART,152.85
BATHROOM SCALES RUBBER DUCKS,152.2
RED PEONY TABLE CLOCK,152.14999999999998
DOOR MAT CAMOUFLAGE,152.0
S/4 SKY BLUE DINNER CANDLES,151.85
MOCK LOBSTER FRIDGE MAGNET,151.72
PHOTO CLIP LINE,151.25
MAGIC DRAWING SLATE FIDO,151.2
HEART SHAPE BUTTON FRAME ,150.0
ORIGAMI VANILLA INCENSE+FLOWER ,150.0
NINJA RABBIT BLACK,149.35
WHITE CANDYSTUFT ARTIFICIAL FLOWER,149.20999999999998
FLOWER FAIRY SUMMER BOUQUET SACHET,149.1
BLACK SQUARE TABLE CLOCK,148.8
ANT COPPER RED BOUDICCA BRACELET,148.5
COTE D'AZURE NECKLACE,148.5
 WHITE BAMBOO RIBS LAMPSHADE,148.26
MIRRORED WALL ART SNOWFLAKES,147.9
ASSORTED COLOUR METAL CAT ,147.35
DOT MATRIX CANVAS ART PICTURE,147.05
MURANO STYLE GLASS BRACELET BLACK,147.0
BLUE GEISHA GIRL ,146.25
GREEN GEISHA GIRL ,146.25
PINK SMALL JEWELLED PHOTOFRAME,145.2
PINK TEATIME PRINT BOWL,145.0
ASS FLORAL PRINT MULTI SCREWDRIVER,145.0
S/4 BLACK MINI ROSE CANDLE IN BOWL,144.63
"FOLK ART GREETING CARD,pack/12",144.55
ST GEORGE SET OF 10 PARTY LIGHTS,144.55
PINK TV TRAY TABLE ,144.5
FRYING PAN BLUE POLKADOT,144.5
TEATIME PUSH DOWN RUBBER,144.06
GREY ACRYLIC FACETED BANGLE,143.8
SET/6 BEAD COASTERS GAUZE BAG GOLD,143.75
POCKET MIRROR WOODLAND,143.75
CUTE CATS TAPE,143.65
CAROUSEL DES CHILD'S APRON,143.54999999999998
6 SEGMENT COLOURED SNACK BOWL ,143.1
BLACK PHOTO ALBUM ,143.1
SILVER SLEIGHBELL  WREATH,143.1
TEXRIO TOMATOES CANDLE+CUP,142.94
CUBIC MUG PINK POLKADOT,142.8
REDWHITE STRIPE SCANDINAVIAN HEART ,142.5
DOORSTOP RUSSIAN DOLL GINGHAM,142.5
POP'S GREASY SPOON METAL SIGN,141.9
WHITE WITH BLACK CATS BOWL,141.68
SET/4 DAISY MIRROR MAGNETS,140.82
PIN CUSHION BABUSHKA BLUE,140.70000000000002
BLACK DIAMANTE EXPANDABLE RING,140.25
"PEARL & SHELL 42""NECKL. GREEN",139.75
CAKES AND BOWS GIFT  TAPE,139.20000000000002
FLOWERS TILE COASTER,138.75
GREEN ROUND COMPACT MIRROR,138.75
GREEN FLORAL FELTCRAFT SHOULDER BAG,138.75
PINK CRYSTAL+GLASS BRACELET,138.60000000000002
HEART MEASURING SPOONS LARGE,138.6
SET/6 BLACK BIRD T-LIGHT CANDLES,137.88
LARGE PINK GLASS SUNDAE DISH,137.7
F FAIRY POTPOURRI CUSHIONS LAVENDER,137.54
GREEN EASTER EGG HUNT START POST,136.5
LARGE BLUE PROVENCAL CERAMIC BALL,136.44
"HANGING FLOWERS+MIRROR,PINK",136.44
AMETHYST DIAMANTE EXPANDABLE RING,136.0
MEDIUM PINK BUDDHA HEAD ,135.70000000000002
VINTAGE KEEPSAKE BOX PARIS DAYS,135.7
FLOWER BURST SILVER RING OPAL,135.0
PORCELAIN CHERUB BELL SMALL,134.82
BLUE EASTER EGG HUNT START POST,134.54999999999998
DARK BIRD HOUSE TREE DECORATION,134.06
PINK  HONEYCOMB PAPER FAN,134.04
AMETHYST HOOP EARRING FLORAL LEAF,132.75
SPACE CADET RED,132.45
SET OF 4 POLKADOTS COASTERS,132.45
PARTY PIZZA DISH PINK RETROSPOT,131.75
FLOWERS TILE HOOK,131.51999999999998
DOOR MAT SWEET HOME,131.25
DOLLY GIRL CHILDRENS EGG CUP,131.25
LETTER SHAPE PENCIL SHARPENER,131.04000000000002
YELLOW VW BEETLE CERAMIC MONEY BOX,130.9
FLOWERS WALL THERMOMETER,130.05
CLEAR CRYSTAL STAR PHONE CHARM,130.04999999999998
SPACEBOY CHILDRENS EGG CUP,130.0
PURPLE ENAMEL FLOWER RING,129.8
VINTAGE NOTEBOOK RED ROSE,129.8
TURQUOISE GLASS TASSLE BAG CHARM ,129.8
SPACE CADET WHITE,129.35
DOLPHIN WINDMILL,129.32
ORIGAMI ROSE INCENSE+FLOWER,129.3
"GARLAND , WOODEN  "" HAPPY EASTER""",128.75
GREEN WITH METAL BAG CHARM,128.7
BEADED CRYSTAL HEART BLUE ON STICK,128.63
FUNKY GIRL ADDRESS BOOK,128.21
PINK GLASS CHUNKY CHARM BRACELET,127.8
"BREAD BIN, DINER STYLE, PINK",127.6
GREEN MURANO TWIST BRACELET,127.5
PINK ROUND COMPACT MIRROR,127.5
SILVER LARIAT 40CM,127.5
PURPLE VINTAGE EARRINGS,127.5
BLACK 3 TIER GLASS PLATE STAND,127.5
"FLOWER GLASS GARLAND NECKL.36""BLUE",127.2
S/6 PAPER BOXES CURIOUS IMAGES ,127.2
BLUE GLASS GEMS IN BAG,127.13
BEST DAD CANDLE LETTERS,127.00999999999999
BLACK ENAMEL FLOWER RING,126.85000000000002
GREEN CHENILLE SHAGGY RUG,126.85
SCOTTIES DESIGN BABY BIB,126.25
GLASS BONBON JAR. D'AMANDES,126.25
ORANGE COCKTAIL GLASS LAMP,126.00000000000001
BIG POLKADOT MUG,125.99999999999999
RED  EGG  SPOON,125.58
EASTER BUNNY HANGING GARLAND,125.0
HAND TOWEL PALE BLUE W FLOWERS,124.95
BLUE CIRCLES DESIGN TEDDY,124.95
PINK GINGHAM ROSE CUSHION COVER,124.95
SILVER OVAL JEWELLED MIRROR,124.95
12 PINK HEN+CHICKS IN BASKET,124.95
PINK HEART OF GLASS BRACELET,124.95
SET/6 POSIES PAPER PLATES,124.94999999999999
WOVEN CANDY CUSHION COVER ,124.65
PINK STRAWBERRY HANDBAG ,123.90000000000002
"GLASS JAR, KINGS CHOICE SOAP",123.9
JACOBS LADDER SMALL,123.84
BREAD BIN DINER STYLE BLACK,123.6
3D SHEET OF SEA WORLD STICKERS,123.25
FOLDING SHOE TIDY,123.15
"NUMBER TILE COTTAGE GARDEN, 1",122.85
LA STREGA CANVAS PICTURE ,122.55000000000001
MOSAIC CANDLE DISH BLUE PURPLE,122.4
CARTOON  PENCIL SHARPENERS,122.4
ORIGAMI SANDLEWOOD INCENSE/CAND SET,122.39999999999999
FUNKY MONKEY GIFT BAG SMALL,121.86
MOSAIC GLASS BALL CANDLEHOLDER,121.25
MAGIC SLATE FIDO,120.96000000000001
MAGIC SLATE SPACEBOY ,120.96000000000001
MAGIC SLATE BUNNIES AT HOME ,120.96000000000001
NEW ENGLAND PLACEMATS,120.0
WHITE METAL BAROQUE PHOTO FRAME,120.0
BLACK STITCHED WALL CLOCK,120.0
CAPIZ CHANDELIER,119.8
FLOWER GARLAND NECKLACE RED,119.25
WHITE HEART OF GLASS BRACELET,119.00000000000001
WHITE ROSE C/COVER,119.0
CHILDRENS SPACEBOY MUG,118.80000000000001
ASSORTED BOTTLE TOP  MAGNETS ,118.80000000000001
CHERRY BLOSSOM PASSPORT COVER,117.60000000000001
FELT FARM ANIMAL HEN,117.5
MIRRORED WALL ART TABLE LAMP,117.5
"HANGING FLOWERS+MIRROR,CLEAR",117.05
NATURAL RIVIERA HANDBAG,116.7
CARD BILLBOARD FONT,116.64
PRICE'S CANDLE PEACH,116.5
HANGING WOOD AND FELT FLOWER,115.74000000000001
MULTICOLOUR RABBIT EGG WARMER,115.5
ENGLISH ROSE NOTEBOOK A6 SIZE,115.05
FRENCH BLUE METAL DOOR SIGN 1,115.0
FROSTED WHITE BASE ,114.89999999999999
MIRRORED WALL ART POPPIES,114.75
FRENCH LATTICE CUSHION COVER ,114.55000000000001
BLACK CHRISTMAS FLOCK DROPLET ,114.07
ROUND WHITE CONFETTI IN TUBE,113.85
LAVENDER INCENSE 40 CONES IN TIN,113.3
"NUMBER TILE COTTAGE GARDEN, 9",113.1
COPPER/OLIVE GREEN FLOWER NECKLACE,113.05000000000001
PINK FLOWER HANGING HEART ,113.05
SET/3 RABBITS FLOWER SKIPPPING ROPE,113.05
GLASS BONBON JAR. SUPERFINES,112.5
"POCKET MIRROR ""GLAMOROUS""",112.5
RESIN NECKLACE W PASTEL BEADS,112.5
VINTAGE NOTEBOOK PINK FLOWER,112.10000000000001
FUNKY MONKEY CUSHION COVER,111.35
VINTAGE GOLD TINSEL REEL,111.3
SET/2 BLUE  NOODLE BASKETS,111.14999999999999
"NUMBER TILE COTTAGE GARDEN, 5",111.14999999999999
BLUE/PINK NEST STRIPE BOX,111.12
ROSE DU SUD CHILDRENS APRON,110.5
GOLD/M.O.P PENDANT ORBIT NECKLACE,110.5
FLORAL DINOSAUR GREEN,110.5
SEAGRASS S/3 SQU LAUNDRY BOX,110.0
PINK FLOCK GLASS CANDLEHOLDER,109.86
BLUE METAL WALL SHELF,109.44999999999999
PURPLE AMETHYST NECKLACE W TASSEL,109.44999999999999
"ACRYLIC JEWEL ICICLE, PINK",109.44
"NUMBER TILE COTTAGE GARDEN, 3 ",109.19999999999999
"NUMBER TILE COTTAGE GARDEN, 4",109.19999999999999
"NUMBER TILE COTTAGE GARDEN, 8",109.19999999999999
"NUMBER TILE COTTAGE GARDEN, 7",109.19999999999999
"NUMBER TILE COTTAGE GARDEN, 0 ",109.19999999999999
"NUMBER TILE COTTAGE GARDEN, 2",109.19999999999999
"NUMBER TILE COTTAGE GARDEN, 6",109.19999999999999
RED ENAMEL FLOWER RING,109.15000000000002
GREEN ENAMEL FLOWER RING,109.15000000000002
FRENCH PAISLEY CUSHION COVER,108.9
ROSE FLOWER CANDLE+INCENSE 16X16CM,108.75
GOLD FLOWER CUSHION COVER ,108.0
RED PURSE WITH PINK HEART,107.65
BLUE POLKADOT EGG CUP ,107.5
YELLOW PURPLE DAISY FELT PURSE KIT,107.5
GREEN BITTY LIGHT CHAIN,106.95
DOORMAT KISS MY.......,106.58
PENCIL CASE GINGHAM FOREST,106.20000000000002
SPACE CADET BLACK,106.2
ASS COL CIRCLE MOBILE ,105.89999999999999
DRAGONS BLOOD INCENSE,105.5
PARTY PIZZA DISH GREEN POLKADOT,105.39
WRAP WINTER FOREST,105.0
S/3 RABBIT FLOWER/EGG/CARROT ROPE,104.55
SHOPPING BAG DOORSTOP,104.25
TURQUOISE CRYSTAL+GLASS BRACELET,103.95
FAIRY CAKES PHOTO FRAME,103.75
ASSORTED COLOUR JUMBO PEN,103.74
"FLOWER GLASS GARLAND NECKL.36""GREEN",103.35000000000001
CHERRY BLOSSOM CANVAS ART PICTURE,103.35000000000001
ASS FLORAL PRINT SPIRIT LEVEL ,103.35
LION SOCK PUPPET,103.25000000000001
PACK/12 DECOUPAGE CARD,103.25000000000001
ASSORTED CIRCULAR MOBILE,102.93
RED VICTORIAN FABRIC HEART BOX,102.63
CAROUSEL PONIES BABY BIB,102.5
NEW BAROQUE B'FLY NECKLACE MONTANA,102.0
NEW BAROQUE B'FLY NECKLACE PINK,102.0
VINTAGE BEAD PINK EVENING BAG,102.0
"WHITE TEA,COFFEE,SUGAR JARS",101.6
RETRO LONGBOARD IRONING BOARD COVER,101.25
MILK PAN BLUE POLKADOT,101.25
FIRE POLISHED GLASS NECKL GREEN,101.15
FRENCH ENAMEL SOAP DISH WITH LID,100.8
S/3 FLWR FAIRY ROSE CANDLES,99.9
MIRRORED WALL ART FOXY,99.85
"RIBBON REEL, MAKING SNOWMEN ",99.0
PINK FLUFFY CHRISTMAS DECORATION,98.99000000000001
DOGGY RUBBER,98.91
GREEN GLASS TASSLE BAG CHARM,97.35000000000001
3 PINK HEN+CHICKS IN BASKET,97.35
BEADED CRYSTAL HEART GREEN LARGE,97.35
PORCELAIN HANGING BELL SMALL,97.15
BAKING MOULD CHOCOLATE CUPCAKES,96.9
CRYSTAL STUD EARRINGS CLEAR DISPLAY,95.75999999999999
WHITE SQUARE TABLE CLOCK,95.55
S/4 PISTACHIO LOVEBIRD COASTERS,95.39999999999999
5 STRAND GLASS NECKLACE AMETHYST,95.25
"ACRYLIC JEWEL ANGEL,PINK",95.24
TURQUOISE HEART OF GLASS BRACELET,95.2
DOOR MAT KISS MY.......,95.15
PINK KASHMIRI OCCASIONAL TABLE,94.95
BROWN ANTIQUE CUBE CANDLE,94.92
LARGE STRAWBERRY CHOCOLATE CANDLE,94.7
RED POLKADOT COFFEE  MUG,94.5
GREEN POLKADOT CUP,94.35
PORCELAIN BUDAH INCENSE HOLDER,94.30000000000001
PINK COMBO MINI CRYSTALS NECKLACE,94.05000000000001
CAROUSEL DESIGN BABY BIB,93.75
ZINC HEART LATTICE CHARGER LARGE,93.75
MIDNIGHT BLUE VINTAGE EARRINGS,93.75
FLOWER BURST SILVER RING MIDN'T BLU,93.75
SILVER/NATURAL SHELL NECKLACE,93.5
"LETTER ""S"" BLING KEY RING",92.5
GOLD COSMETIC BAG PINK STAR,92.4
SCOTTIES DESIGN CHILD'S OVERALL,92.4
PINK BABY GIRLS PHOTO ALBUM,92.25
GOLD JEWELERY BOX,92.0
PINK KNITTED EGG COSY,91.64999999999999
"ACRYLIC JEWEL SNOWFLAKE,BLUE",91.47
PURPLE GLASS TASSLE BAG CHARM,91.45000000000002
MURANO STYLE GLASS BRACELET PINK,91.0
RED POLKADOT BEAKER ,90.89999999999999
PURPLE BOUDICCA LARGE BRACELET,90.35000000000001
"NUMBER TILE COTTAGE GARDEN, No",90.3
GREEN VINTAGE EARRINGS ,90.0
BLUE SHELL+SILVER NECKLACE,90.0
SILVER DROP EARRINGS WITH FLOWER,90.0
BEADED CRYSTAL HEART GREEN ON STICK,89.8
GOLD M PEARL  ORBIT NECKLACE,89.55
ORIGAMI LAVENDER INCENSE IN TUBE,89.46000000000001
FRESHWATER PEARL BRACELET IVORY,89.25
ENGLISH ROSE SCENTED HANGING FLOWER,89.25
S/6 PINK EASTER DECS IN BOX,89.25
CRYSTAL FROG PHONE CHARM,89.25
SILVER ROCOCO CANDELABRA,89.25
VIP LUGGAGE TAG ,88.75
CANDY SPOT EGG WARMER RABBIT,88.68
SILVER WASHBAG,88.50000000000001
ORIENTAL RED C/COVER ,88.2
WHITE 3 FRAME BIRDS AND TREE ,87.8
MANHATTAN CANVAS ART PICTURE,87.8
"FLOWER GLASS GARLD NECKL36""AMETHYST",87.45
"ACRYLIC BEAD CHAIN, BLUE",87.02
METAL RABBIT LADDER EASTER ,86.69999999999999
FOUR PICTURE WHITE GLASS FRAME,86.25
EASTER TIN BUNNY BOUQUET,85.80000000000001
ENGLISH ROSE SPIRIT LEVEL ,85.8
AMBER GLASS TASSLE BAG CHARM,85.55000000000001
BLUE HOLE PUNCH,85.0
SCOTTIE DOGS BABY BIB,85.0
"DOG FOOD CONTAINER , VINTAGE",85.0
FRENCH BLUE METAL DOOR SIGN 2,85.0
INCENSE BAZAAR CANNABIS,84.84
BERRIES CHUNKY KNITTED THROW ,84.75
BUBBLE GUM CHUNKY KNITTED THROW ,84.75
GOLD PRINT PAPER BAG,84.17999999999999
CRYSTAL KEY+LOCK PHONE CHARM,84.14999999999999
PINK/FLOWER RABBIT EGG WARMER ,84.0
PINK CHICK EGG WARMER + EGG CUP,84.0
RASPBERRY ANT COPPER FLOWER NECKLAC,83.3
JET BLACK LAS VEGAS NECKLACE 45CM,83.3
PINK CHRISTMAS FLOCK DROPLET ,82.82
GOLD/AMBER DROP EARRINGS W LEAF,82.60000000000001
SPOTTY COFFEE CUP & SAUCER,82.60000000000001
ANT SILVER FUSCHIA BOUDICCA RING,82.60000000000001
PINK GLASS TASSLE BAG CHARM ,82.60000000000001
ANT SILVER LIME GREEN BOUDICCA RING,82.60000000000001
5 STRAND GLASS NECKLACE AMBER,82.55
CUPID SCENTED CANDLE IN GLASS,82.5
FOLKART CHRISTMAS TREE T-LIGHT HOLD,82.46
S/6 SILVER ORNAMENETAL CANDLE,82.45
SET 5 MINI CHOCOLATE FRIDGE MAGNETS,82.44
TEATIME PENCIL W STAMP ASST,82.2
PINK FEATHER CHRISTMAS DECORATION,82.19
BLUE KNITTED EGG COSY,81.89999999999999
"FELTCRAFT HAIRBAND S/2, PINK/PURPLE",81.6
BIRD DECORATION GREEN POLKADOT,81.6
EAU DE NILE JEWELLED T-LIGHT HOLDER,81.6
ENGLISH ROSE SMALL SCENTED FLOWER,81.6
WOODEN TREE CHRISTMAS SCANDISPOT,81.6
RED RETROSPOT TAPE,81.25000000000001
SET/6 BLACK ROSE T-LIGHT CANDLES,81.12
"ACRYLIC HANGING JEWEL,BLUE",81.11
 ANIMAL STICKERS,80.85
CRYSTAL DIAMANTE EXPANDABLE RING,80.75
VINTAGE ROSE BEAD BRACELET BLUE,80.75
50CM METAL STRING WITH  7 CLIPS,80.75
MAGIC SLATE DOLLY GIRL ,80.64
MAGIC SLATE CIRCUS PARADE  ,80.64
ORIGAMI OPIUM SCENT INCENSE+FLOWER,80.60000000000001
"LETTER ""A"" BLING KEY RING",80.0
RED PUDDING SPOON,79.8
CAROUSEL CHILDRENS OVERALL,79.8
PURPLE ACRYLIC FACETED BANGLE,79.65
RIO PINK STRIPE HAMMOCK,79.5
LILY BROOCH OLIVE COLOUR,79.2
STRAWBERRY CAKE TEAPOT,79.2
SUMMER BUTTERFLIES BAG CHARM,79.05
SET OF 4 PISTACHIO LOVEBIRD COASTER,79.05
NECKLACE+BRACELET PINK BUTTERFLY,79.05
SET OF 4 CAROUSEL PLACEMATS ,78.75
BLACK MEDIUM GLASS CAKE STAND,78.75
"LETTER ""L"" BLING KEY RING",78.75
"LETTER ""C"" BLING KEY RING",78.75
"LETTER ""K"" BLING KEY RING",78.75
GREEN WIRE STANDING CANDLE HOLDER,78.75
RAINBOW PEGS PHOTO CLIP STRING,78.65
PINK STAR CHRISTMAS DECORATION,78.11999999999999
WRAP SWEETS LIGHT PINK SMALL BOWL,78.11
GLOW IN DARK DOLPHINS,77.91
PINK ROSE PICNIC RUG,77.85
VANILLA INCENSE 40 CONES IN TIN,77.7
LARGE ZINC GLASS CANDLEHOLDER,77.7
WISE MAN STAR SHAPE EGG PAN,77.55
PINK BAROQUE FLOCK CANDLE HOLDER,77.35000000000001
DISTRESSED CANDLE STICK WHITE,77.35
WHITE HAND TOWEL WITH BUTTERFLY,77.35
BLUE CRYSTAL BOOT PHONE CHARM,77.35
MURANO STYLE GLASS BRACELET GOLD,77.0
PINK BUTTERFLY HANDBAG W BOBBLES,76.5
 NEW BAROQUE BLACK BOXES,76.5
LA PALMIERA TILE COASTER,76.25
EAU DE NIL LOVE BIRD CANDLE,76.25
SQUARE METAL CANDLEHOLDER BASE,75.53
BLACK VINTAGE EARRINGS,75.0
WRAP BOUDOIR ,75.0
"LETTER ""J"" BLING KEY RING",75.0
KNITTED RAINBOW HOT WATER BOTTLE,75.0
"ASS RETROSPOOF MUGS,SPORTS",75.0
ENCHANTED GARDEN WROUGHT IRON TABLE,74.75
PINK NEW BAROQUE FLOCK CANDLESTICK,74.4
 BLACK PIRATE TREASURE CHEST,74.25
BLUE TRAVEL FIRST AID KIT,74.25
WHITE VINTAGE CRYSTAL BRACELET,74.25
RESIN BRACELET W PASTEL BEADS,74.25
FOLDING UMBRELLA WHITE/RED POLKADOT,74.25
TROPICAL HOLIDAY PURSE ,73.75
PINK DOLLY HAIR CLIPS,73.5
SMOKEY GREY COLOUR D.O.F. GLASS,72.8
WAKE UP COCKEREL TILE COASTER,72.5
WOBBLING METAL CHICKEN EASTER,72.25
BLACK GLASS TV DOUBLE P/FRAME 15X10,72.25
PINK EAU DE COLOGNE BOTTLE,72.25
MULTICOLOUR DOTS PLATE,71.80000000000001
"FLOWER GLASS GARLD NECKL36""TURQUOIS",71.55000000000001
WALL MIRROR RECTANGLE DIAMANTE PINK,71.55
CERISE+GOLD CHRISTMAS STOCKING DEC,71.44
ASSORTED EASTER GIFT TAGS,71.4
YELLOW GIANT GARDEN THERMOMETER,71.4
PIG MUG IN TWO COLOUR DESIGNS,71.39999999999999
FAIRY CAKES  WALL THERMOMETER,71.39999999999999
NEW ENGLAND MUG W GIFT BOX,71.39999999999999
S/6 SEW ON CROCHET FLOWERS,71.25
BLUE ROUND COMPACT MIRROR,71.25
"BATHROOM SCALES, TROPICAL BEACH",71.25
SET OF 4 POLKADOT PLACEMATS ,71.25
HEARTS PENCIL/RUBBER+5 MINI PENCILS,70.98
CRYSTAL HOOP EARRING FLORAL LEAF,70.80000000000001
SILVER/AMETHYST DROP EARRINGS LEAF,70.80000000000001
PARTY PIZZA DISH GREEN RETROSPOT,70.55
A4 WALL TIDY BLUE OFFICE,70.38000000000001
WAKE UP COCKEREL TILE HOOK,70.32
JADE GREEN ENAMEL HAIR COMB,70.2
FUSCHIA FLOWER PURSE WITH BEADS,70.03
GREEN MURANO TWIST NECKLACE,69.64999999999999
CREAM C/COVER W YELLOW/GREEN FLOWER,69.5
SILVER M.O.P ORBIT BRACELET,69.3
IVORY GOLD METAL BAG CHARM,69.3
HAPPY ANNIVERSARY CANDLE LETTERS,69.18
ROUND PURPLE CLOCK W/SUCKER,68.9
MULTICOLOUR POLKADOT PLATE,68.4
FLOWER BLUE CLOCK W/SUCKER,68.0
WHITE GLASS TV TRIPLE FRAME,68.0
SILVER/M.O.P PENDANT ORBIT NECKLACE,68.0
SILVER M.O.P ORBIT DROP EARRINGS,68.0
SILVER MONTE CARLO HANDBAG,68.0
ANT SILVER TURQUOISE BOUDICCA RING,67.85000000000001
TEATIME FUNKY FLOWER BACKPACK FOR 2,67.8
FUNKY FLOWER PICNIC BAG FOR 4,67.8
SCOTTS ROSES TILE COASTER,67.5
PINK FEATHERS CURTAIN,67.5
ROSE COLOUR PAIR HEART HAIR SLIDES,67.5
FLOWER BURST SILVER RING ROSE,67.5
RUBY GLASS CLUSTER NECKLACE,67.5
FRENCH BLUE METAL DOOR SIGN 5,67.5
"LETTER ""E"" BLING KEY RING",67.5
SET OF 3 RABBIT CARROTS EASTER,66.3
FRENCH BLUE METAL DOOR SIGN 3,66.25
"LETTER ""M"" BLING KEY RING",66.25
OCCASIONS GIFT CARD ASSORTMENT,66.0
NEW ENGLAND EGG WARMER,66.0
GREEN HEART OF GLASS BRACELET,65.45
MIDNIGHT BLUE COPPER FLOWER NECKLAC,65.45
HAND TOWEL PINK FLOWER AND DAISY,65.45
PINK BERTIE GLASS BEAD BAG CHARM,65.10000000000001
ENGLISH ROSE PHOTO FRAME ,65.10000000000001
FRENCH BLUE METAL DOOR SIGN No,65.0
CLEAR STATIONERY BOX SET ,64.6
CHUNKY CRACKED GLAZE NECKLACE IVORY,64.5
EASTER BUNNY WITH BASKET ON BACK,64.35000000000001
PAINTED LIGHTBULB STAR+ MOON,64.32
METAL BASE FOR CANDLES,63.9
MULTICOLOUR GLASS PLATE,63.800000000000004
BLUE TILED SET OF 3 DRAWERS,63.75
ORIGAMI ROSE INCENSE/CANDLE SET ,63.75
PAIR BUTTERFLY HAIR CLIPS,63.75
CRYSTAL PAIR HEART HAIR SLIDES,63.75
CREAM AND PINK FLOWERS PONY ,63.75
S/6 PAPER BOXES ROMANTIC IMAGES,63.75
S/6 PAPER BOXES BLOSSOM IMAGES ,63.75
PARTY PIZZA DISH BLUE POLKADOT,63.74999999999999
PARTY PIZZA DISH PINK POLKADOT,63.74999999999999
PINK CRYSTAL SKULL PHONE CHARM,63.74999999999999
"CAT FOOD CONTAINER , VINTAGE",63.5
LITTLE PINK MONSTER SOFT TOY,63.449999999999996
BLUE WHITE SCARF HOT WATER BOTTLE,63.2
"WRAP , SUMMER ROSE DESIGN",63.0
RED RETROSPOT WASHBAG,63.0
SMALL FOLDING SCISSOR(POINTED EDGE),62.75
FRENCH BLUE METAL DOOR SIGN 4,62.5
MULTICOLOUR EASTER RABBIT ,62.39999999999999
COLUMBIAN  CUBE CANDLE ,61.980000000000004
WOODEN STAR CHRISTMAS SCANDISPOT,61.2
FELTCRAFT HAIRBANDS PINK + WHITE ,61.199999999999996
FRESHWATER PEARL BRACELET GOLD,61.199999999999996
HOUSE SHAPE PENCIL SHARPENER,61.11
SET/6 POSIES PAPER CUPS,61.1
BLUE CHECK BAG W HANDLE 34X20CM,61.050000000000004
LIGHT DECORATION BATTERY OPERATED,60.900000000000006
PSYCHEDELIC TILE HOOK,60.9
MAGIC SLATE DINOSAUR,60.480000000000004
RED PEONY DES C/COVER ,60.45
 SET Of 6 SOLDIER SKITTLES,60.0
JET BLACK LAS VEGAS BRACELET ROUND,60.0
SILVER FLOWR PINK SHELL NECKLACE,60.0
PINK ROSEBUD & PEARL NECKLACE,60.0
TIN CAN BISCUITS DESIGN,60.0
PINK DOG CANNISTER,59.5
BLACK FINE BEAD NECKLACE W TASSEL,59.5
BLACK VINT ART DEC CRYSTAL NECKLACE,59.5
MURANO STYLE GLASS BRACELET RED,59.5
RED KUKUI COCONUT SEED NECKLACE,59.5
AMBER DIAMANTE EXPANDABLE RING,59.5
NEW BAROQUE LARGE NECKLACE BLK/WHIT,59.5
WHITE VINT ART DECO CRYSTAL NECKLAC,59.5
GLASS BEAD HOOP NECKLACE AMETHYST,59.5
ROUND FOOD CONTAINER S/5 RETROSPOT,59.400000000000006
VINTAGE BEAD FILLED PINK CUSHION,59.400000000000006
CHILDRENS CIRCUS PARADE MUG,59.400000000000006
 BROWN  PIRATE TREASURE CHEST ,59.4
"GREETING CARD, RITA",59.279999999999994
BLUE GREEN EMBROIDERY COSMETIC BAG,59.00000000000001
CHERRY BLOSSOM PURSE,59.00000000000001
RED GLASS TASSLE BAG CHARM,59.00000000000001
CROCHET ROSE DES CLOTHES HANGER,59.0
CALENDAR FAMILY FAVORITES,59.0
PURPLE BERTIE GLASS BEAD BAG CHARM,58.800000000000004
LARGE CRYSTAL DIAMANTE HAIRSLIDE,58.800000000000004
GERANIUM FOLKART HEART DECORATION,58.75
"ICON ALARM CLOCK,FUSCHIA  PIN UP",58.65
NECKLACE+BRACELET SET BLUE BLOSSOM,58.65
PINK LARGE JEWELED PHOTOFRAME,58.64999999999999
WOODEN CHRISTMAS TREE 3 HANGING,57.96
BLUE BUTTERFLY ON SPRING,57.8
SILVER BOOK MARK WITH BEADS,57.8
5 STRAND GLASS NECKLACE BLACK,57.15
ROSE DU SUD CUSHION COVER,57.15
"JEWELLED DECORATION,BLUE",57.0
SET/6 GREEN SPRING PAPER CUPS,56.550000000000004
SKY BLUE COLOUR GLASS GEMS IN BAG,56.28
PINK SQUARE COMPACT MIRROR,56.25
FLOWER BURST SILVER RING GREEN,56.25
SET OF 4 BLACK LOVEBIRD COASTERS,56.1
CRYSTAL LARGE JEWELLED PHOTO FRAME,56.099999999999994
NECKLACE+BRACELET SET FRUIT SALAD ,56.099999999999994
RED   ACRYLIC FACETED BANGLE,56.050000000000004
15 PINK FLUFFY CHICKS IN BOX,56.050000000000004
HAND OPEN SHAPE BLACK,55.84
PINK/PURPLE CIRCLE CURTAIN,55.800000000000004
PADDED RED HEART DECORATION,55.76
BLUE/WHITE RIBBED MELAMINE JUG,55.650000000000006
GREEN WIRE GOBLET CANDLEHOLDER,55.65
VINTAGE BEAD PINK SCARF ,55.65
SILVER LARIAT BLACK STONE EARRINGS,55.25
FILIGREE DIAMANTE EARRINGS,55.25
WELCOME METAL SIGN,55.0
WOVEN SUNSET CUSHION COVER ,54.45
CROCHET WHITE RABBIT KEYRING ,54.45
PINK SQUARE TABLE CLOCK,54.45
 CAMPHOR WOOD PORTOBELLO MUSHROOM,53.75
BIRDCAGE DECORATION MAGIC GARDEN,53.55
PINK CRYSTAL GUITAR PHONE CHARM,53.55
NECKLACE+BRACELET SET PINK DAISY,53.55
WHITE/PINK CHICK EASTER DECORATION,53.55
FIRE POLISHED GLASS NECKL BRONZE,53.55
LOVE POTION MASALA INCENSE,53.34
HERB MARKER ROSEMARY,53.300000000000004
HERB MARKER PARSLEY,53.300000000000004
GREEN POP ART MAO CUSHION COVER ,53.2
ZINC HEART LATTICE CHARGER SMALL,53.10000000000001
CD WALL TIDY RED FLOWERS,53.040000000000006
"ACRYLIC JEWEL ANGEL,BLUE",52.93
HERB MARKER BASIL,52.650000000000006
WHITE STITCHED WALL CLOCK,52.5
PSYCHEDELIC TILE COASTER,52.5
MIRRORED WALL ART SPLODGES,52.5
CARNATION SQUARE HANDY TIN,52.5
HERB MARKER THYME,52.0
SEAGRASS S/2 CORNER LAUNDRY ,51.9
GERANIUM SQUARE HANDY TIN,51.25
FILIGREE DIAMANTE CHAIN,51.0
SILVER/BLACK PENDANT ORBIT NECKLACE,51.0
SET/4 BLACK  BAROQUE FLOCK COASTER,51.0
GLASS BEAD HOOP NECKLACE BLACK,51.0
FLAT GLASS  BAUBLE WHITE FLOCK ,51.0
PINK FLOWERS RABBIT EASTER,50.9
CREAM SWEETHEART DOUBLE SHELF,50.85
"BREAD BIN, DINER STYLE, RED ",50.849999999999994
TRANQUILITY MASALA INCENSE,50.82
PORCELAIN HANGING BELL LARGE,50.7
LITTLE GREEN MONSTER SOFT TOY,50.699999999999996
BLACK SIL'T SQU CANDLE PLATE ,50.400000000000006
STRAWBERY SWIRL FLARE CANDLE,50.400000000000006
PINK GREEN EMBROIDERY COSMETIC BAG,50.150000000000006
ANT SILVER PURPLE BOUDICCA RING,50.150000000000006
WHITE STONE/CRYSTAL EARRINGS,50.150000000000006
HEN & 2 CHICKS IN BASKET,50.15
FRENCH BLUE METAL DOOR SIGN 7,50.0
SET/2 CHRISTMAS DECOUPAGE CANDLES,50.0
"PET MUG, BUDGIE",49.980000000000004
PINK OVAL SHAPE TRINKET BOX,49.75
GOLDIE LOOKING MIRROR,49.5
WHITE WITH METAL BAG CHARM,49.5
FAIRY CAKES GIFT BAG,49.14
FIRE POLISHED GLASS BRACELET BLACK,48.75
MIDNIGHT BLUE PAIR HEART HAIR SLIDE,48.75
FELT FARM ANIMAL SHEEP,48.75
"NUMBER TILE VINTAGE FONT, No ",48.6
WHITE ROSEBUD  PEARL EARRINGS,48.45
MIRRORED WALL ART GENTS,48.449999999999996
LARGE ZINC/GLASS CANDLEHOLDER,48.3
BURG FLOCK GOLD CUP/CANDLE ,48.3
POPART WOODEN PENCILS ASST,48.0
LASER CUT MULTI STRAND NECKLACE,47.8
PINK POLKADOT GARDEN PARASOL,47.7
ORNATE EDWARDIAN CANDLE HOLDER,47.7
CANDY STRIPE ROSE FLOOR CUSHION,47.7
CLASSICAL ROSE TABLE LAMP,47.6
GOTHIC CARRIAGE LANTERN,47.6
PURPLE FRANGIPANI HAIRCLIP,47.599999999999994
PARTY PIZZA DISH PINK WHITE SPOT ,47.599999999999994
FRUIT SALAD BAG CHARM,47.32
BLACK VINT ART DEC CRYSTAL BRACELET,47.25
VINTAGE NOTEBOOK FRENCH LETTER ,47.20000000000001
SET/16 WHITE SHINY & MATT BAUBLES,47.04
FLAMES SUNGLASSES PINK LENSES,46.8
TRELLIS FLOWER CHOPSTICKS SET/5,46.8
PASTEL BLUE PHOTO ALBUM,46.8
PINK RETRO BIG FLOWER BAG,46.8
PINK CROCHET CAT WITH SCARF,46.75
ANTIQUE OLIVE GREEN FLOWER EARRINGS,46.75
HEN HOUSE W CHICK IN NEST,46.620000000000005
CHERRY BLOSSOM PHOTO FRAME ,46.5
GREEN PEONY DES C/COVER,46.5
"LETTER ""R"" BLING KEY RING",46.25
S/3 POT POURI CUSHIONS BLUE COLOURS,46.2
CANDY STRIPE ROSE QUILT,45.95
SET OF 4 NAPKIN CHARM CUTLERY,45.900000000000006
PINK/YELLOW PATCH CUSHION COVER,45.9
TINY CRYSTAL BRACELET RED,45.9
POLYESTER FILLER PAD 60x40cm,45.9
SUMMER DAISIES BAG CHARM,45.9
GLASS AND PAINTED BEADS BRACELET TO,45.0
PINK/WHITE GLASS DEMI CHOKER,45.0
WRAP SPEED DEMONS ,45.0
SILVER 2 STRAND NECKLACE-LEAF CHARM,45.0
DIAMANTE NECKLACE,45.0
PIZZA DISH SLICE ,45.0
TIN CAN KINGS CHOICE DESIGN,45.0
MEDINA STAMPED METAL TRAY ,44.849999999999994
GOLD M.O.P ORBIT BRACELET,44.550000000000004
ORANGE/FUSCHIA STONES NECKLACE,44.550000000000004
VINTAGE ENAMEL & CRYSTAL EARRINGS,44.550000000000004
AMBER GLASS BRACELET HEART CHARMS,44.550000000000004
SMALL BLUE PROVENCAL CERAMIC BALL,44.55
CRYSTAL DIAMANTE STAR BROOCH,44.55
SILVER LOOKING MIRROR,44.55
TEAL/FUSCHIA COL BEAD NECKLACE,44.55
PADDED HOLLY CHRISTMAS DECORATION ,44.49
"BLACK TEA,COFFEE,SUGAR JARS",44.449999999999996
"PINK ROSES/GINGHAM PATCH RABBIT 8""",44.25000000000001
PINK VINTAGE VICTORIAN EARRINGS,44.25000000000001
IVORY ROSE LAMPSHADE ,44.25
HERB MARKER CHIVES ,44.2
HERB MARKER MINT,44.2
6 RABBIT CHAIN EASTER,44.199999999999996
PAINTED LIGHTBULB RAINBOW DESIGN,44.16
ORIGAMI VANILLA INCENSE CONES,43.980000000000004
WHITE CHRISTMAS FLOCK DROPLET ,43.91
BLUE COL METAL FOLDING CHAIR,43.85
"LETTER ""G"" BLING KEY RING",43.75
"LETTER ""B"" BLING KEY RING",43.75
YELLOW + BROWN BEAR FELT PURSE KIT,43.75
CD WALL TIDY BLUE OFFICE,43.38
TINY CRYSTAL BRACELET BLUE,43.35
TINY CRYSTAL BRACELET GREEN,43.35
MIRRORED WALL ART LADIES,43.349999999999994
"ACRYLIC BEAD CHAIN, PINK",43.32
S/3 FRENCH VANILLA SQU CANDLE,42.9
CROCHET BEAR RED/BLUE  KEYRING,42.9
SET/6 CHRISTMAS ICICLE T-LIGHTS,42.5
WHITE/PINK CHICK DECORATION,42.5
NEW BAROQUE B'FLY NECKLACE BLACK,42.5
GLASS BEAD HOOP NECKLACE MONTANA,42.5
NEW BAROQUE B'FLY NECKLACE RED,42.5
WHITE ALLIUM  ARTIFICIAL FLOWER,42.25
BAG OF SILVER STONES,42.0
ORIENTAL BLUE C/COVER ,41.85
SET OF 4 GREEN CAROUSEL COASTERS,41.75
L BLUE C/COVER W PINK/YELLOW FLOWER,41.7
PURPLE FINE BEAD NECKLACE W TASSEL,41.65
BROWN KUKUI COCONUT SEED NECKLACE,41.65
FIRE POLISHED GLASS NECKL SILVER,41.65
BLACK NEW BAROQUE FLOCK BOX,41.65
DROP DIAMANTE EARRINGS PURPLE,41.300000000000004
PINK ENAMEL FLOWER HAIR TIE,41.300000000000004
SET 4 EASTER DECOUPAGE OVAL BOXES,41.300000000000004
"FLOWER FAIRY MUG+COASTER,LAVENDER",41.25
PAIR PINK/BLACK COATHANGERS,40.95
IVORY SCULPTED RND CANDLE ,40.8
ASSORTED SANTA CHRISTMAS DECORATION,40.8
WHITE FOXGLOVE ARTIIFCIAL FLOWER,40.8
POLKADOT PENS,40.8
BLACK FEATHER CHRISTMAS DECORATION,40.660000000000004
ORIGAMI LAVENDER INCENSE CONES,40.32
MAGIC SLATE GO TO THE FAIR ,40.32
MAGIC SLATE LEAP FROG ,40.32
JAZZ HEARTS SPIRAL NOTEPAD,39.949999999999996
GOLD COSMETICS BAG WITH BUTTERFLY,39.900000000000006
TEATIME ROUND CAKE TINS ,39.8
SQUARE FLOOR CUSHION VINTAGE PINK ,39.75
ST TROPEZ NECKLACE,39.6
OPULENT VELVET CANDLE IN BOX,39.300000000000004
"CAT BOWL, ENAMEL , CREAM COLOUR",39.0
BLUE BLOSSOM HAIR CLIP,38.85
COGNAC AUX OEUFS METAL 1 HOOK,38.75
"LETTER ""T"" BLING KEY RING",38.75
"LETTER ""N"" BLING KEY RING",38.75
FOLKART ZINC CLIP ON ANGEL WINGS,38.379999999999995
FRESHWATER PEARL BRACELET PINK,38.25
VINTAGE KEEPSAKE BOX BEAUTY GIRL,38.1
CROCHET DOG KEYRING,37.95
PASTA ENAMEL/BRASS CONTAINER,37.5
PINK SWEETIE NECKLACE,37.5
FRENCH BLUE METAL DOOR SIGN 9,37.5
PURPLE LAS VEGAS BRACELET ROUND,37.5
"LETTER ""P"" BLING KEY RING",37.5
GLASS WINE GLASS DECORATIONS,37.5
RED PEONY PHOTO FRAME ,37.2
PINK BITTY LIGHT CHAIN,37.2
WINE BOTTLE DRESSING LT.BLUE,36.83
ROUND BLUE CLOCK W/SUCKER,36.6
EASTER TIN CHICKS PINK DAISY,36.3
BEECH WOOD P/FRAME,36.25
MONTANA DIAMOND CLUSTER NECKLACE,35.8
BLUE/NAT SHELL NECKLACE W PENDANT,35.7
OLD ROSE COMBO BEAD NECKLACE,35.400000000000006
BROWN VINTAGE VICTORIAN EARRINGS,35.400000000000006
BAKING MOULD EASTER EGG MILK CHOC,35.400000000000006
RABBIT EASTER DECORATION,35.400000000000006
SILVER/CRYSTAL DROP EARRINGS W LEAF,35.400000000000006
2 DAISIES HAIR COMB,35.400000000000006
BLUE  VOILE LAMPSHADE,35.400000000000006
CARD GINGHAM ROSE ,35.28
BLUE POLKADOT BEAKER ,35.099999999999994
"LETTER ""H"" BLING KEY RING",35.0
HEN PARTY CORDON BARRIER TAPE,35.0
PARTY PIZZA DISH BLUE WHITE SPOT ,34.849999999999994
BLUE BABY BOY'S MEMORY BOX,34.75
PINK/AMETHYST/GOLD NECKLACE,34.75
WHITE/PINK MINI CRYSTALS NECKLACE,34.65
DAISY HAIR BAND,34.65
CROCHET POODLE KEYRING,34.65
SMALL FOLKART CHRISTMAS TREE DEC,34.62
SPHERICAL IVORY CANDLE ,34.44
PINK STOCKING CHRISTMAS DECORATION,34.2
"GREETING CARD, OVERCROWDED POOL.",34.199999999999996
BLACK ORANGE SQUEEZER,34.02
"DOG BOWL, ENAMEL , CREAM COLOUR",34.0
GLASS BEAD HOOP NECKLACE GREEN,34.0
SILVER BLACK ORBIT DROP EARRINGS,34.0
NEW BAROQUE B'FLY NECKLACE GREEN,34.0
GOLD M.O.P ORBIT DROP EARRINGS,34.0
BLUE DAISY MOBILE,33.75
PINK VINTAGE VICTORIAN CHOKER,33.75
PINK EASTER HENS+FLOWER,33.75
YELLOW BIRDS FELT DES FOODCOVER,33.75
ORIGAMI OPIUM INCENSE CONES,33.3
SET OF 4 PASTEL STACKING MUGS,33.15
PINK TALL PORCELAIN T-LIGHT HOLDER ,33.15
DIAMANTE HAIR GRIP PACK/2 PERIDOT,33.0
"GREETING CARD,SQUARE, DOUGHNUTS",32.76
"LETTER ""D"" BLING KEY RING",32.5
FRENCH BLUE METAL DOOR SIGN 0,32.5
"S/4 ICON COASTER,ELVIS LIVES",32.5
FRENCH BLUE METAL DOOR SIGN 6,32.5
TREE OF NOAH FESTIVE SCENTED CANDLE,32.5
BLUE STONES ON WIRE FOR CANDLE,32.19
FAN BLACK FRAME ,32.19
TURQUOISE BERTIE GLASS BEAD CHARM,31.500000000000004
PORCELAIN CHERUB BELL LARGE,31.349999999999998
FRENCH BLUE METAL DOOR SIGN 8,31.25
PINK CLEAR GLASS CANDLE PLATE,31.25
BLUE CHENILLE SHAGGY CUSHION COVER ,31.2
ICON PLACEMAT POP ART ELVIS,30.660000000000004
LILAC VOTIVE CANDLE,30.66
PINK ROSEBUD PEARL EARRINGS,30.6
WOODEN HEART CHRISTMAS SCANDISPOT,30.6
SET OF 4 NAPKIN CHARMS INSTUMENT   ,30.6
BAKING MOULD CHOCOLATE CUP CAKES,30.6
TEATIME PENCIL WITH RUBBER,30.5
PINK BERTIE MOBILE PHONE CHARM,30.42
ASSORTED COLOUR SUCTION CUP HOOK,30.4
BIRTHDAY BANNER TAPE,30.0
TIN CAN POCKET MONEY DESIGN,30.0
TIN CAN HOUSEKEEPING DESIGN,30.0
 Bank Charges,30.0
PINK CHERRY BLOSSOM CUP & SAUCER,30.0
WAVELINE SURF IRONING BOARD COVER,30.0
FIRE POLISHED GLASS BRACELET GREEN,30.0
DRAWER KNOB ACRYLIC EDWARDIAN PINK,30.0
DRAWER KNOB ACRYLIC EDWARDIAN GREEN,30.0
DRAWERKNOB ACRYLIC EDWARDIAN PURPLE,30.0
RUBY DROP CHANDELIER EARRINGS,30.0
DRAWER KNOB ACRYLIC EDWARDIAN CLEAR,30.0
FRENCH STYLE WIRE DOOR CABINET ,29.95
BLUE/GREEN SHELL NECKLACE W PENDANT,29.75
SPOTTED WHITE NATURAL SEED NECKLACE,29.75
AMBER FINE BEAD NECKLACE W TASSEL,29.75
FIRE POLISHED GLASS NECKL GOLD,29.75
PINK BUTTERFLY C/COVER ,29.700000000000003
"TRAY FOR TV DINNER , DOLLY GIRL",29.700000000000003
COPPER AND BRASS BAG CHARM,29.700000000000003
"TRAY FOR TV DINNER ,SPACEBOY",29.700000000000003
SET/4 GARDEN ROSE DINNER CANDLE,29.7
LILY BROOCH WHITE/SILVER COLOUR,29.7
SILVER BLACK ORBIT BRACELET,29.7
BAKING MOULD ROSE WHITE CHOCOLATE,29.25
 STAR  T-LIGHT HOLDER ,28.999999999999996
AMBER BERTIE MOBILE PHONE CHARM,28.73
DIAMANTE HAIR GRIP PACK/2 MONTANA,28.05
SET OF 3 RABBIT EGG EASTER,28.049999999999997
KNITTED RABBIT DOLL ,28.049999999999997
EMBROIDERED REINDEER DECORATION,28.0
COLOURFUL FLOWER FRUIT BOWL,27.8
WINE BOTTLE DRESSING DARK BLUE,27.549999999999997
WRAP BAD HAIR DAY,27.5
VINTAGE PINK TINSEL REEL ,27.3
SET/6 GREEN SPRING  PAPER PLATE,27.2
PINK PAISLEY PHOTO ALBUM,27.0
BLACK DIAMOND CLUSTER NECKLACE,26.849999999999998
3 PIECE JIGSAW TOADSTOOLS,26.4
PINK FELT HANGING HEART W FLOWER,26.349999999999998
BLUE FELT HANGING HEART W FLOWER,26.349999999999998
YELLOW FELT HANGING HEART W FLOWER,26.349999999999998
FIRE POLISHED GLASS BRACELET MONTAN,26.25
SILVER HEART COMPACT MIRROR,26.25
GLASS AND BEADS BRACELET IVORY,26.25
SET OF 16 VINTAGE IVORY CUTLERY,25.5
M/COLOUR POM-POM CURTAIN,25.5
NEW BAROQUE BLACK BOXES,25.5
"ORGANISER WOOD, ANTIQUE WHITE ",25.5
S/4 BLACK LOVEBIRD COASTERS,25.5
FRYING PAN PINK RETROSPOT,25.5
THE KING GIFT BAG 25x24x12cm,25.2
AQUA BERTIE GLASS BEAD BAG CHARM,25.2
"GREETING CARD, THE BLACK CAT",25.2
ORIGAMI SANDLEWOOD INCENSE IN TUBE,25.05
ASSTD COL BUTTERFLY/CRYSTAL W/CHIME,25.0
"GUMBALL COATHOOK., BLACK & WHITE ",25.0
WHITE/BLUE RECT CERAMIC OIL BURNER,25.0
VINTAGE ENAMEL & CRYSTAL NECKLACE,24.75
FLOWER BROOCH 4 ASSORTED COLOURS,24.75
BLUE TINSEL GARLAND ,24.7
PARTY PIZZA DISH GREEN WHITE SPOT ,24.65
WOOD XMAS TREE 9 FIG SHELVES,24.65
4 FESTIVE GREEN DINNER CANDLES,23.91
ENGLISH ROSE SET/3 GARDEN TOOLS,23.85
BROWN DOG CANNISTER W BONE,23.8
DIAMOND LAS VEGAS NECKLACE 45CM,23.8
SET OF 4 POLKADOT COASTERS,23.75
"LETTER ""O"" BLING KEY RING",23.75
"LETTER ""I"" BLING KEY RING",23.75
SET OF 6 SPICE TINS PANTRY DESIGN,23.700000000000003
ORIGAMI SANDLEWOOD INCENSE CONES,23.699999999999996
DROP DIAMANTE EARRINGS BLACK DIAMON,23.6
YELLOW/BLUE RETRO RADIO,23.6
POLKADOT COFFEE CUP & SAUCER PINK,23.6
GLASS BEAD HOOP EARRINGS AMETHYST,23.6
ASSORTED FRAGRANCE BATH CONFETTI,23.52
DOTS IRONING BOARD COVER,23.4
DIAMANTE HAIR GRIP PACK/2 RUBY,23.099999999999998
CUBIC MUG FLOCK PINK ON BROWN,22.950000000000003
NECKLACE+BRACELET SET BLUE HIBISCUS,22.95
"PET MUG, GOLDFISH",22.68
CLASSIC DIAMANTE NECKLACE JET,22.5
"FLOWER FAIRY MUG+COASTER,ROSE",22.5
GOLD 2 STRAND NECKLACE-LEAF CHARMS,22.5
BLACKCHRISTMAS TREE 30CM,22.5
BLACK VINTAGE  CRYSTAL EARRINGS,22.5
DIAMANTE NECKLACE PURPLE,22.5
BLACK ASSORTED DROPLET DECORATION,22.419999999999998
HEN HOUSE W FAMILY IN BARN & NEST,22.099999999999998
VINTAGE BEAD CHAISE LONG JEWEL BOX,21.5
YELLOW/PINK FLOWER DESIGN BIG MUG,21.45
BLUE HANGING GINGHAM EASTER HEN,21.42
CRYSTAL CZECH CROSS PHONE CHARM,21.25
BLUE LEAVES AND BEADS PHONE CHARM,21.25
IVORY HANGING DECORATION  RABBIT,21.25
PINK LEAVES AND BEADS PHONE CHARM,21.25
PINK & WHITE ROSEBUD RING,21.25
CRACKED GLAZE NECKLACE BROWN,20.85
GLASS BEAD HOOP EARRINGS MONTANA,20.650000000000002
BLACK FLOCK GOLD CANDLE,20.580000000000002
"GREETING CARD, TWO SISTERS.",20.52
PARTY PIZZA DISH PINK+WHITE SPOT ,20.4
DAISY HAIR COMB,20.4
PARTY PIZZA DISH BLUE+WHITE SPOT ,20.4
"PEN, 10 COLOURS - SPACEBOY",20.4
METALIC LEAVES BAG CHARMS,20.4
PURPLE TINT ACRYLIC FLOWER VASE,20.4
BLUE KNITTED KID'S RUCKSACK,20.25
MAGIC SLATE BAKE A CAKE ,20.16
S/16 BLACK SHINY/MAT BAUBLES,20.16
YELLOW RABBIT SAT EASTER,20.16
MULTICOLOUR CRUSOE CHECK LAMPSHADE,20.16
SANDALWOOD INCENSE IN TIN,20.0
"LETTER ""F"" BLING KEY RING",20.0
WHITE SILVER NECKLACE SHELL GLASS,19.9
CAMOUFLAGE BACKPACK ON WHEELS,19.9
ORANGE PENDANT TRIPLE SHELL NECKLAC,19.8
DIAMANTE HAIR GRIP PACK/2 CRYSTAL,19.8
GOLD DIAMANTE STAR BROOCH,19.8
ROSES BLUE BASE CUSHION COVER ,19.8
DIAMANTE HAIR GRIP PACK/2 LT ROSE,19.8
WHITE SATIN DRESS JEWEL STAND,19.8
PURPLE/BLUE CERAMIC CANDLE HOLDER,19.799999999999997
PINK FLOWERS CHILDS UMBRELLA,19.5
PINK RABBIT SITTING EASTER,19.32
SPOTS ON RED BOOKCOVER TAPE,19.32
LARGE FIBRE OPTIC CHRISTMAS TREE,19.08
HOME SWEET HOME  BLACKBOARD,19.049999999999997
BLUE POLKADOT PASSPORT COVER,18.900000000000002
OLD DOC.RUSSEL METAL SIGN,18.9
KNITTED POM POM HOT WATER BOTTLE,18.75
BEADED CRYSTAL HEART PINK\ON STICK,18.75
BLUE ORGANDY ROUND LAMPSHADE W BEA,18.7
LILAC GAUZE BUTTERFLY LAMPSHADE,18.48
CAROUSEL CHILDRENS APRON,18.15
CAMOFLAGE CUSHION COVER,18.15
S/3 ENGLISH LAVENDER SQU CANDLE,18.15
CROCHET LILAC/RED BEAR KEYRING,18.15
AMBER GLASS/SHELL/PEARL NECKLACE,17.9
BLUE BAROQUE FLOCK CANDLE HOLDER,17.85
NECKLACE+BRACELET SET PINK BLOSSOM,17.85
BLUE TALL PORCELAIN T-LIGHT HOLDER,17.849999999999998
TURQ STONE/CRYSTAL EARRINGS,17.700000000000003
GREEN CRYSTAL DROP EARRINGS,17.700000000000003
RED STONE/CRYSTAL EARRINGS,17.700000000000003
WOOD ANIMALS HEIGHT CHART STICKERS ,17.700000000000003
AMBER DROP EARRINGS W LONG BEADS,17.700000000000003
THREE CANVAS LUGGAGE TAGS,17.55
GREEN LEAVES AND BEADS PHONE CHARM,17.5
BLUE POLKADOT LUGGAGE TAG ,17.5
TURQUOISE CHRISTMAS TREE ,17.5
"NUMBER TILE VINTAGE FONT, 7",17.36
"NUMBER TILE VINTAGE FONT, 4",17.36
"NUMBER TILE VINTAGE FONT, 8",17.36
"NUMBER TILE VINTAGE FONT, 5",17.36
"NUMBER TILE VINTAGE FONT, 2",17.36
"NUMBER TILE VINTAGE FONT, 1",17.36
"NUMBER TILE VINTAGE FONT, 3",17.36
"NUMBER TILE VINTAGE FONT, 6 ",17.36
"NUMBER TILE VINTAGE FONT, 0",17.36
BOX OF 6 PEBBLE CANDLES,17.25
GLASS BELL JAR LARGE,17.0
ANTIQUE OPAL WHITE FLOWER EARRINGS,17.0
VANILLA CANDLE IN EMBOSSED ZINC POT,16.9
S/4 CONTEMPORY PINK ROSEBUD CANDLES,16.8
 LARGE SKULL WINDMILL,16.8
VINTAGE COLLAGE  GREETING  CARD ,16.8
PINK HANGING GINGHAM EASTER HEN,16.8
LUNCH BAG PINK POLKADOTS,16.5
POPART RECT PENCIL SHARPENER ASST,16.38
BLING KEY RING STAND,16.25
HEN HOUSE W CHICK STANDING,15.96
LARGE GLASS ROSE SCENTED CANDLE ,15.9
FLOWERS AND BIRDS WALL PLAQUE,15.9
GLASS BELL JAR SMALL,15.8
PINK CHRISTMAS TREE DECORATION,15.629999999999999
BLUE NETTING STORAGE HANGER,15.6
BLUE/YELLOW FLOWER DESIGN BIG MUG,15.6
NUMBER TILE VINTAGE FONT 3,15.6
CUBIC MUG TEATIME CAKES,15.3
TINY CRYSTALS BRACELET BLACK,15.3
WHITE VINTAGE CRYSTAL EARRINGS,15.0
WHITE  ROSEBUD PEARL BRACELET,15.0
PINK ROSEBUD PEARL BRACELET,15.0
HEN PARTY BANNER TAPE,15.0
TIN CAN CONFECTIONERY DESIGN,15.0
BLUE FLOCK CUSHION COVER ,15.0
PINK BEADS+HAND PHONE CHARM,15.0
PAINTED SEA SHELL METAL WINDCHIME,15.0
SMALL GLASS ROSE SCENTED CANDLE,15.0
GLASS AND PAINTED BEADS BRACELET OL,15.0
WHITE ROSEBUD & PEARL NECKLACE,15.0
SWEETHEART CREAM STEEL FOLDIN CHAIR,14.95
TURQ PENDANT TRIPLE SHELL NECKLACE,14.850000000000001
GREEN PENDANT TRIPLE SHELL NECKLACE,14.850000000000001
11 PC CERAMIC TEA SET POLKADOT,14.85
BLACK GLASS BRACELET W HEART CHARMS,14.85
FROSTED GLASS WITH SILVER SURROUND,14.85
KID'S CHALKBOARD/EASEL,14.75
FRENCH LAVENDER SCENT HEART,14.7
"GREETING CARD, STICKY GORDON",14.059999999999999
PINK BABY GIRL'S MEMORY BOX,13.9
PINK MINI STATIONERY SET W CASE,13.75
YELLOW BROWN BEAR FELT PURSE KIT,13.75
DAISY RING,13.75
CERISE+GOLD CHRISTMAS TREE DEC,13.68
PINK/GREEN FLOWER DESIGN BIG MUG,13.65
FUSCHIA VOILE POINTY SHOE DEC,13.649999999999999
BEWARE OF THE CAT DOORMAT,13.5
DIAMANTE HAIR GRIP PACK/2 BLACK DIA,13.2
GREEN/BLUE CERAMIC CANDLE HOLDER,13.2
EASTER TIN KEEPSAKE,13.2
NEW BAROQUE WALL MIRROR,12.75
ANTIQUE MID BLUE FLOWER EARRINGS,12.75
S/4 BLACK DISCO PARTITION PANEL,12.75
FRYING PAN BLUE RETROSPOT,12.75
"F.FAIRY,CANDLE IN GLASS,LAVENDER",12.75
VINTAGE METAL CAKE STAND CREAM ,12.75
EMBOSSED FLOWER TRELLIS PHOTO FRAME,12.75
KISS REINDEER SCANDINAVIAN STOCKING,12.749999999999998
PURPLE CURRENT CANDLE RING,12.61
"ACRYLIC JEWEL SNOWFLAKE, PINK",12.6
BLUE FLOWER DES PURSE,12.5
DUSTY PINK CHRISTMAS TREE 30CM,12.5
"FEATHER DUSTER, LIGHT PINK",12.5
BLUE FLORIBUNDA EGG WARMER,12.5
GLASS BEAD HOOP EARRINGS GREEN,11.8
DUCK SOCK PUPPET,11.8
DROP DIAMANTE EARRINGS CRYSTAL,11.8
NUMBER TILE VINTAGE FONT 6 ,11.7
RHOMBUS CRYSTAL PERFUME BOTTLE,11.7
HANGING CHICK  YELLOW DECORATION,11.6
YELLOW/PINK CERAMIC CANDLE HOLDER,11.549999999999999
ASSTD RASTA KEY-CHAINS,11.34
BAROQUE BUTTERFLY EARRINGS MONTANA,11.25
FLOWER DES BLUE HANDBAG/ORANG HANDL,11.25
BLUE TABLE RUN FLOWER,11.25
ORIGAMI JASMINE INCENSE+FLOWER ,11.100000000000001
S/4 CONTEMPORY RED ROSEBUD CANDLES,10.9
WRAP CHRISTMAS DECOUPAGE,10.5
MOON INCENSE,10.5
WRAP ROMANTIC DECOUPAGE,10.5
"WRAPPING PAPER, XMAS VILLAGE",10.5
WOODLAND CREATURES  WRAP,10.5
3 BLACK CATS W HEARTS BLANK CARD,10.450000000000001
PARTY PIZZA DISH GREEN+WHITE SPOT ,10.2
FLOWER PURPLE CLOCK W/SUCKER,10.2
CANNABIS LEAF BEAD CURTAIN,10.2
HEART MEASURING SPOONS SMALL,10.2
PURPLE FRANGIPANI NECKLACE,10.2
ORANGE CANDLE,10.2
PARTY PIZZA DISH RED+WHITE SPOT ,10.2
GROOVY CACTUS INFLATABLE,10.2
PINK GAUZE BUTTERFLY LAMPSHADE,10.08
"LETTER ""V"" BLING KEY RING",10.0
ORANGE FELT VASE + FLOWERS,10.0
BLACK DROP CRYSTAL NECKLACE,9.95
VINTAGE BEAD PINK JEWEL STAND,9.9
CUTE BIRD CEATURE SCREEN,9.899999999999999
BLUE/YELLOW CERAMIC CANDLE HOLDER,9.899999999999999
SILVER WINE GOBLET,9.3
SCULPTED ROUND IVORY CANDLE ,9.24
PINK/YELLOW RABBIT SAT EASTER,9.24
LAZER CUT NECKLACE W PASTEL BEADS,8.95
YELLOW PINK FLOWER DESIGN BIG BOWL,8.850000000000001
BLUE PORCELAIN B'FLY OIL BURNER,8.850000000000001
NEW BAROQUE B'FLY NECKLACE CRYSTAL,8.5
ANTIQUE RASPBERRY FLOWER EARRINGS,8.5
6 HOOK JEWEL STAND LILAC DRESS,8.49
ARMY CAMO BOOKCOVER TAPE,8.4
PINK/WHITE CHRISTMAS TREE 30CM,7.800000000000001
NUMBER TILE COTTAGE GARDEN 9,7.8
MAGIC GARDEN FELT GARLAND ,7.8
BLUE FAIRY CAKE CHILDRENS APRON,7.8
NUMBER TILE VINTAGE FONT 8,7.8
NUMBER TILE COTTAGE GARDEN 6,7.8
NUMBER TILE COTTAGE GARDEN 4,7.8
IVORY SHELL HEART EARRINGS,7.649999999999999
MODERN CHRISTMAS TREE CANDLE,7.6000000000000005
ELEPHANT CLIP W SUCTION CUP,7.56
SET/6 GINGERBREAD TREE T-LIGHTS,7.5
"BATHROOM SCALES, FAG BREAK",7.5
BAROQUE BUTTERFLY EARRINGS PINK,7.5
BAROQUE BUTTERFLY EARRINGS GREEN,7.5
GREEN PAIR HEART HAIR SLIDES,7.5
VENDETTA CANVAS PICTURE,7.5
PINK CANVAS DES CUSHION COVER ,7.5
DIAMANTE NECKLACE BLACK ,7.5
CAROUSEL PLACEMATS ,7.5
PINK FLOCK SUEDE CUSHION COVER ,7.5
FUSCHIA TABLE RUN FLOWER ,7.5
BLUE HIBISCUS  HAIR CLIP,7.35
HAND OPEN SHAPE PINK,6.98
ROSE SCENTED VOTIVE CANDLE,6.959999999999999
VANILLA SCENTED VOTIVE CANDLE,6.959999999999999
EMPIRE TEDDY,6.95
CRACKED GLAZE NECKLACE RED,6.95
RASTA IN BATH W SPLIFF ASHTRAY,6.8
DOOR MAT BLUE FLOCK,6.75
ENGLISH ROSE TEA FOR ONE GIFT BOX,6.75
"BISCUIT TIN, MINT,IVORY, VINTAGE",6.75
PAIR OF ENAMEL BUTTERFLY HAIRCLIP,6.7
BLUE DROP EARRINGS W BEAD CLUSTER,6.7
GREEN DROP EARRINGS W BEAD CLUSTER,6.7
CUTE RABBIT CEATURE SCREEN ,6.6
SILVER PURSE GOLD PINK BUTTERFLY,6.6
DIAMANTE BOW BROOCH WHITE COLOUR,6.35
SCOTTIE DOGS CHILDRENS OVERALL,6.300000000000001
NUMBER TILE COTTAGE GARDEN No,6.300000000000001
ASS WINDPROOF MARIJUANA LIGHTERS,6.3
SMALL SINGLE FLAME CANDLE HOLDER,6.299999999999999
STRAWBERRIES PRINT BOWL,6.25
WHITE WOOD SINGLE P/FRAME,6.25
ASSORTED DESIGN GEISHA GIRL MUGS,6.25
"LETTER ""Z"" BLING KEY RING",6.25
OPAL WHITE/SILVER FLOWER NECKLACE,5.95
PINK AND BLACK STRING CURTAIN,5.95
"F.FAIRY S/3 SML CANDLE, LAVENDER",5.95
"F.FAIRY S/3 SML CANDLE,LILY/VALLEY",5.95
"F.FAIRY S/3 SML CANDLE, ROSE",5.95
SILVER/NAT SHELL NECKLACE W PENDANT,5.95
WHITE FRANGIPANI HAIR CLIP,5.949999999999999
ASSORTED DESIGN FLOWER MUGS,5.949999999999999
PACK/12 RUSSIAN DOLL CARDS,5.9
"JEWELLED DECORATION,PINK",5.9
GREEN STONE/CRYSTAL EARRINGS,5.9
PINK PORCELAIN B'FLY OIL BURNER,5.9
DROP DIAMANTE EARRINGS GREEN,5.9
BLACK 3 BEAD DROP EARRINGS,5.9
"GLASS JAR, ENGLISH CONFECTIONERY",5.9
WHITE ENAMEL FLOWER HAIR TIE,5.9
"ACRYLIC BEAD GARLAND,PINK",5.9
BLUE STRIPES SHOULDER BAG,5.9
WHITE ROHMBIC BLOCK TABLE LAMP,5.9
GREEN ENAMEL FLOWER HAIR TIE,5.9
PURPLE ENAMEL FLOWER HAIR TIE,5.9
GLASS BEAD HOOP EARRINGS BLACK,5.9
BLACK CRYSTAL DROP EARRINGS,5.9
BUNNY BUNCH OF FLOWERS,5.88
PINK BEADED CONE CHRISTMAS,5.88
NUMBER TILE COTTAGE GARDEN 5,5.85
NUMBER TILE VINTAGE FONT 1,5.85
NUMBER TILE COTTAGE GARDEN 7,5.85
NUMBER TILE VINTAGE FONT 5,5.85
NUMBER TILE VINTAGE FONT 9 ,5.85
GREEN/BLUE FLOWER DESIGN BIG MUG,5.85
NUMBER TILE COTTAGE GARDEN 2,5.85
CANDLE RING W/CLEAR BEADS,5.46
DADDY MOUSE RED GINGHAM BOW TIE,5.45
PINK CURRENT CANDLE RING,5.32
FUNKY GIRLZ MAGNETIC TO DO LIST ,5.2
WHITE FRANGIPANI NECKLACE,5.1
ANGEL ON KNEES METAL POLE 100CM H,5.1
PINK DAISY BAG CHARM,5.1
KASHMIR FOLKART HEART DISHES,5.07
SILICON STAR BULB  BLUE,5.04
RUSSIAN FOLKART STACKING TINS,4.95
CERAMIC CAKE TEAPOT WITH CHERRY,4.95
RED HEART CANDY POP LIGHTS,4.95
MOP PENDANT SHELL NECKLACE,4.95
FOLDING SHIRT TIDY,4.65
HANGING CHICK CREAM DECORATION,4.35
"F.FAIRY,CANDLE IN GLASS,LILY/VALLEY",4.25
ROUND ARTICULATED PINK CLOCK W/SUCK,4.25
SPOTTY COCKEREL DOORSTOP,4.25
MODERN CHRISTMAS BAUBLE CANDLE ,4.2
NUMBER TILE VINTAGE FONT No ,4.2
MODERN CHRISTMAS TREE CANDLE ,4.2
PINK GLASS COCKTAIL LAMP,4.2
NUMBER TILE COTTAGE GARDEN 0 ,3.9
CHOCOLATE ICE CREAM CANDLE,3.9
MUG PINK AND PURPLE ARABIC DESIGN,3.9
NUMBER TILE VINTAGE FONT 2,3.9
BLUE CRUSOE CHECK LAMPSHADE,3.7800000000000002
PURPLE LEAVES AND BEADS PHONE CHAR,3.75
FUNKY FLOWER COFFEE POT,3.75
FIRE POLISHED GLASS BRACELET RED,3.75
BAROQUE BUTTERFLY EARRINGS CRYSTAL,3.75
BAROQUE BUTTERFLY EARRINGS RED,3.75
S/6 CHRISTMAS TREE PLACE SETTING,3.75
JADE GREEN PAIR ENAMEL HAIR SLIDES,3.75
PINK BUTTERFLY PAPER LAMPSHADE,3.75
PEARL AND CHERRY QUARTZ BRACLET,3.5
SET/20 POSIES PAPER NAPKINS,3.4
SET/6 BLACK GLITTER REINDEER CANDLE,3.36
RAIN GIRL CHILDS UMBRELLA,3.25
MIDNIGHT BLUE CRYSTAL DROP EARRINGS,2.95
PURPLE DRESS JEWELLERY STAND,2.95
CLASSIC DIAMANTE EARRINGS JET,2.95
AMBER CRYSTAL DROP EARRINGS,2.95
FEATHER HEART LIGHTS,2.95
PINK STRIPES SHOULDER BAG,2.95
DUSTY PINK CHRISTMAS TREE 60CM,2.95
BOX OF 3 PEBBLE CANDLES,2.95
WHITE CHRISTMAS TREE 60CM,2.95
BLACK DROP EARRINGS W LONG BEADS,2.95
HAPPY BIRTHDAY CARD STRIPEY TEDDY,2.8499999999999996
ENGLISH ROSE DESIGN SHOPPING BAG,2.55
VINTAGE DESIGN GIFT TAGS,2.55
PURPLE/COPPER HANGING LAMPSHADE,2.55
CRACKED GLAZE EARRINGS RED,2.55
ROUND ARTICULATED BLUE CLOCK W/SUCK,2.55
SET/2 TEA TOWELS MODERN VINTAGE,2.55
S/2 HYACINTH BULB CANDLES,2.55
"BLACK RND BULLET""KEEP CLEAN"" BIN",2.55
BLACK DIAMOND CLUSTER EARRINGS,2.55
S/6 SCANDINAVIAN HEART T-LIGHT,2.55
CRYSTAL DRAGONFLY PHONE CHARM,2.55
SET/2 SPOTTY + ROSE TEA TOWELS ,2.55
DROP EARRINGS W FLOWER & LEAF,2.55
S/3 COLOURS FLOCK TEA TOWELS,2.55
LILAC FEATHERS CURTAIN,2.5
BLUE BEADS+HAND PHONE CHARM,2.5
"LETTER ""Y"" BLING KEY RING",2.5
"LETTER ""W"" BLING KEY RING",2.5
POCKET MIRROR BUTTERFLY ,2.5
"GREETING CARD, BLACKPOOL ROCK",2.28
RED SPOTTY PASSPORT COVER,2.1
AMBER BERTIE GLASS BEAD BAG CHARM,2.1
ASSORTED SHAPED STENCIL FOR HENNA,2.08
HANGING SPRING FLOWER HEART SMALL,1.9500000000000002
GOLD CHRISTMAS STOCKING DECORATION,1.95
HEXAGONAL CRYSTAL PERFUME BOTTLE,1.95
NUMBER TILE VINTAGE FONT 0,1.95
LUNCHBOX I LOVE LONDON,1.95
NUMBER TILE COTTAGE GARDEN 1,1.95
CIRCUS PARADE LUNCHBOX ,1.95
NUMBER TILE COTTAGE GARDEN 8,1.95
GREEN CHENILLE SHAGGY C/COVER,1.95
SET OF SIX SILVER+RED FLOCK BAUBLES,1.7
JAM JAR WITH BLUE LID,1.7
F FAIRY POTPOURRI CUSHIONS SUMMER,1.69
BENDY COLOUR PENCILS,1.68
FOLDING CAMPING SCISSOR W/KNIF & S,1.68
3 BIRDS CANVAS SCREEN,1.65
S/3 ROSE GARDEN SCENT SQU CANDLE,1.65
SWALLOW SMALL TUBE MATCHES,1.65
CRYSTAL SMALL JEWELLED PHOTOFRAME,1.65
RED TOP SCANDINAVIAN HEART ,1.52
HANGING CHICK GREEN DECORATION,1.45
A4 WALL TIDY RED FLOWERS,1.3
FAIRY DESIGN MUGS,1.25
HOLLYHOCK SQUARE HANDY TIN,1.25
RUBY GLASS CLUSTER EARRINGS,1.25
"LETTER ""U"" BLING KEY RING",1.25
FOLKART HEART CHRISTMAS DECORATIONS,1.25
WHITE SCANDINAVIAN HEART CHRISTMAS,1.25
HAPPY BIRTHDAY CARD TEDDY/CAKE,0.95
BLUE WHITE PLASTIC RINGS LAMPSHADE,0.85
OWLS CHARLOTTE BAG,0.85
UBO-LIGHT TRIOBASE BLUE,0.85
CAT W SUNGLASSES BLANK CARD,0.76
"SILICON CUBE 25W, BLUE",0.42
HAPPY BIRTHDAY GINGER CAT CARD,0.38
CHAMPAGNE TRAY BLANK CARD,0.38
PINK HEART CHRISTMAS DECORATION,0.38
PADS TO MATCH ALL CUSHIONS,0.014
