ds,trend,yhat_lower,yhat_upper,trend_lower,trend_upper,additive_terms,additive_terms_lower,additive_terms_upper,weekly,weekly_lower,weekly_upper,yearly,yearly_lower,yearly_upper,multiplicative_terms,multiplicative_terms_lower,multiplicative_terms_upper,yhat
2009-12-01,22863.8882780616,38462.15667217755,64069.82445887156,22863.8882780616,22863.8882780616,28234.30048053069,28234.30048053069,28234.30048053069,6625.862082272657,6625.862082272657,6625.862082272657,21608.438398258033,21608.438398258033,21608.438398258033,0.0,0.0,0.0,51098.18875859229
2009-12-02,22867.399376662073,33356.20264170225,60083.979762929994,22867.399376662073,22867.399376662073,24686.820474516484,24686.820474516484,24686.820474516484,3767.3797184276,3767.3797184276,3767.3797184276,20919.440756088887,20919.440756088887,20919.440756088887,0.0,0.0,0.0,47554.219851178554
2009-12-03,22870.910475262543,40331.61053222826,66966.6308208906,22870.910475262543,22870.910475262543,30631.027343985654,30631.027343985654,30631.027343985654,10563.955785110455,10563.955785110455,10563.955785110455,20067.071558875195,20067.071558875195,20067.071558875195,0.0,0.0,0.0,53501.937819248196
2009-12-04,22874.421573863016,29798.450050659187,55646.09407609281,22874.421573863016,22874.421573863016,20099.2275946925,20099.2275946925,20099.2275946925,1047.9591267122112,1047.9591267122112,1047.9591267122112,19051.268467980288,19051.268467980288,19051.268467980288,0.0,0.0,0.0,42973.649168555516
2009-12-05,22877.93267246348,5190.228277452617,30183.387644440852,22877.93267246348,22877.93267246348,-4118.405555990399,-4118.405555990399,-4118.405555990399,-21993.077024908675,-21993.077024908675,-21993.077024908675,17874.671468918277,17874.671468918277,17874.671468918277,0.0,0.0,0.0,18759.52711647308
2009-12-06,22881.443771063954,22831.95234040297,48149.59196201178,22881.443771063954,22881.443771063954,12647.540266277469,12647.540266277469,12647.540266277469,-3895.191603600469,-3895.191603600469,-3895.191603600469,16542.731869877938,16542.731869877938,16542.731869877938,0.0,0.0,0.0,35528.98403734142
2009-12-07,22884.954869664423,28199.341228478726,54330.33314484698,22884.954869664423,22884.954869664423,18946.871640163987,18946.871640163987,18946.871640163987,3883.1119160560415,3883.1119160560415,3883.1119160560415,15063.759724107944,15063.759724107944,15063.759724107944,0.0,0.0,0.0,41831.82650982841
2009-12-08,22888.465968264893,30747.36472752644,56104.73602927851,22888.465968264893,22888.465968264893,20074.76784289532,20074.76784289532,20074.76784289532,6625.862082285813,6625.862082285813,6625.862082285813,13448.905760609505,13448.905760609505,13448.905760609505,0.0,0.0,0.0,42963.233811160215
2009-12-09,22891.977066865365,24490.75311005734,51641.75719317954,22891.977066865365,22891.977066865365,15479.455307735241,15479.455307735241,15479.455307735241,3767.379718439923,3767.379718439923,3767.379718439923,11712.07558929532,11712.07558929532,11712.07558929532,0.0,0.0,0.0,38371.432374600605
2009-12-10,22895.488165465835,30700.626685619445,56502.063508013336,22895.488165465835,22895.488165465835,20433.731518532884,20433.731518532884,20433.731518532884,10563.955785076281,10563.955785076281,10563.955785076281,9869.775733456605,9869.775733456605,9869.775733456605,0.0,0.0,0.0,43329.219683998715
2009-12-11,22898.999264066304,18524.573604690864,43784.73683594946,22898.999264066304,22898.999264066304,8988.852011719466,8988.852011719466,8988.852011719466,1047.959126700971,1047.959126700971,1047.959126700971,7940.892885018495,7940.892885018495,7940.892885018495,0.0,0.0,0.0,31887.851275785768
2009-12-12,22902.510362666777,-5885.492819648963,20409.35319463403,22902.510362666777,22902.510362666777,-16046.667400761069,-16046.667400761069,-16046.667400761069,-21993.077024902548,-21993.077024902548,-21993.077024902548,5946.409624141482,5946.409624141482,5946.409624141482,0.0,0.0,0.0,6855.842961905708
2009-12-13,22906.02145866215,10525.152166367205,34659.67011910661,22906.02145866215,22906.02145866215,13.870038657541468,13.870038657541468,13.870038657541468,-3895.191603585682,-3895.191603585682,-3895.191603585682,3909.0616422432236,3909.0616422432236,3909.0616422432236,0.0,0.0,0.0,22919.89149731969
2009-12-14,22909.53255465753,16487.33841796594,41700.21192949752,22909.53255465753,22909.53255465753,5736.055119959861,5736.055119959861,5736.055119959861,3883.1119160498456,3883.1119160498456,3883.1119160498456,1852.9432039100157,1852.9432039100157,1852.9432039100157,0.0,0.0,0.0,28645.58767461739
2009-12-15,22913.043650652908,16506.584071566158,42053.8021462622,22913.043650652908,22913.043650652908,6428.931211560015,6428.931211560015,6428.931211560015,6625.862082288763,6625.862082288763,6625.862082288763,-196.93087072874863,-196.93087072874863,-196.93087072874863,0.0,0.0,0.0,29341.974862212923
2009-12-16,22916.554746648286,12022.063880394086,37602.280257686376,22916.554746648286,22916.554746648286,1552.282646347253,1552.282646347253,1552.282646347253,3767.3797184361874,3767.3797184361874,3767.3797184361874,-2215.097072088935,-2215.097072088935,-2215.097072088935,0.0,0.0,0.0,24468.837392995538
2009-12-17,22920.06584264366,17202.76905890518,41806.00174138667,22920.06584264366,22920.06584264366,6387.817612315871,6387.817612315871,6387.817612315871,10563.955785070404,10563.955785070404,10563.955785070404,-4176.138172754534,-4176.138172754534,-4176.138172754534,0.0,0.0,0.0,29307.88345495953
2009-12-18,22923.57693863904,3672.6059673233776,31631.122654471757,22923.57693863904,22923.57693863904,-5007.230595102895,-5007.230595102895,-5007.230595102895,1047.9591266897316,1047.9591266897316,1047.9591266897316,-6055.189721792626,-6055.189721792626,-6055.189721792626,0.0,0.0,0.0,17916.346343536145
2009-12-19,22927.088034634417,-20028.02494021372,5757.267484892884,22927.088034634417,22927.088034634417,-29821.522963545493,-29821.522963545493,-29821.522963545493,-21993.077024896425,-21993.077024896425,-21993.077024896425,-7828.445938649067,-7828.445938649067,-7828.445938649067,0.0,0.0,0.0,-6894.434928911076
2009-12-20,22930.599130629795,-2559.9961286525504,22095.052233257687,22930.599130629795,22930.599130629795,-13368.844265533367,-13368.844265533367,-13368.844265533367,-3895.191603570892,-3895.191603570892,-3895.191603570892,-9473.652661962475,-9473.652661962475,-9473.652661962475,0.0,0.0,0.0,9561.754865096427
2009-12-21,22934.110226625173,3234.198413310351,28569.523370917228,22934.110226625173,22934.110226625173,-7087.463199927473,-7087.463199927473,-7087.463199927473,3883.1119160590515,3883.1119160590515,3883.1119160590515,-10970.575115986525,-10970.575115986525,-10970.575115986525,0.0,0.0,0.0,15846.6470266977
2009-12-22,22937.621322620547,4342.7907521170355,30146.04590287758,22937.621322620547,22937.621322620547,-5675.566612639169,-5675.566612639169,-5675.566612639169,6625.862082278827,6625.862082278827,6625.862082278827,-12301.428694917995,-12301.428694917995,-12301.428694917995,0.0,0.0,0.0,17262.054709981378
2009-12-23,22941.132418615925,1186.4778604150893,27631.208530059645,22941.132418615925,22941.132418615925,-9683.882006714783,-9683.882006714783,-9683.882006714783,3767.3797184199934,3767.3797184199934,3767.3797184199934,-13451.261725134776,-13451.261725134776,-13451.261725134776,0.0,0.0,0.0,13257.250411901143
2009-12-24,22944.644023567038,6150.380003633096,31961.58797314227,22944.644023567038,22944.644023567038,-3844.324444987851,-3844.324444987851,-3844.324444987851,10563.95578506364,10563.95578506364,10563.95578506364,-14408.28023005149,-14408.28023005149,-14408.28023005149,0.0,0.0,0.0,19100.319578579187
2009-12-25,22948.155628518147,-4324.497923313075,21626.304811635047,22948.155628518147,22948.155628518147,-14116.146939110657,-14116.146939110657,-14116.146939110657,1047.9591266560215,1047.9591266560215,1047.9591266560215,-15164.106065766677,-15164.106065766677,-15164.106065766677,0.0,0.0,0.0,8832.00868940749
2009-12-26,22951.667233469256,-27697.81705749039,-2066.2341816317617,22951.667233469256,22951.667233469256,-37707.03840929499,-37707.03840929499,-37707.03840929499,-21993.077024893428,-21993.077024893428,-21993.077024893428,-15713.961384401564,-15713.961384401564,-15713.961384401564,0.0,0.0,0.0,-14755.371175825734
2009-12-27,22955.178838420365,-9403.97780065112,16032.32322018942,22955.178838420365,22955.178838420365,-19951.965778278634,-19951.965778278634,-19951.965778278634,-3895.19160359714,-3895.19160359714,-3895.19160359714,-16056.774174681492,-16056.774174681492,-16056.774174681492,0.0,0.0,0.0,3003.2130601417302
2009-12-28,22958.690443371474,-1630.340099723577,23375.901591993344,22958.690443371474,22958.690443371474,-12312.089662867556,-12312.089662867556,-12312.089662867556,3883.1119160528565,3883.1119160528565,3883.1119160528565,-16195.201578920412,-16195.201578920412,-16195.201578920412,0.0,0.0,0.0,10646.600780503917
2009-12-29,22962.202048322582,756.231222524495,26190.845787972525,22962.202048322582,22962.202048322582,-9509.707658106088,-9509.707658106088,-9509.707658106088,6625.86208226889,6625.86208226889,6625.86208226889,-16135.569740374976,-16135.569740374976,-16135.569740374976,0.0,0.0,0.0,13452.494390216494
2009-12-30,22965.713653273695,-1376.073812739178,23434.48495487804,22965.713653273695,22965.713653273695,-12120.35132156356,-12120.35132156356,-12120.35132156356,3767.379718403796,3767.379718403796,3767.379718403796,-15887.731039967355,-15887.731039967355,-15887.731039967355,0.0,0.0,0.0,10845.362331710136
2009-12-31,22969.225258224804,4607.967607296426,29705.3122219436,22969.225258224804,22969.225258224804,-4900.885894711248,-4900.885894711248,-4900.885894711248,10563.95578508606,10563.95578508606,10563.95578508606,-15464.841679797308,-15464.841679797308,-15464.841679797308,0.0,0.0,0.0,18068.339363513558
2010-01-01,22972.736863175913,-3532.528760225255,22165.81095027422,22972.736863175913,22972.736863175913,-13835.105479032427,-13835.105479032427,-13835.105479032427,1047.9591267122883,1047.9591267122883,1047.9591267122883,-14883.064605744716,-14883.064605744716,-14883.064605744716,0.0,0.0,0.0,9137.631384143486
2010-01-02,22976.248468127018,-26577.102528834486,-1362.452175656097,22976.248468127018,22976.248468127018,-36154.281702342785,-36154.281702342785,-36154.281702342785,-21993.077024899496,-21993.077024899496,-21993.077024899496,-14161.20467744329,-14161.20467744329,-14161.20467744329,0.0,0.0,0.0,-13178.033234215767
2010-01-03,22979.760073078127,-7512.482307714099,17970.65572810919,22979.760073078127,22979.760073078127,-17215.476341969716,-17215.476341969716,-17215.476341969716,-3895.1916036233883,-3895.1916036233883,-3895.1916036233883,-13320.284738346327,-13320.284738346327,-13320.284738346327,0.0,0.0,0.0,5764.283731108411
2010-01-04,22983.27167870697,1381.5592125238045,26744.95816173502,22983.27167870697,22983.27167870697,-8499.960847666705,-8499.960847666705,-8499.960847666705,3883.111916059753,3883.111916059753,3883.111916059753,-12383.072763726459,-12383.072763726459,-12383.072763726459,0.0,0.0,0.0,14483.310831040264
2010-01-05,22986.783284335816,4177.454725562298,31242.810336913903,22986.783284335816,22986.783284335816,-4747.709445768358,-4747.709445768358,-4747.709445768358,6625.862082282045,6625.862082282045,6625.862082282045,-11373.571528050403,-11373.571528050403,-11373.571528050403,0.0,0.0,0.0,18239.073838567456
2010-01-06,22990.294889964658,4483.704796453136,29667.135702075066,22990.294889964658,22990.294889964658,-6549.103481708188,-6549.103481708188,-6549.103481708188,3767.379718400062,3767.379718400062,3767.379718400062,-10316.48320010825,-10316.48320010825,-10316.48320010825,0.0,0.0,0.0,16441.19140825647
2010-01-07,22993.8064955935,10951.311445016227,37920.75865925498,22993.8064955935,22993.8064955935,1327.2938672085493,1327.2938672085493,1327.2938672085493,10563.955785079297,10563.955785079297,10563.955785079297,-9236.661917870748,-9236.661917870748,-9236.661917870748,0.0,0.0,0.0,24321.100362802048
2010-01-08,22997.318101222343,3631.2376428636103,28498.01786079247,22997.318101222343,22997.318101222343,-7110.608570085466,-7110.608570085466,-7110.608570085466,1047.9591266785799,1047.9591266785799,1047.9591266785799,-8158.567696764046,-8158.567696764046,-8158.567696764046,0.0,0.0,0.0,15886.709531136876
2010-01-09,23000.829706851186,-19385.808140614783,6326.789950583344,23000.829706851186,23000.829706851186,-29098.81200136029,-29098.81200136029,-29098.81200136029,-21993.077024905564,-21993.077024905564,-21993.077024905564,-7105.734976454725,-7105.734976454725,-7105.734976454725,0.0,0.0,0.0,-6097.982294509104
2010-01-10,23004.341312480028,-964.5300289653976,25113.62840810129,23004.341312480028,23004.341312480028,-9995.460316526367,-9995.460316526367,-9995.460316526367,-3895.191603608599,-3895.191603608599,-3895.191603608599,-6100.268712917768,-6100.268712917768,-6100.268712917768,0.0,0.0,0.0,13008.880995953661
2010-01-11,23007.852918108867,9532.990432920598,34498.71103041595,23007.852918108867,23007.852918108867,-1279.2682691811447,-1279.2682691811447,-1279.2682691811447,3883.1119160427725,3883.1119160427725,3883.1119160427725,-5162.380185223917,-5162.380185223917,-5162.380185223917,0.0,0.0,0.0,21728.58464892772
2010-01-12,23011.36452373771,12009.470858796107,37990.66979271357,23011.36452373771,23011.36452373771,2315.8884524453065,2315.8884524453065,2315.8884524453065,6625.862082261903,6625.862082261903,6625.862082261903,-4309.973629816597,-4309.973629816597,-4309.973629816597,0.0,0.0,0.0,25327.252976183016
2010-01-13,23014.876129366552,11511.142713703242,36559.403608816705,23014.876129366552,23014.876129366552,209.08625082036718,209.08625082036718,209.08625082036718,3767.379718412385,3767.379718412385,3767.379718412385,-3558.2934675920183,-3558.2934675920183,-3558.2934675920183,0.0,0.0,0.0,23223.96238018692
2010-01-14,23018.387734995395,18008.807171020286,42978.819929934274,23018.387734995395,23018.387734995395,7644.315497209921,7644.315497209921,7644.315497209921,10563.955785072534,10563.955785072534,10563.955785072534,-2919.6402878626127,-2919.6402878626127,-2919.6402878626127,0.0,0.0,0.0,30662.703232205316
2010-01-15,23021.89933389296,9004.695527734082,35285.24780882471,23021.89933389296,23021.89933389296,-1355.2028146699488,-1355.2028146699488,-1355.2028146699488,1047.9591266673378,1047.9591266673378,1047.9591266673378,-2403.1619413372864,-2403.1619413372864,-2403.1619413372864,0.0,0.0,0.0,21666.696519223013
2010-01-16,23025.410932790528,-13251.58302551861,11544.105791493956,23025.410932790528,23025.410932790528,-24007.80114640641,-24007.80114640641,-24007.80114640641,-21993.077024899438,-21993.077024899438,-21993.077024899438,-2014.7241215069735,-2014.7241215069735,-2014.7241215069735,0.0,0.0,0.0,-982.3902136158831
2010-01-17,23028.92253168809,5075.544992255313,29988.021335793583,23028.92253168809,23028.92253168809,-5652.0543372594775,-5652.0543372594775,-5652.0543372594775,-3895.1916036343496,-3895.1916036343496,-3895.1916036343496,-1756.8627336251277,-1756.8627336251277,-1756.8627336251277,0.0,0.0,0.0,17376.868194428615
2010-01-18,23032.434130585654,11337.444378190095,37605.52127733418,23032.434130585654,23032.434130585654,2254.293696226303,2254.293696226303,2254.293696226303,3883.1119160496683,3883.1119160496683,3883.1119160496683,-1628.8182198233653,-1628.8182198233653,-1628.8182198233653,0.0,0.0,0.0,25286.727826811955
2010-01-19,23035.94572948322,14187.043777337654,40583.851313745494,23035.94572948322,23035.94572948322,4999.212196827645,4999.212196827645,4999.212196827645,6625.862082275059,6625.862082275059,6625.862082275059,-1626.6498854474141,-1626.6498854474141,-1626.6498854474141,0.0,0.0,0.0,28035.157926310865
2010-01-20,23039.457328380788,12095.684974219483,38404.96746925992,23039.457328380788,23039.457328380788,2023.9535052314163,2023.9535052314163,2023.9535052314163,3767.3797184371697,3767.3797184371697,3767.3797184371697,-1743.4262132057538,-1743.4262132057538,-1743.4262132057538,0.0,0.0,0.0,25063.410833612204
2010-01-21,23042.968927278347,17984.072207234793,43856.31938437325,23042.968927278347,23042.968927278347,8594.470571187592,8594.470571187592,8594.470571187592,10563.95578506577,10563.95578506577,10563.95578506577,-1969.4852138781785,-1969.4852138781785,-1969.4852138781785,0.0,0.0,0.0,31637.439498465938
2010-01-22,23046.480526175914,8854.429624028706,34440.35308310811,23046.480526175914,23046.480526175914,-1244.7979704407328,-1244.7979704407328,-1244.7979704407328,1047.9591266786642,1047.9591266786642,1047.9591266786642,-2292.757097119397,-2292.757097119397,-2292.757097119397,0.0,0.0,0.0,21801.68255573518
2010-01-23,23049.99212507348,-15068.843650344583,11324.685918446046,23049.99212507348,23049.99212507348,-24692.21702570356,-24692.21702570356,-24692.21702570356,-21993.077024908634,-21993.077024908634,-21993.077024908634,-2699.1400007949246,-2699.1400007949246,-2699.1400007949246,0.0,0.0,0.0,-1642.2249006300808
2010-01-24,23053.503723971047,3897.385778402483,28263.963030406943,23053.503723971047,23053.503723971047,-7068.109836565881,-7068.109836565881,-7068.109836565881,-3895.191603620059,-3895.191603620059,-3895.191603620059,-3172.918232945822,-3172.918232945822,-3172.918232945822,0.0,0.0,0.0,15985.393887405167
2010-01-25,23057.01532286861,10434.51379040171,35790.43266818506,23057.01532286861,23057.01532286861,185.9004253060947,185.9004253060947,185.9004253060947,3883.1119160565645,3883.1119160565645,3883.1119160565645,-3697.2114907504697,-3697.2114907504697,-3697.2114907504697,0.0,0.0,0.0,23242.915748174706
2010-01-26,23060.52692144841,12230.770767897851,38005.86476412913,23060.52692144841,23060.52692144841,2371.4192316366875,2371.4192316366875,2371.4192316366875,6625.862082265123,6625.862082265123,6625.862082265123,-4254.442850628436,-4254.442850628436,-4254.442850628436,0.0,0.0,0.0,25431.946153085097
2010-01-27,23064.03852002821,9337.229292928127,35242.95672738036,23064.03852002821,23064.03852002821,-1059.4332711327777,-1059.4332711327777,-1059.4332711327777,3767.3797184049145,3767.3797184049145,3767.3797184049145,-4826.8129895376915,-4826.8129895376915,-4826.8129895376915,0.0,0.0,0.0,22004.605248895434
2010-01-28,23067.55011860801,15005.879612429879,40479.155444601296,23067.55011860801,23067.55011860801,5167.187679150535,5167.187679150535,5167.187679150535,10563.955785088192,10563.955785088192,10563.955785088192,-5396.768105937656,-5396.768105937656,-5396.768105937656,0.0,0.0,0.0,28234.737797758546
2010-01-29,23071.061717187815,4804.549370137398,29830.037923192307,23071.061717187815,23071.061717187815,-4899.49023068865,-4899.49023068865,-4899.49023068865,1047.9591266674254,1047.9591266674254,1047.9591266674254,-5947.449357356075,-5947.449357356075,-5947.449357356075,0.0,0.0,0.0,18171.571486499164
2010-01-30,23074.573315767615,-19181.134495079907,7539.276842853881,23074.573315767615,23074.573315767615,-28456.18933254419,-28456.18933254419,-28456.18933254419,-21993.077024893442,-21993.077024893442,-21993.077024893442,-6463.112307650748,-6463.112307650748,-6463.112307650748,0.0,0.0,0.0,-5381.616016776574
2010-01-31,23078.084914347415,-592.5450697214685,25128.53123067717,23078.084914347415,23078.084914347415,-10824.697463106822,-10824.697463106822,-10824.697463106822,-3895.191603604772,-3895.191603604772,-3895.191603604772,-6929.505859502052,-6929.505859502052,-6929.505859502052,0.0,0.0,0.0,12253.387451240593
2010-02-01,23081.596512927215,7007.525090196846,32569.25983710782,23081.596512927215,23081.596512927215,-3451.0894906428107,-3451.0894906428107,-3451.0894906428107,3883.111916063461,3883.111916063461,3883.111916063461,-7334.201406706272,-7334.201406706272,-7334.201406706272,0.0,0.0,0.0,19630.507022284404
2010-02-02,23085.108111507016,9839.143516379076,34965.92725342103,23085.108111507016,23085.108111507016,-1041.0023569098341,-1041.0023569098341,-1041.0023569098341,6625.862082291165,6625.862082291165,6625.862082291165,-7666.864439200999,-7666.864439200999,-7666.864439200999,0.0,0.0,0.0,22044.10575459718
2010-02-03,23088.619710086816,6444.036804996437,31142.062624205373,23088.619710086816,23088.619710086816,-4152.082808947526,-4152.082808947526,-4152.082808947526,3767.3797184172386,3767.3797184172386,3767.3797184172386,-7919.462527364765,-7919.462527364765,-7919.462527364765,0.0,0.0,0.0,18936.53690113929
2010-02-04,23092.131308666616,12930.071477964886,39262.50412790183,23092.131308666616,23092.131308666616,2477.5503326367357,2477.5503326367357,2477.5503326367357,10563.95578505313,10563.95578505313,10563.95578505313,-8086.405452416394,-8086.405452416394,-8086.405452416394,0.0,0.0,0.0,25569.681641303352
2010-02-05,23095.642907246416,1776.5614552876905,28799.097615312487,23095.642907246416,23095.642907246416,-7116.656056767668,-7116.656056767668,-7116.656056767668,1047.9591266561847,1047.9591266561847,1047.9591266561847,-8164.615183423852,-8164.615183423852,-8164.615183423852,0.0,0.0,0.0,15978.986850478748
2010-02-06,23099.15450709406,-19943.039739154505,5775.483381993822,23099.15450709406,23099.15450709406,-30146.60239885078,-30146.60239885078,-30146.60239885078,-21993.0770249117,-21993.0770249117,-21993.0770249117,-8153.5253739390755,-8153.5253739390755,-8153.5253739390755,0.0,0.0,0.0,-7047.447891756721
2010-02-07,23102.666106941702,-1901.8669467257685,23256.907034382828,23102.666106941702,23102.666106941702,-11950.203610170433,-11950.203610170433,-11950.203610170433,-3895.19160363052,-3895.19160363052,-3895.19160363052,-8055.012006539915,-8055.012006539915,-8055.012006539915,0.0,0.0,0.0,11152.46249677127
2010-02-08,23106.177706789345,6852.806321896903,31732.15979274495,23106.177706789345,23106.177706789345,-3990.146780858134,-3990.146780858134,-3990.146780858134,3883.1119160464827,3883.1119160464827,3883.1119160464827,-7873.258696904617,-7873.258696904617,-7873.258696904617,0.0,0.0,0.0,19116.030925931213
2010-02-09,23109.68930663699,9182.839071147919,34872.720470692715,23109.68930663699,23109.68930663699,-988.6998459076491,-988.6998459076491,-988.6998459076491,6625.862082281229,6625.862082281229,6625.862082281229,-7614.5619281888785,-7614.5619281888785,-7614.5619281888785,0.0,0.0,0.0,22120.98946072934
2010-02-10,23113.20090648463,5942.623358688729,32849.68762694307,23113.20090648463,23113.20090648463,-3519.70335438175,-3519.70335438175,-3519.70335438175,3767.3797184010427,3767.3797184010427,3767.3797184010427,-7287.083072782793,-7287.083072782793,-7287.083072782793,0.0,0.0,0.0,19593.497552102883
2010-02-11,23116.712506332275,14391.453374702705,39276.50358298892,23116.712506332275,23116.712506332275,3663.4003559034277,3663.4003559034277,3663.4003559034277,10563.95578507466,10563.95578507466,10563.95578507466,-6900.555429171234,-6900.555429171234,-6900.555429171234,0.0,0.0,0.0,26780.112862235703
2010-02-12,23120.22410617992,4830.714536634561,30435.146945232536,23120.22410617992,23120.22410617992,-5417.996493112112,-5417.996493112112,-5417.996493112112,1047.9591266449452,1047.9591266449452,1047.9591266449452,-6465.955619757057,-6465.955619757057,-6465.955619757057,0.0,0.0,0.0,17702.227613067807
2010-02-13,23123.73570602756,-17886.928272875477,8221.208491697076,23123.73570602756,23123.73570602756,-27988.226557095037,-27988.226557095037,-27988.226557095037,-21993.07702489651,-21993.07702489651,-21993.07702489651,-5995.1495321985285,-5995.1495321985285,-5995.1495321985285,0.0,0.0,0.0,-4864.490851067476
2010-02-14,23127.247305875204,1475.670127870795,26424.41809936852,23127.247305875204,23127.247305875204,-9395.7151248699,-9395.7151248699,-9395.7151248699,-3895.191603615731,-3895.191603615731,-3895.191603615731,-5500.52352125417,-5500.52352125417,-5500.52352125417,0.0,0.0,0.0,13731.532181005305
2010-02-15,23130.75890572285,9545.29524102643,35714.4924688531,23130.75890572285,23130.75890572285,-1111.4998922034063,-1111.4998922034063,-1111.4998922034063,3883.1119160664693,3883.1119160664693,3883.1119160664693,-4994.611808269876,-4994.611808269876,-4994.611808269876,0.0,0.0,0.0,22019.259013519444
2010-02-16,23134.270505570494,12320.97558867014,38393.78370559395,23134.270505570494,23134.270505570494,2136.131163633179,2136.131163633179,2136.131163633179,6625.862082261088,6625.862082261088,6625.862082261088,-4489.730918627909,-4489.730918627909,-4489.730918627909,0.0,0.0,0.0,25270.40166920367
2010-02-17,23137.782104592807,11259.891130972464,36068.14294474953,23137.782104592807,23137.782104592807,-230.25187148122487,-230.25187148122487,-230.25187148122487,3767.3797184418872,3767.3797184418872,3767.3797184418872,-3997.6315899231117,-3997.6315899231117,-3997.6315899231117,0.0,0.0,0.0,22907.53023311158
2010-02-18,23141.293703615123,17973.375552469588,42635.94043871986,23141.293703615123,23141.293703615123,7034.777904431111,7034.777904431111,7034.777904431111,10563.955785097083,10563.955785097083,10563.955785097083,-3529.1778806659736,-3529.1778806659736,-3529.1778806659736,0.0,0.0,0.0,30176.071608046233
2010-02-19,23144.80530263744,7949.639482755999,33134.897200036314,23144.80530263744,23144.80530263744,-2046.103107823069,-2046.103107823069,-2046.103107823069,1047.9591266562725,1047.9591266562725,1047.9591266562725,-3094.0622344793414,-3094.0622344793414,-3094.0622344793414,0.0,0.0,0.0,21098.70219481437
2010-02-20,23148.316901659753,-14341.584444045311,10839.930798027755,23148.316901659753,23148.316901659753,-24693.641064414707,-24693.641064414707,-24693.641064414707,-21993.077024902574,-21993.077024902574,-21993.077024902574,-2700.564039512132,-2700.564039512132,-2700.564039512132,0.0,0.0,0.0,-1545.3241627549542
2010-02-21,23151.828500682066,3699.1167747749773,30335.92959223967,23151.828500682066,23151.828500682066,-6250.549408638639,-6250.549408638639,-6250.549408638639,-3895.191603600442,-3895.191603600442,-3895.191603600442,-2355.357805038198,-2355.357805038198,-2355.357805038198,0.0,0.0,0.0,16901.279092043427
2010-02-22,23155.340099704383,11369.608647977828,37577.80479690165,23155.340099704383,23155.340099704383,1819.7364154746845,1819.7364154746845,1819.7364154746845,3883.1119160602757,3883.1119160602757,3883.1119160602757,-2063.3755005855915,-2063.3755005855915,-2063.3755005855915,0.0,0.0,0.0,24975.076515179066
2010-02-23,23158.8516987267,14516.283802002295,40712.54647546761,23158.8516987267,23158.8516987267,4798.13616705345,4798.13616705345,4798.13616705345,6625.862082264039,6625.862082264039,6625.862082264039,-1827.7259152105885,-1827.7259152105885,-1827.7259152105885,0.0,0.0,0.0,27956.98786578015
2010-02-24,23162.363297749016,12876.34361717084,38176.114361875014,23162.363297749016,23162.363297749016,2117.7075719707245,2117.7075719707245,2117.7075719707245,3767.379718409633,3767.379718409633,3767.379718409633,-1649.672146438908,-1649.672146438908,-1649.672146438908,0.0,0.0,0.0,25280.07086971974
2010-02-25,23165.87489677133,19511.13255122575,45838.77772688735,23165.87489677133,23165.87489677133,9035.289213283872,9035.289213283872,9035.289213283872,10563.955785090318,10563.955785090318,10563.955785090318,-1528.6665718064473,-1528.6665718064473,-1528.6665718064473,0.0,0.0,0.0,32201.1641100552
2010-02-26,23169.386495793642,10381.630914079438,35667.37186852098,23169.386495793642,23169.386495793642,-414.48181606836033,-414.48181606836033,-414.48181606836033,1047.9591266675031,1047.9591266675031,1047.9591266675031,-1462.4409427358637,-1462.4409427358637,-1462.4409427358637,0.0,0.0,0.0,22754.90467972528
2010-02-27,23172.898094815962,-12605.074241313254,12737.504641060314,23172.898094815962,23172.898094815962,-23440.224645555118,-23440.224645555118,-23440.224645555118,-21993.077024908645,-21993.077024908645,-21993.077024908645,-1447.147620646472,-1447.147620646472,-1447.147620646472,0.0,0.0,0.0,-267.3265507391552
2010-02-28,23176.409696945262,5673.1546631430465,31084.500928452002,23176.409696945262,23176.409696945262,-5372.738099341528,-5372.738099341528,-5372.738099341528,-3895.1916035861536,-3895.1916035861536,-3895.1916035861536,-1477.546495755375,-1477.546495755375,-1477.546495755375,0.0,0.0,0.0,17803.671597603734
2010-03-01,23179.92129907456,12374.481821911231,38687.857472594114,23179.92129907456,23179.92129907456,2335.8810838219947,2335.8810838219947,2335.8810838219947,3883.111916043295,3883.111916043295,3883.111916043295,-1547.2308322213,-1547.2308322213,-1547.2308322213,0.0,0.0,0.0,25515.802382896552
2010-03-02,23183.432901203858,15677.142977107831,41171.23974597706,23183.432901203858,23183.432901203858,4976.977876402007,4976.977876402007,4976.977876402007,6625.862082277194,6625.862082277194,6625.862082277194,-1648.884205875187,-1648.884205875187,-1648.884205875187,0.0,0.0,0.0,28160.410777605866
2010-03-03,23186.94450333316,12526.306558155944,37723.4348021178,23186.94450333316,23186.94450333316,1992.819845811627,1992.819845811627,1992.819845811627,3767.379718421956,3767.379718421956,3767.379718421956,-1774.5598726103287,-1774.5598726103287,-1774.5598726103287,0.0,0.0,0.0,25179.76434914479
2010-03-04,23190.456105462457,19792.53466318082,45318.340691863,23190.456105462457,23190.456105462457,8647.982436338094,8647.982436338094,8647.982436338094,10563.955785111853,10563.955785111853,10563.955785111853,-1915.9733487737592,-1915.9733487737592,-1915.9733487737592,0.0,0.0,0.0,31838.43854180055
2010-03-05,23193.967707591757,9817.824975401885,34228.668608286745,23193.967707591757,23193.967707591757,-1016.8395870662007,-1016.8395870662007,-1016.8395870662007,1047.9591266788289,1047.9591266788289,1047.9591266788289,-2064.7987137450295,-2064.7987137450295,-2064.7987137450295,0.0,0.0,0.0,22177.12812052556
2010-03-06,23197.479309721057,-13566.231897716587,11691.394291430664,23197.479309721057,23197.479309721057,-24206.036189574414,-24206.036189574414,-24206.036189574414,-21993.077024905648,-21993.077024905648,-21993.077024905648,-2212.9591646687654,-2212.9591646687654,-2212.9591646687654,0.0,0.0,0.0,-1008.5568798533568
2010-03-07,23200.990911850356,3791.359746401747,29369.452340282493,23200.990911850356,23200.990911850356,-6248.09426445649,-6248.09426445649,-6248.09426445649,-3895.191603611903,-3895.191603611903,-3895.191603611903,-2352.902660844587,-2352.902660844587,-2352.902660844587,0.0,0.0,0.0,16952.896647393867
2010-03-08,23204.502513979656,12420.920357449144,37930.222066054266,23204.502513979656,23204.502513979656,1405.2578372918438,1405.2578372918438,1405.2578372918438,3883.1119160501903,3883.1119160501903,3883.1119160501903,-2477.854078758347,-2477.854078758347,-2477.854078758347,0.0,0.0,0.0,24609.7603512715
2010-03-09,23208.014116108952,13958.898568193645,40667.17489865924,23208.014116108952,23208.014116108952,4043.8259440666798,4043.8259440666798,4043.8259440666798,6625.862082267257,6625.862082267257,6625.862082267257,-2582.0361382005776,-2582.0361382005776,-2582.0361382005776,0.0,0.0,0.0,27251.840060175633
2010-03-10,23211.525718238252,11197.89143462721,36344.65352339078,23211.525718238252,23211.525718238252,1106.5272904247083,1106.5272904247083,1106.5272904247083,3767.37971843428,3767.37971843428,3767.37971843428,-2660.852428009572,-2660.852428009572,-2660.852428009572,0.0,0.0,0.0,24318.05300866296
2010-03-11,23215.037322447148,18317.048368039537,44266.446319017334,23215.037322447148,23215.037322447148,7852.928662551332,7852.928662551332,7852.928662551332,10563.955785076792,10563.955785076792,10563.955785076792,-2711.0271225254596,-2711.0271225254596,-2711.0271225254596,0.0,0.0,0.0,31067.965984998482
2010-03-12,23218.548926656047,8840.402276655748,34699.92189909523,23218.548926656047,23218.548926656047,-1682.7382704722827,-1682.7382704722827,-1682.7382704722827,1047.9591267350977,1047.9591267350977,1047.9591267350977,-2730.69739720738,-2730.69739720738,-2730.69739720738,0.0,0.0,0.0,21535.810656183763
2010-03-13,23222.060530864943,-13680.949580520319,10859.58479804935,23222.060530864943,23222.060530864943,-24712.533104827937,-24712.533104827937,-24712.533104827937,-21993.07702489952,-21993.07702489952,-21993.07702489952,-2719.456079928416,-2719.456079928416,-2719.456079928416,0.0,0.0,0.0,-1490.472573962994
2010-03-14,23225.572135073835,3122.8072080989805,29885.303713042733,23225.572135073835,23225.572135073835,-6573.535269792027,-6573.535269792027,-6573.535269792027,-3895.1916035971135,-3895.1916035971135,-3895.1916035971135,-2678.3436661949136,-2678.3436661949136,-2678.3436661949136,0.0,0.0,0.0,16652.036865281807
2010-03-15,23229.08373928273,12307.37556355068,37651.21088579414,23229.08373928273,23229.08373928273,1273.3214830157738,1273.3214830157738,1273.3214830157738,3883.1119160463045,3883.1119160463045,3883.1119160463045,-2609.7904330305314,-2609.7904330305314,-2609.7904330305314,0.0,0.0,0.0,24502.405222298505
2010-03-16,23232.59534349163,13957.14365001944,39276.29045623324,23232.59534349163,23232.59534349163,4108.351123544911,4108.351123544911,4108.351123544911,6625.862082280413,6625.862082280413,6625.862082280413,-2517.5109587355014,-2517.5109587355014,-2517.5109587355014,0.0,0.0,0.0,27340.94646703654
2010-03-17,23236.106947700526,12213.233453543991,37854.25120115363,23236.106947700526,23236.106947700526,1361.0248719769654,1361.0248719769654,1361.0248719769654,3767.3797184305463,3767.3797184305463,3767.3797184305463,-2406.354846453581,-2406.354846453581,-2406.354846453581,0.0,0.0,0.0,24597.131819677492
2010-03-18,23239.61855190942,18586.624604284476,44701.08903082784,23239.61855190942,23239.61855190942,8281.836971583634,8281.836971583634,8281.836971583634,10563.955785099213,10563.955785099213,10563.955785099213,-2282.1188135155785,-2282.1188135155785,-2282.1188135155785,0.0,0.0,0.0,31521.455523493056
2010-03-19,23243.130156118317,8910.29847199773,35370.11699689732,23243.130156118317,23243.130156118317,-1103.367378391019,-1103.367378391019,-1103.367378391019,1047.959126701387,1047.959126701387,1047.959126701387,-2151.3265050924056,-2151.3265050924056,-2151.3265050924056,0.0,0.0,0.0,22139.762777727297
2010-03-20,23246.641760327217,-12382.866908184013,11379.672710289324,23246.641760327217,23246.641760327217,-24014.06040890392,-24014.06040890392,-24014.06040890392,-21993.077024905593,-21993.077024905593,-21993.077024905593,-2020.9833839983219,-2020.9833839983219,-2020.9833839983219,0.0,0.0,0.0,-767.4186485767023
2010-03-21,23250.153364536112,4790.822158493228,29785.943886177516,23250.153364536112,23250.153364536112,-5793.506412866417,-5793.506412866417,-5793.506412866417,-3895.1916035823238,-3895.1916035823238,-3895.1916035823238,-1898.3148092840934,-1898.3148092840934,-1898.3148092840934,0.0,0.0,0.0,17456.646951669696
2010-03-22,23253.664970024398,12795.767794013536,38707.637344214,23253.664970024398,23253.664970024398,2092.6159937342472,2092.6159937342472,2092.6159937342472,3883.1119160555095,3883.1119160555095,3883.1119160555095,-1790.4959223212627,-1790.4959223212627,-1790.4959223212627,0.0,0.0,0.0,25346.280963758647
2010-03-23,23257.176575512687,16668.70401220411,41085.90527814379,23257.176575512687,23257.176575512687,4921.479886327999,4921.479886327999,4921.479886327999,6625.86208226027,6625.86208226027,6625.86208226027,-1704.3821959322713,-1704.3821959322713,-1704.3821959322713,0.0,0.0,0.0,28178.656461840685
2010-03-24,23260.68818100098,13405.279342463138,39073.057127446074,23260.68818100098,23260.68818100098,2121.1302548311432,2121.1302548311432,2121.1302548311432,3767.3797184143514,3767.3797184143514,3767.3797184143514,-1646.249463583208,-1646.249463583208,-1646.249463583208,0.0,0.0,0.0,25381.818435832123
2010-03-25,23264.199786489266,19027.479219764366,44497.54574550203,23264.199786489266,23264.199786489266,8942.40385128141,8942.40385128141,8942.40385128141,10563.955785092448,10563.955785092448,10563.955785092448,-1621.5519338110405,-1621.5519338110405,-1621.5519338110405,0.0,0.0,0.0,32206.603637770677
2010-03-26,23267.71139197756,10457.461649984047,36075.186520088624,23267.71139197756,23267.71139197756,-586.7469935885671,-586.7469935885671,-586.7469935885671,1047.9591266676769,1047.9591266676769,1047.9591266676769,-1634.706120256244,-1634.706120256244,-1634.706120256244,0.0,0.0,0.0,22680.96439838899
2010-03-27,23271.222997465844,-13139.990563696623,11911.255217329372,23271.222997465844,23271.222997465844,-23681.984823072453,-23681.984823072453,-23681.984823072453,-21993.077024899467,-21993.077024899467,-21993.077024899467,-1688.9077981729824,-1688.9077981729824,-1688.9077981729824,0.0,0.0,0.0,-410.7618256066089
2010-03-28,23274.734602954137,4721.917009185703,30811.55022487414,23274.734602954137,23274.734602954137,-5681.179663410568,-5681.179663410568,-5681.179663410568,-3895.1916036085718,-3895.1916036085718,-3895.1916036085718,-1785.9880598019954,-1785.9880598019954,-1785.9880598019954,0.0,0.0,0.0,17593.55493954357
2010-03-29,23278.246208442422,12025.438819018003,37792.41113158862,23278.246208442422,23278.246208442422,1956.79860047594,1956.79860047594,1956.79860047594,3883.1119160493145,3883.1119160493145,3883.1119160493145,-1926.3133155733738,-1926.3133155733738,-1926.3133155733738,0.0,0.0,0.0,25235.044808918363
2010-03-30,23281.757813930715,14728.947327932176,40772.57025073729,23281.757813930715,23281.757813930715,4517.129368719007,4517.129368719007,4517.129368719007,6625.862082273427,6625.862082273427,6625.862082273427,-2108.732713554421,-2108.732713554421,-2108.732713554421,0.0,0.0,0.0,27798.887182649723
2010-03-31,23285.269419419,11683.831650586562,37844.99833844335,23285.269419419,23285.269419419,1436.8047502815177,1436.8047502815177,1436.8047502815177,3767.379718426675,3767.379718426675,3767.379718426675,-2330.5749681451575,-2330.5749681451575,-2330.5749681451575,0.0,0.0,0.0,24722.074169700518
2010-04-01,23288.781024907294,18707.216173329805,44253.265966197556,23288.781024907294,23288.781024907294,7976.2607392547725,7976.2607392547725,7976.2607392547725,10563.955785086571,10563.955785086571,10563.955785086571,-2587.695045831802,-2587.695045831802,-2587.695045831802,0.0,0.0,0.0,31265.041764162066
2010-04-02,23292.292628958992,8248.083201333817,33835.2913084953,23292.292628958992,23292.292628958992,-1826.610471501541,-1826.610471501541,-1826.610471501541,1047.959126723944,1047.959126723944,1047.959126723944,-2874.5695982254847,-2874.5695982254847,-2874.5695982254847,0.0,0.0,0.0,21465.68215745745
2010-04-03,23295.804233010687,-13600.671519427706,10688.733909317934,23295.804233010687,23295.804233010687,-25177.515532743197,-25177.515532743197,-25177.515532743197,-21993.07702490866,-21993.07702490866,-21993.07702490866,-3184.4385078345354,-3184.4385078345354,-3184.4385078345354,0.0,0.0,0.0,-1881.7112997325094
2010-04-04,23299.315837062386,2813.437671864004,28179.742289758382,23299.315837062386,23299.315837062386,-7404.680070248899,-7404.680070248899,-7404.680070248899,-3895.1916035932827,-3895.1916035932827,-3895.1916035932827,-3509.4884666556163,-3509.4884666556163,-3509.4884666556163,0.0,0.0,0.0,15894.635766813488
2010-04-05,23302.82744111408,10779.786375367858,35449.663940087376,23302.82744111408,23302.82744111408,42.03873056001684,42.03873056001684,42.03873056001684,3883.11191605621,3883.11191605621,3883.11191605621,-3841.073185496193,-3841.073185496193,-3841.073185496193,0.0,0.0,0.0,23344.866171674097
2010-04-06,23306.33904516578,12403.50844357745,38397.56674985288,23306.33904516578,23306.33904516578,2455.8984090281797,2455.8984090281797,2455.8984090281797,6625.862082286583,6625.862082286583,6625.862082286583,-4169.963673258404,-4169.963673258404,-4169.963673258404,0.0,0.0,0.0,25762.23745419396
2010-04-07,23309.850649217475,10675.942708057943,35299.22484732309,23309.850649217475,23309.850649217475,-719.2413468944247,-719.2413468944247,-719.2413468944247,3767.379718410478,3767.379718410478,3767.379718410478,-4486.621065304902,-4486.621065304902,-4486.621065304902,0.0,0.0,0.0,22590.60930232305
2010-04-08,23313.362253269173,15956.371809825376,41762.69177861198,23313.362253269173,23313.362253269173,5782.472037264683,5782.472037264683,5782.472037264683,10563.955785080694,10563.955785080694,10563.955785080694,-4781.4837478160125,-4781.4837478160125,-4781.4837478160125,0.0,0.0,0.0,29095.834290533858
2010-04-09,23316.873857320872,6454.517389232293,31955.989921700148,23316.873857320872,23316.873857320872,-3997.30091619441,-3997.30091619441,-3997.30091619441,1047.9591266902353,1047.9591266902353,1047.9591266902353,-5045.260042884645,-5045.260042884645,-5045.260042884645,0.0,0.0,0.0,19319.572941126462
2010-04-10,23320.38546137257,-17256.415006235165,8971.927326366704,23320.38546137257,23320.38546137257,-27262.294526720827,-27262.294526720827,-27262.294526720827,-21993.077024902537,-21993.077024902537,-21993.077024902537,-5269.217501818291,-5269.217501818291,-5269.217501818291,0.0,0.0,0.0,-3941.9090653482563
2010-04-11,23323.897065424266,1161.5596944951853,27610.674917703982,23323.897065424266,23323.897065424266,-9340.651512072995,-9340.651512072995,-9340.651512072995,-3895.1916035784957,-3895.1916035784957,-3895.1916035784957,-5445.4599084944975,-5445.4599084944975,-5445.4599084944975,0.0,0.0,0.0,13983.245553351271
2010-04-12,23327.408669475964,9079.238184676748,33877.88814503176,23327.408669475964,23327.408669475964,-1684.0715031672871,-1684.0715031672871,-1684.0715031672871,3883.111916050016,3883.111916050016,3883.111916050016,-5567.183419217303,-5567.183419217303,-5567.183419217303,0.0,0.0,0.0,21643.337166308676
2010-04-13,23330.920271536153,11924.374811394884,37701.77549149813,23330.920271536153,23330.920271536153,996.958231476379,996.958231476379,996.958231476379,6625.862082266442,6625.862082266442,6625.862082266442,-5628.903850790062,-5628.903850790062,-5628.903850790062,0.0,0.0,0.0,24327.878503012533
2010-04-14,23334.43187359634,9359.135710275537,34838.83739535321,23334.43187359634,23334.43187359634,-1859.2682387297407,-1859.2682387297407,-1859.2682387297407,3767.379718435263,3767.379718435263,3767.379718435263,-5626.647957165003,-5626.647957165003,-5626.647957165003,0.0,0.0,0.0,21475.1636348666
2010-04-15,23337.94347565653,16376.42698935399,41200.47237703168,23337.94347565653,23337.94347565653,5005.85320278858,5005.85320278858,5005.85320278858,10563.955785073933,10563.955785073933,10563.955785073933,-5558.102582285353,-5558.102582285353,-5558.102582285353,0.0,0.0,0.0,28343.796678445113
2010-04-16,23341.45507771672,5658.963642241543,32069.888268821036,23341.45507771672,23341.45507771672,-4374.757684791056,-4374.757684791056,-4374.757684791056,1047.9591266789942,1047.9591266789942,1047.9591266789942,-5422.71681147005,-5422.71681147005,-5422.71681147005,0.0,0.0,0.0,18966.697392925664
2010-04-17,23344.966679776906,-16950.855788919886,9792.627301561806,23344.966679776906,23344.966679776906,-27214.830653810448,-27214.830653810448,-27214.830653810448,-21993.07702489641,-21993.07702489641,-21993.07702489641,-5221.753628914035,-5221.753628914035,-5221.753628914035,0.0,0.0,0.0,-3869.863974033542
2010-04-18,23348.478281837095,2107.4206534313967,26452.746596195982,23348.478281837095,23348.478281837095,-8853.480686968793,-8853.480686968793,-8853.480686968793,-3895.191603645781,-3895.191603645781,-3895.191603645781,-4958.289083323012,-4958.289083323012,-4958.289083323012,0.0,0.0,0.0,14494.997594868302
2010-04-19,23351.989883897284,9232.75952244571,35132.41842327058,23351.989883897284,23351.989883897284,-754.046606540037,-754.046606540037,-754.046606540037,3883.111916046127,3883.111916046127,3883.111916046127,-4637.1585225861645,-4637.1585225861645,-4637.1585225861645,0.0,0.0,0.0,22597.943277357248
2010-04-20,23355.501485957473,12211.550583202124,38553.51245099367,23355.501485957473,23355.501485957473,2361.011046986763,2361.011046986763,2361.011046986763,6625.862082279596,6625.862082279596,6625.862082279596,-4264.8510352928315,-4264.8510352928315,-4264.8510352928315,0.0,0.0,0.0,25716.512532944238
2010-04-21,23359.01308801766,10203.159534613316,35815.09961231802,23359.01308801766,23359.01308801766,-81.97506592797941,-81.97506592797941,-81.97506592797941,3767.379718419068,3767.379718419068,3767.379718419068,-3849.3547843470474,-3849.3547843470474,-3849.3547843470474,0.0,0.0,0.0,23277.03802208968
2010-04-22,23362.524690077847,18655.240824537617,42765.12766843764,23362.524690077847,23362.524690077847,7163.998395077477,7163.998395077477,7163.998395077477,10563.955785067168,10563.955785067168,10563.955785067168,-3399.957389989691,-3399.957389989691,-3399.957389989691,0.0,0.0,0.0,30526.523085155324
2010-04-23,23366.036291246462,7748.277009356801,33539.38983546383,23366.036291246462,23366.036291246462,-1879.0477452206985,-1879.0477452206985,-1879.0477452206985,1047.9591266452835,1047.9591266452835,1047.9591266452835,-2927.006871865982,-2927.006871865982,-2927.006871865982,0.0,0.0,0.0,21486.988546025765
2010-04-24,23369.547892415078,-14302.62233905077,11324.112691122898,23369.547892415078,23369.547892415078,-24434.71687682753,-24434.71687682753,-24434.71687682753,-21993.077024905604,-21993.077024905604,-21993.077024905604,-2441.6398519219256,-2441.6398519219256,-2441.6398519219256,0.0,0.0,0.0,-1065.1689844124521
2010-04-25,23373.059493583693,4556.229025277196,30680.726015935037,23373.059493583693,23373.059493583693,-5850.6763199295865,-5850.6763199295865,-5850.6763199295865,-3895.191603631493,-3895.191603631493,-3895.191603631493,-1955.4847162980946,-1955.4847162980946,-1955.4847162980946,0.0,0.0,0.0,17522.383173654107
2010-04-26,23376.571094752304,12223.612064984789,38495.01195559916,23376.571094752304,23376.571094752304,2402.763711323967,2402.763711323967,2402.763711323967,3883.1119160530243,3883.1119160530243,3883.1119160530243,-1480.3482047290568,-1480.3482047290568,-1480.3482047290568,0.0,0.0,0.0,25779.334806076273
2010-04-27,23380.08269592092,16665.92442031833,41459.119638162134,23380.08269592092,23380.08269592092,5597.967664720177,5597.967664720177,5597.967664720177,6625.8620822696585,6625.8620822696585,6625.8620822696585,-1027.8944175494817,-1027.8944175494817,-1027.8944175494817,0.0,0.0,0.0,28978.050360641097
2010-04-28,23383.594297089534,13994.282855267735,39755.71136244568,23383.594297089534,23383.594297089534,3158.054231568091,3158.054231568091,3158.054231568091,3767.379718443851,3767.379718443851,3767.379718443851,-609.3254868757604,-609.3254868757604,-609.3254868757604,0.0,0.0,0.0,26541.648528657624
2010-04-29,23387.10589825815,20225.53106033778,45925.89935542049,23387.10589825815,23387.10589825815,10328.882642640034,10328.882642640034,10328.882642640034,10563.955785089589,10563.955785089589,10563.955785089589,-235.07314244955592,-235.07314244955592,-235.07314244955592,0.0,0.0,0.0,33715.98854089818
2010-04-30,23390.617499426764,11432.365022769034,38298.70325717051,23390.617499426764,23390.617499426764,1133.449012777035,1133.449012777035,1133.449012777035,1047.9591266790808,1047.9591266790808,1047.9591266790808,85.48988609795423,85.48988609795423,85.48988609795423,0.0,0.0,0.0,24524.066512203797
2010-05-01,23394.12910059538,-10682.97500346774,14341.421995841974,23394.12910059538,23394.12910059538,-21648.766783045194,-21648.766783045194,-21648.766783045194,-21993.07702489948,-21993.07702489948,-21993.07702489948,344.3102418542866,344.3102418542866,344.3102418542866,0.0,0.0,0.0,1745.3623175501853
2010-05-02,23397.64070176399,7315.495160366506,33043.248529586286,23397.64070176399,23397.64070176399,-3360.3131030937516,-3360.3131030937516,-3360.3131030937516,-3895.191603616203,-3895.191603616203,-3895.191603616203,534.8785005224513,534.8785005224513,534.8785005224513,0.0,0.0,0.0,20037.32759867024
2010-05-03,23401.15230293261,15390.952305275594,41035.43219689175,23401.15230293261,23401.15230293261,4535.5232718847965,4535.5232718847965,4535.5232718847965,3883.11191605992,3883.11191605992,3883.11191605992,652.411355824876,652.411355824876,652.411355824876,0.0,0.0,0.0,27936.675574817404
2010-05-04,23404.66390325774,17758.185901426114,43504.01961950362,23404.66390325774,23404.66390325774,7319.848171116077,7319.848171116077,7319.848171116077,6625.862082282815,6625.862082282815,6625.862082282815,693.9860888332607,693.9860888332607,693.9860888332607,0.0,0.0,0.0,30724.512074373815
2010-05-05,23408.175503582872,14274.003256837803,40595.262478865545,23408.175503582872,23408.175503582872,4426.003076779069,4426.003076779069,4426.003076779069,3767.3797184115974,3767.3797184115974,3767.3797184115974,658.6233583674715,658.6233583674715,658.6233583674715,0.0,0.0,0.0,27834.178580361942
2010-05-06,23411.687103908003,22341.338726578484,46982.32395303485,23411.687103908003,23411.687103908003,11111.27163112489,11111.27163112489,11111.27163112489,10563.955785054528,10563.955785054528,10563.955785054528,547.3158460703605,547.3158460703605,547.3158460703605,0.0,0.0,0.0,34522.958735032895
2010-05-07,23415.198704233135,12127.92988933596,37081.98029995461,23415.198704233135,23415.198704233135,1410.9609866113417,1410.9609866113417,1410.9609866113417,1047.95912666784,1047.95912666784,1047.95912666784,363.0018599435016,363.0018599435016,363.0018599435016,0.0,0.0,0.0,24826.159690844477
2010-05-08,23418.710304558266,-10819.731386845433,14385.195232066171,23418.710304558266,23418.710304558266,-21882.592427362924,-21882.592427362924,-21882.592427362924,-21993.077024905553,-21993.077024905553,-21993.077024905553,110.48459754262777,110.48459754262777,110.48459754262777,0.0,0.0,0.0,1536.1178771953419
2010-05-09,23422.221904883398,7351.303955291638,32566.44851793653,23422.221904883398,23422.221904883398,-4098.8922559102075,-4098.8922559102075,-4098.8922559102075,-3895.1916036014154,-3895.1916036014154,-3895.1916036014154,-203.70065230879288,-203.70065230879288,-203.70065230879288,0.0,0.0,0.0,19323.32964897319
2010-05-10,23425.73350520853,13283.260432416531,39833.300942487374,23425.73350520853,23425.73350520853,3311.644336732132,3311.644336732132,3311.644336732132,3883.1119160429403,3883.1119160429403,3883.1119160429403,-571.4675793108078,-571.4675793108078,-571.4675793108078,0.0,0.0,0.0,26737.377841940663
2010-05-11,23429.24510553366,15167.785746927957,41704.6944678161,23429.24510553366,23429.24510553366,5642.459079623735,5642.459079623735,5642.459079623735,6625.862082285766,6625.862082285766,6625.862082285766,-983.4030026620312,-983.4030026620312,-983.4030026620312,0.0,0.0,0.0,29071.704185157396
2010-05-12,23432.75670585879,13233.437578626113,37848.358248259065,23432.75670585879,23432.75670585879,2338.3520533660744,2338.3520533660744,2338.3520533660744,3767.379718395401,3767.379718395401,3767.379718395401,-1429.027665029327,-1429.027665029327,-1429.027665029327,0.0,0.0,0.0,25771.108759224862
2010-05-13,23436.268306183923,20418.99393753391,44849.75242889884,23436.268306183923,23436.268306183923,8666.869612816114,8666.869612816114,8666.869612816114,10563.955785076061,10563.955785076061,10563.955785076061,-1897.0861722599477,-1897.0861722599477,-1897.0861722599477,0.0,0.0,0.0,32103.137919000037
2010-05-14,23439.77990650905,8498.964829484643,35065.2290205842,23439.77990650905,23439.77990650905,-1327.8986161333887,-1327.8986161333887,-1327.8986161333887,1047.9591266566022,1047.9591266566022,1047.9591266566022,-2375.857742789991,-2375.857742789991,-2375.857742789991,0.0,0.0,0.0,22111.881290375663
2010-05-15,23443.29151353188,-14280.732565756052,10848.879126682788,23443.29151353188,23443.29151353188,-24846.55586157347,-24846.55586157347,-24846.55586157347,-21993.077024893482,-21993.077024893482,-21993.077024893482,-2853.4788366799867,-2853.4788366799867,-2853.4788366799867,0.0,0.0,0.0,-1403.26434804159
2010-05-16,23446.803120554705,4262.616238459654,28850.793210200543,23446.803120554705,23446.803120554705,-7213.4600057930675,-7213.4600057930675,-7213.4600057930675,-3895.191603627162,-3895.191603627162,-3895.191603627162,-3318.268402165905,-3318.268402165905,-3318.268402165905,0.0,0.0,0.0,16233.343114761637
2010-05-17,23450.314727577534,11206.30390007555,36679.97734788203,23450.314727577534,23450.314727577534,124.06549857547661,124.06549857547661,124.06549857547661,3883.1119160629273,3883.1119160629273,3883.1119160629273,-3759.0464174874505,-3759.0464174874505,-3759.0464174874505,0.0,0.0,0.0,23574.38022615301
2010-05-18,23453.826334600362,13090.494614822323,39302.557366735804,23453.826334600362,23453.826334600362,2460.425463613665,2460.425463613665,2460.425463613665,6625.8620822758285,6625.8620822758285,6625.8620822758285,-4165.436618662164,-4165.436618662164,-4165.436618662164,0.0,0.0,0.0,25914.251798214027
2010-05-19,23457.33794162319,9402.549130395431,35858.3327452172,23457.33794162319,23457.33794162319,-760.7650652095812,-760.7650652095812,-760.7650652095812,3767.379718436245,3767.379718436245,3767.379718436245,-4528.1447836458265,-4528.1447836458265,-4528.1447836458265,0.0,0.0,0.0,22696.57287641361
2010-05-20,23460.84954864602,16280.267601596699,41951.892720096934,23460.84954864602,23460.84954864602,5724.75110987688,5724.75110987688,5724.75110987688,10563.955785069296,10563.955785069296,10563.955785069296,-4839.204675192418,-4839.204675192418,-4839.204675192418,0.0,0.0,0.0,29185.6006585229
2010-05-21,23464.36115566885,6903.108605104117,32069.711833525198,23464.36115566885,23464.36115566885,-4044.2255804275223,-4044.2255804275223,-4044.2255804275223,1047.9591266679279,1047.9591266679279,1047.9591266679279,-5092.18470709545,-5092.18470709545,-5092.18470709545,0.0,0.0,0.0,19420.135575241326
2010-05-22,23467.872762691677,-17206.820444897665,9195.767675151834,23467.872762691677,23467.872762691677,-27275.426587315138,-27275.426587315138,-27275.426587315138,-21993.07702489955,-21993.07702489955,-21993.07702489955,-5282.349562415584,-5282.349562415584,-5282.349562415584,0.0,0.0,0.0,-3807.553824623461
2010-05-23,23471.384369714502,572.4747438356801,26569.164551674494,23471.384369714502,23471.384369714502,-9301.96392694701,-9301.96392694701,-9301.96392694701,-3895.1916036118755,-3895.1916036118755,-3895.1916036118755,-5406.7723233351335,-5406.7723233351335,-5406.7723233351335,0.0,0.0,0.0,14169.420442767492
2010-05-24,23474.89597673733,8786.125210743861,35217.75462842347,23474.89597673733,23474.89597673733,-1581.2822147098677,-1581.2822147098677,-1581.2822147098677,3883.1119160567323,3883.1119160567323,3883.1119160567323,-5464.3941307666,-5464.3941307666,-5464.3941307666,0.0,0.0,0.0,21893.613762027464
2010-05-25,23478.40758376016,12077.330053431857,38278.68768765667,23478.40758376016,23478.40758376016,1169.8321477550726,1169.8321477550726,1169.8321477550726,6625.862082265892,6625.862082265892,6625.862082265892,-5456.02993451082,-5456.02993451082,-5456.02993451082,0.0,0.0,0.0,24648.239731515234
2010-05-26,23481.91918793679,8157.128707310314,33932.74104416886,23481.91918793679,23481.91918793679,-1616.9407576188883,-1616.9407576188883,-1616.9407576188883,3767.379718403991,3767.379718403991,3767.379718403991,-5384.320476022879,-5384.320476022879,-5384.320476022879,0.0,0.0,0.0,21864.9784303179
2010-05-27,23485.430792113417,15947.74893034914,41806.96158013943,23485.430792113417,23485.430792113417,5310.3235664688655,5310.3235664688655,5310.3235664688655,10563.955785091717,10563.955785091717,10563.955785091717,-5253.632218622853,-5253.632218622853,-5253.632218622853,0.0,0.0,0.0,28795.754358582282
2010-05-28,23488.942396290047,6914.985089037239,32410.8352606666,23488.942396290047,23488.942396290047,-4021.949331481956,-4021.949331481956,-4021.949331481956,1047.9591266791583,1047.9591266791583,1047.9591266791583,-5069.908458161115,-5069.908458161115,-5069.908458161115,0.0,0.0,0.0,19466.99306480809
2010-05-29,23492.454000466678,-16278.067676122617,9084.64320896908,23492.454000466678,23492.454000466678,-26833.553290412907,-26833.553290412907,-26833.553290412907,-21993.077024905622,-21993.077024905622,-21993.077024905622,-4840.476265507283,-4840.476265507283,-4840.476265507283,0.0,0.0,0.0,-3341.099289946229
2010-05-30,23495.96560464331,1123.9171073878856,28114.841377012257,23495.96560464331,23495.96560464331,-8469.006792894792,-8469.006792894792,-8469.006792894792,-3895.1916035975873,-3895.1916035975873,-3895.1916035975873,-4573.815189297204,-4573.815189297204,-4573.815189297204,0.0,0.0,0.0,15026.958811748516
2010-05-31,23499.47720881994,9958.422855150708,35185.392800734815,23499.47720881994,23499.47720881994,-396.18282935878017,-396.18282935878017,-396.18282935878017,3883.111916063629,3883.111916063629,3883.111916063629,-4279.2947454224095,-4279.2947454224095,-4279.2947454224095,0.0,0.0,0.0,23103.29437946116
2010-06-01,23502.98881299657,14164.031368859307,39019.14753064033,23502.98881299657,23502.98881299657,2658.9734755895433,2658.9734755895433,2658.9734755895433,6625.862082281728,6625.862082281728,6625.862082281728,-3966.8886066921855,-3966.8886066921855,-3966.8886066921855,0.0,0.0,0.0,26161.962288586114
2010-06-02,23506.500417173196,11230.070442602526,35301.51254336576,23506.500417173196,23506.500417173196,120.5056623863924,120.5056623863924,120.5056623863924,3767.379718416314,3767.379718416314,3767.379718416314,-3646.8740560299216,-3646.8740560299216,-3646.8740560299216,0.0,0.0,0.0,23627.00607955959
2010-06-03,23510.012021349827,18480.14509090769,44064.022482288194,23510.012021349827,23510.012021349827,7234.430124322897,7234.430124322897,7234.430124322897,10563.955785113252,10563.955785113252,10563.955785113252,-3329.5256607903534,-3329.5256607903534,-3329.5256607903534,0.0,0.0,0.0,30744.442145672725
2010-06-04,23513.523625526457,8786.920865204953,34095.27523794276,23513.523625526457,23513.523625526457,-1976.8531263768743,-1976.8531263768743,-1976.8531263768743,1047.9591266454486,1047.9591266454486,1047.9591266454486,-3024.8122530223227,-3024.8122530223227,-3024.8122530223227,0.0,0.0,0.0,21536.670499149583
2010-06-05,23517.035229703084,-14630.207419953365,11288.345088253644,23517.035229703084,23517.035229703084,-24735.183182679542,-24735.183182679542,-24735.183182679542,-21993.07702491169,-21993.07702491169,-21993.07702491169,-2742.1061577678497,-2742.1061577678497,-2742.1061577678497,0.0,0.0,0.0,-1218.1479529764583
2010-06-06,23520.546834262095,3082.1198568667464,29432.706798419884,23520.546834262095,23520.546834262095,-6385.10480699683,-6385.10480699683,-6385.10480699683,-3895.1916036233356,-3895.1916036233356,-3895.1916036233356,-2489.913203373494,-2489.913203373494,-2489.913203373494,0.0,0.0,0.0,17135.442027265264
2010-06-07,23524.058438821103,12419.215587455956,37407.25273054058,23524.058438821103,23524.058438821103,1607.4805287005192,1607.4805287005192,1607.4805287005192,3883.11191604665,3883.11191604665,3883.11191604665,-2275.631387346131,-2275.631387346131,-2275.631387346131,0.0,0.0,0.0,25131.53896752162
2010-06-08,23527.57004338011,15709.305114086012,40822.89433695752,23527.57004338011,23527.57004338011,4520.51690383715,4520.51690383715,4520.51690383715,6625.862082271794,6625.862082271794,6625.862082271794,-2105.3451784346435,-2105.3451784346435,-2105.3451784346435,0.0,0.0,0.0,28048.08694721726
2010-06-09,23531.08164793912,12633.357513360444,37663.42003928343,23531.08164793912,23531.08164793912,1783.718380646623,1783.718380646623,1783.718380646623,3767.3797184286386,3767.3797184286386,3767.3797184286386,-1983.6613377820154,-1983.6613377820154,-1983.6613377820154,0.0,0.0,0.0,25314.800028585745
2010-06-10,23534.59325249813,20115.03611376323,45122.57732730247,23534.59325249813,23534.59325249813,8650.364912878229,8650.364912878229,8650.364912878229,10563.955785078191,10563.955785078191,10563.955785078191,-1913.5908721999615,-1913.5908721999615,-1913.5908721999615,0.0,0.0,0.0,32184.95816537636
2010-06-11,23538.10485705714,8927.63957042358,35892.88727987868,23538.10485705714,23538.10485705714,-848.5212024519845,-848.5212024519845,-848.5212024519845,1047.959126746753,1047.959126746753,1047.959126746753,-1896.480329198738,-1896.480329198738,-1896.480329198738,0.0,0.0,0.0,22689.583654605154
2010-06-12,23541.616461616148,-12560.771292802847,11773.95294958645,23541.616461616148,23541.616461616148,-23925.07117357657,-23925.07117357657,-23925.07117357657,-21993.077024896495,-21993.077024896495,-21993.077024896495,-1931.994148680072,-1931.994148680072,-1931.994148680072,0.0,0.0,0.0,-383.45471196042126
2010-06-13,23545.128066175155,5940.784485904459,31095.15623086491,23545.128066175155,23545.128066175155,-5913.339848516126,-5913.339848516126,-5913.339848516126,-3895.191603608547,-3895.191603608547,-3895.191603608547,-2018.1482449075797,-2018.1482449075797,-2018.1482449075797,0.0,0.0,0.0,17631.78821765903
2010-06-14,23548.639670734166,12008.339844783186,37766.64167673277,23548.639670734166,23548.639670734166,1731.7184651730583,1731.7184651730583,1731.7184651730583,3883.1119160404546,3883.1119160404546,3883.1119160404546,-2151.393450867396,-2151.393450867396,-2151.393450867396,0.0,0.0,0.0,25280.358135907223
2010-06-15,23552.151275293174,14538.116873529118,40443.70460959617,23552.151275293174,23552.151275293174,4299.116120786019,4299.116120786019,4299.116120786019,6625.86208228495,6625.86208228495,6625.86208228495,-2326.745961498931,-2326.745961498931,-2326.745961498931,0.0,0.0,0.0,27851.267396079194
2010-06-16,23555.66287985218,11664.955149792853,37023.77084916451,23555.66287985218,23555.66287985218,1229.4192111024336,1229.4192111024336,1229.4192111024336,3767.379718440962,3767.379718440962,3767.379718440962,-2537.9605073385283,-2537.9605073385283,-2537.9605073385283,0.0,0.0,0.0,24785.082090954616
2010-06-17,23559.174485621268,18683.769792420462,44535.32165727568,23559.174485621268,23559.174485621268,7786.215067391046,7786.215067391046,7786.215067391046,10563.955785100612,10563.955785100612,10563.955785100612,-2777.7407177095656,-2777.7407177095656,-2777.7407177095656,0.0,0.0,0.0,31345.389553012315
2010-06-18,23562.686091390355,9239.064983759721,33870.17087790868,23562.686091390355,23562.686091390355,-1990.0209041393618,-1990.0209041393618,-1990.0209041393618,1047.959126713043,1047.959126713043,1047.959126713043,-3037.9800308524045,-3037.9800308524045,-3037.9800308524045,0.0,0.0,0.0,21572.665187250994
2010-06-19,23566.197697159438,-14776.401285236141,11711.449256477576,23566.197697159438,23566.197697159438,-25303.102634817245,-25303.102634817245,-25303.102634817245,-21993.077024902566,-21993.077024902566,-21993.077024902566,-3310.0256099146777,-3310.0256099146777,-3310.0256099146777,0.0,0.0,0.0,-1736.9049376578077
2010-06-20,23569.709302928524,3656.557489037234,29310.953341488574,23569.709302928524,23569.709302928524,-7480.148658933086,-7480.148658933086,-7480.148658933086,-3895.191603593756,-3895.191603593756,-3895.191603593756,-3584.95705533933,-3584.95705533933,-3584.95705533933,0.0,0.0,0.0,16089.560643995439
2010-06-21,23573.220908697607,10646.502108324732,35842.0624560125,23573.220908697607,23573.220908697607,29.240630502806965,29.240630502806965,29.240630502806965,3883.1119160604435,3883.1119160604435,3883.1119160604435,-3853.8712855576364,-3853.8712855576364,-3853.8712855576364,0.0,0.0,0.0,23602.461539200413
2010-06-22,23576.732514466694,12564.501230925616,38694.197828479206,23576.732514466694,23576.732514466694,2517.697280988002,2517.697280988002,2517.697280988002,6625.862082264808,6625.862082264808,6625.862082264808,-4108.1648012768055,-4108.1648012768055,-4108.1648012768055,0.0,0.0,0.0,26094.429795454696
2010-06-23,23580.244120235777,9834.077317212643,35918.84359602408,23580.244120235777,23580.244120235777,-572.4249400046665,-572.4249400046665,-572.4249400046665,3767.3797184087084,3767.3797184087084,3767.3797184087084,-4339.804658413375,-4339.804658413375,-4339.804658413375,0.0,0.0,0.0,23007.819180231112
2010-06-24,23583.75572600486,17126.028450448295,42030.72354766501,23583.75572600486,23583.75572600486,6022.375937910282,6022.375937910282,6022.375937910282,10563.955785093847,10563.955785093847,10563.955785093847,-4541.579847183565,-4541.579847183565,-4541.579847183565,0.0,0.0,0.0,29606.13166391514
2010-06-25,23587.267331773946,7366.703389554779,33656.58177917243,23587.267331773946,23587.267331773946,-3659.3662718609808,-3659.3662718609808,-3659.3662718609808,1047.9591267018027,1047.9591267018027,1047.9591267018027,-4707.325398562783,-4707.325398562783,-4707.325398562783,0.0,0.0,0.0,19927.901059912965
2010-06-26,23590.77893754303,-15473.960529842585,11200.11419644567,23590.77893754303,23590.77893754303,-26825.189419980023,-26825.189419980023,-26825.189419980023,-21993.07702489644,-21993.07702489644,-21993.07702489644,-4832.112395083583,-4832.112395083583,-4832.112395083583,0.0,0.0,0.0,-3234.4104824369933
2010-06-27,23594.290543312112,1980.1635642393187,27120.729273286746,23594.290543312112,23594.290543312112,-8807.589728383613,-8807.589728383613,-8807.589728383613,-3895.191603578968,-3895.191603578968,-3895.191603578968,-4912.398124804646,-4912.398124804646,-4912.398124804646,0.0,0.0,0.0,14786.7008149285
2010-06-28,23597.802149474956,9734.840759627881,34556.848152735714,23597.802149474956,23597.802149474956,-1063.0199369019754,-1063.0199369019754,-1063.0199369019754,3883.111916058863,3883.111916058863,3883.111916058863,-4946.131852960838,-4946.131852960838,-4946.131852960838,0.0,0.0,0.0,22534.78221257298
2010-06-29,23601.3137556378,12237.086553834082,38654.49360294645,23601.3137556378,23601.3137556378,1693.0490244520738,1693.0490244520738,1693.0490244520738,6625.862082277963,6625.862082277963,6625.862082277963,-4932.813057825889,-4932.813057825889,-4932.813057825889,0.0,0.0,0.0,25294.362780089872
2010-06-30,23604.825361800642,9497.934477007157,35403.44266218017,23604.825361800642,23604.825361800642,-1106.1207257225753,-1106.1207257225753,-1106.1207257225753,3767.379718421032,3767.379718421032,3767.379718421032,-4873.500444143608,-4873.500444143608,-4873.500444143608,0.0,0.0,0.0,22498.704636078066
2010-07-01,23608.336967963485,16403.954562433268,42320.60645329035,23608.336967963485,23608.336967963485,5793.184220398674,5793.184220398674,5793.184220398674,10563.955785087084,10563.955785087084,10563.955785087084,-4770.771564688409,-4770.771564688409,-4770.771564688409,0.0,0.0,0.0,29401.52118836216
2010-07-02,23611.84857412633,7131.326126287005,32954.032698914234,23611.84857412633,23611.84857412633,-3580.675275407282,-3580.675275407282,-3580.675275407282,1047.9591266905634,1047.9591266905634,1047.9591266905634,-4628.634402097845,-4628.634402097845,-4628.634402097845,0.0,0.0,0.0,20031.173298719048
2010-07-03,23615.36018028917,-15580.494636447045,9921.563341716923,23615.36018028917,23615.36018028917,-26445.470767994913,-26445.470767994913,-26445.470767994913,-21993.077024905633,-21993.077024905633,-21993.077024905633,-4452.39374308928,-4452.39374308928,-4452.39374308928,0.0,0.0,0.0,-2830.1105877057416
2010-07-04,23618.871786452015,2287.2404967318903,28952.334662256166,23618.871786452015,23618.871786452015,-8143.6681741213415,-8143.6681741213415,-8143.6681741213415,-3895.191603604719,-3895.191603604719,-3895.191603604719,-4248.476570516621,-4248.476570516621,-4248.476570516621,0.0,0.0,0.0,15475.203612330673
2010-07-05,23622.383392614855,9815.828233877093,36209.34665191056,23622.383392614855,23622.383392614855,-141.11004729642934,-141.11004729642934,-141.11004729642934,3883.1119160526678,3883.1119160526678,3883.1119160526678,-4024.221963349097,-4024.221963349097,-4024.221963349097,0.0,0.0,0.0,23481.273345318426
2010-07-06,23625.894998777698,14028.621032786814,39189.22485775603,23625.894998777698,23625.894998777698,2838.2199903596525,2838.2199903596525,2838.2199903596525,6625.862082268025,6625.862082268025,6625.862082268025,-3787.6420919083725,-3787.6420919083725,-3787.6420919083725,0.0,0.0,0.0,26464.11498913735
2010-07-07,23629.40660494054,10861.335516485846,37031.74576111121,23629.40660494054,23629.40660494054,220.217925977631,220.217925977631,220.217925977631,3767.3797184048353,3767.3797184048353,3767.3797184048353,-3547.1617924272045,-3547.1617924272045,-3547.1617924272045,0.0,0.0,0.0,23849.624530918172
2010-07-08,23632.918211103384,18650.518033803874,42354.88055106771,23632.918211103384,23632.918211103384,7252.610911584217,7252.610911584217,7252.610911584217,10563.95578508032,10563.95578508032,10563.95578508032,-3311.3448734961016,-3311.3448734961016,-3311.3448734961016,0.0,0.0,0.0,30885.5291226876
2010-07-09,23636.429817557302,9352.977644156008,34741.680138848154,23636.429817557302,23636.429817557302,-2040.6566002295494,-2040.6566002295494,-2040.6566002295494,1047.9591267243593,1047.9591267243593,1047.9591267243593,-3088.6157269539085,-3088.6157269539085,-3088.6157269539085,0.0,0.0,0.0,21595.773217327755
2010-07-10,23639.941424011224,-14202.388803422064,11420.498089447123,23639.941424011224,23639.941424011224,-24880.061998860056,-24880.061998860056,-24880.061998860056,-21993.077024899514,-21993.077024899514,-21993.077024899514,-2886.9849739605424,-2886.9849739605424,-2886.9849739605424,0.0,0.0,0.0,-1240.120574848832
2010-07-11,23643.453030465138,4972.458387847571,30861.07657033602,23643.453030465138,23643.453030465138,-6608.979371825495,-6608.979371825495,-6608.979371825495,-3895.1916035899294,-3895.1916035899294,-3895.1916035899294,-2713.7877682355656,-2713.7877682355656,-2713.7877682355656,0.0,0.0,0.0,17034.473658639643
2010-07-12,23646.964636919056,12839.088223955423,37203.93551446558,23646.964636919056,23646.964636919056,1307.6689104873626,1307.6689104873626,1307.6689104873626,3883.111916046471,3883.111916046471,3883.111916046471,-2575.4430055591088,-2575.4430055591088,-2575.4430055591088,0.0,0.0,0.0,24954.633547406418
2010-07-13,23650.476243372977,15046.413019457981,40657.574101996535,23650.476243372977,23650.476243372977,4148.621019901947,4148.621019901947,4148.621019901947,6625.862082258089,6625.862082258089,6625.862082258089,-2477.2410623561414,-2477.2410623561414,-2477.2410623561414,0.0,0.0,0.0,27799.097263274925
2010-07-14,23653.987849826895,12338.468829648129,37880.529210390225,23653.987849826895,23653.987849826895,1344.2128934362238,1344.2128934362238,1344.2128934362238,3767.37971842962,3767.37971842962,3767.37971842962,-2423.1668249933964,-2423.1668249933964,-2423.1668249933964,0.0,0.0,0.0,24998.200743263118
2010-07-15,23657.499456280813,19277.717939410428,44869.50625757688,23657.499456280813,23657.499456280813,8148.192084266987,8148.192084266987,8148.192084266987,10563.955785075332,10563.955785075332,10563.955785075332,-2415.763700808344,-2415.763700808344,-2415.763700808344,0.0,0.0,0.0,31805.6915405478
2010-07-16,23661.01106273473,9786.431127070551,33968.02304672233,23661.01106273473,23661.01106273473,-1408.083927113567,-1408.083927113567,-1408.083927113567,1047.9591266906493,1047.9591266906493,1047.9591266906493,-2456.043053804217,-2456.043053804217,-2456.043053804217,0.0,0.0,0.0,22252.927135621165
2010-07-17,23664.52266918865,-13154.425209342142,12587.622713770084,23664.52266918865,23664.52266918865,-24536.519144600745,-24536.519144600745,-24536.519144600745,-21993.07702490558,-21993.07702490558,-21993.07702490558,-2543.4421196951635,-2543.4421196951635,-2543.4421196951635,0.0,0.0,0.0,-871.9964754120956
2010-07-18,23668.03427564257,3798.7424719796945,30161.377298187967,23668.03427564257,23668.03427564257,-6571.023571755529,-6571.023571755529,-6571.023571755529,-3895.191603574641,-3895.191603574641,-3895.191603574641,-2675.831968180889,-2675.831968180889,-2675.831968180889,0.0,0.0,0.0,17097.01070388704
2010-07-19,23671.54588209649,11692.055772521093,37563.73081811475,23671.54588209649,23671.54588209649,1033.5363763384069,1033.5363763384069,1033.5363763384069,3883.1119160425856,3883.1119160425856,3883.1119160425856,-2849.575539704179,-2849.575539704179,-2849.575539704179,0.0,0.0,0.0,24705.082258434897
2010-07-20,23675.05749042473,14698.479130861242,41299.53133425992,23675.05749042473,23675.05749042473,3566.227846334659,3566.227846334659,3566.227846334659,6625.862082261039,6625.862082261039,6625.862082261039,-3059.63423592638,-3059.63423592638,-3059.63423592638,0.0,0.0,0.0,27241.28533675939
2010-07-21,23678.56909875297,10997.998311943846,37075.94052529386,23678.56909875297,23678.56909875297,467.6596839235114,467.6596839235114,467.6596839235114,3767.379718413426,3767.379718413426,3767.379718413426,-3299.720034489914,-3299.720034489914,-3299.720034489914,0.0,0.0,0.0,24146.22878267648
2010-07-22,23682.08070708121,18174.03844847027,44329.312252827825,23682.08070708121,23682.08070708121,7001.467109811914,7001.467109811914,7001.467109811914,10563.955785068567,10563.955785068567,10563.955785068567,-3562.488675256653,-3562.488675256653,-3562.488675256653,0.0,0.0,0.0,30683.547816893126
2010-07-23,23685.592315409453,8905.491291302373,33646.94452125475,23685.592315409453,23685.592315409453,-2791.809043470955,-2791.809043470955,-2791.809043470955,1047.9591266569394,1047.9591266569394,1047.9591266569394,-3839.7681701278943,-3839.7681701278943,-3839.7681701278943,0.0,0.0,0.0,20893.783271938497
2010-07-24,23689.103923737694,-14512.781145263947,11256.519495217759,23689.103923737694,23689.103923737694,-26115.892786717963,-26115.892786717963,-26115.892786717963,-21993.077024911647,-21993.077024911647,-21993.077024911647,-4122.815761806317,-4122.815761806317,-4122.815761806317,0.0,0.0,0.0,-2426.788862980269
2010-07-25,23692.615532065935,2791.3848266479426,27409.27732716515,23692.615532065935,23692.615532065935,-8297.787136424344,-8297.787136424344,-8297.787136424344,-3895.1916036429247,-3895.1916036429247,-3895.1916036429247,-4402.595532781419,-4402.595532781419,-4402.595532781419,0.0,0.0,0.0,15394.82839564159
2010-07-26,23696.127140394176,9140.044323605607,35343.02186319537,23696.127140394176,23696.127140394176,-786.956257408747,-786.956257408747,-786.956257408747,3883.1119160494814,3883.1119160494814,3883.1119160494814,-4670.068173458229,-4670.068173458229,-4670.068173458229,0.0,0.0,0.0,22909.17088298543
2010-07-27,23699.638748722416,12771.458772664304,38697.647117081055,23699.638748722416,23699.638748722416,1709.378102837214,1709.378102837214,1709.378102837214,6625.862082274196,6625.862082274196,6625.862082274196,-4916.483979436982,-4916.483979436982,-4916.483979436982,0.0,0.0,0.0,25409.01685155963
2010-07-28,23703.150357050657,9364.91691203594,36233.341888844254,23703.150357050657,23703.150357050657,-1366.2902586335802,-1366.2902586335802,-1366.2902586335802,3767.3797184257496,3767.3797184257496,3767.3797184257496,-5133.66997705933,-5133.66997705933,-5133.66997705933,0.0,0.0,0.0,22336.860098417077
2010-07-29,23706.661965378895,14922.530111762133,41721.553176813206,23706.661965378895,23706.661965378895,5249.653605227657,5249.653605227657,5249.653605227657,10563.9557850901,10563.9557850901,10563.9557850901,-5314.302179862443,-5314.302179862443,-5314.302179862443,0.0,0.0,0.0,28956.31557060655
2010-07-30,23710.17357370714,6270.427393405974,33040.78293030646,23710.17357370714,23710.17357370714,-4404.195228096307,-4404.195228096307,-4404.195228096307,1047.9591266907375,1047.9591266907375,1047.9591266907375,-5452.154354787044,-5452.154354787044,-5452.154354787044,0.0,0.0,0.0,19305.978345610834
2010-07-31,23713.68518276184,-16229.869757972016,9517.039044733485,23713.68518276184,23713.68518276184,-27535.392341112318,-27535.392341112318,-27535.392341112318,-21993.07702490865,-21993.07702490865,-21993.07702490865,-5542.3153162036715,-5542.3153162036715,-5542.3153162036715,0.0,0.0,0.0,-3821.7071583504767
2010-08-01,23717.196791816546,1602.852447180879,28008.02347656914,23717.196791816546,23717.196791816546,-9476.559253692554,-9476.559253692554,-9476.559253692554,-3895.191603627636,-3895.191603627636,-3895.191603627636,-5581.367650064916,-5581.367650064916,-5581.367650064916,0.0,0.0,0.0,14240.637538123992
2010-08-02,23720.708400871255,8395.669892572634,35114.17661587333,23720.708400871255,23720.708400871255,-1684.409958898933,-1684.409958898933,-1684.409958898933,3883.1119160563767,3883.1119160563767,3883.1119160563767,-5567.52187495531,-5567.52187495531,-5567.52187495531,0.0,0.0,0.0,22036.29844197232
2010-08-03,23724.22000992596,11226.250761618241,37079.00343079407,23724.22000992596,23724.22000992596,1125.1607427650142,1125.1607427650142,1125.1607427650142,6625.862082287352,6625.862082287352,6625.862082287352,-5500.701339522338,-5500.701339522338,-5500.701339522338,0.0,0.0,0.0,24849.380752690973
2010-08-04,23727.731618980666,8331.948981715845,34956.5055554411,23727.731618980666,23727.731618980666,-1615.194880943541,-1615.194880943541,-1615.194880943541,3767.3797184380746,3767.3797184380746,3767.3797184380746,-5382.574599381615,-5382.574599381615,-5382.574599381615,0.0,0.0,0.0,22112.536738037124
2010-08-05,23731.24322803537,16481.50408718424,41058.63681355351,23731.24322803537,23731.24322803537,5347.422216099495,5347.422216099495,5347.422216099495,10563.955785055927,10563.955785055927,10563.955785055927,-5216.533568956433,-5216.533568956433,-5216.533568956433,0.0,0.0,0.0,29078.665444134866
2010-08-06,23734.754837090073,7293.2290550246635,33588.09444090331,23734.754837090073,23734.754837090073,-3959.6582325816225,-3959.6582325816225,-3959.6582325816225,1047.9591266794964,1047.9591266794964,1047.9591266794964,-5007.617359261119,-5007.617359261119,-5007.617359261119,0.0,0.0,0.0,19775.09660450845
2010-08-07,23738.26644614478,-15845.029438969821,10827.122331164115,23738.26644614478,23738.26644614478,-26755.460368793643,-26755.460368793643,-26755.460368793643,-21993.077024902523,-21993.077024902523,-21993.077024902523,-4762.3833438911215,-4762.3833438911215,-4762.3833438911215,0.0,0.0,0.0,-3017.193922648865
2010-08-08,23741.778055199484,2479.8851992147543,28341.385114288827,23741.778055199484,23741.778055199484,-8383.920197676356,-8383.920197676356,-8383.920197676356,-3895.1916036128464,-3895.1916036128464,-3895.1916036128464,-4488.728594063509,-4488.728594063509,-4488.728594063509,0.0,0.0,0.0,15357.857857523128
2010-08-09,23745.289664254193,9591.738325857095,35482.3654901308,23745.289664254193,23745.289664254193,-312.55442592056943,-312.55442592056943,-312.55442592056943,3883.1119160501817,3883.1119160501817,3883.1119160501817,-4195.666341970751,-4195.666341970751,-4195.666341970751,0.0,0.0,0.0,23432.735238333622
2010-08-10,23748.801273308898,14393.26510925719,38976.920820653744,23748.801273308898,23748.801273308898,2732.798557568378,2732.798557568378,2732.798557568378,6625.8620822903,6625.8620822903,6625.8620822903,-3893.0635247219225,-3893.0635247219225,-3893.0635247219225,0.0,0.0,0.0,26481.599830877276
2010-08-11,23752.3128825566,11415.275617109528,37955.353444335706,23752.3128825566,23752.3128825566,176.03303165366506,176.03303165366506,176.03303165366506,3767.3797184182777,3767.3797184182777,3767.3797184182777,-3591.3466867646125,-3591.3466867646125,-3591.3466867646125,0.0,0.0,0.0,23928.345914210262
2010-08-12,23755.824491804302,18277.152683495548,43484.67190140952,23755.824491804302,23755.824491804302,7262.771245240033,7262.771245240033,7262.771245240033,10563.95578507746,10563.95578507746,10563.95578507746,-3301.1845398374267,-3301.1845398374267,-3301.1845398374267,0.0,0.0,0.0,31018.595737044336
2010-08-13,23759.336101052006,8667.038854135748,34236.81521952959,23759.336101052006,23759.336101052006,-1985.1971383793232,-1985.1971383793232,-1985.1971383793232,1047.9591266682576,1047.9591266682576,1047.9591266682576,-3033.1562650475807,-3033.1562650475807,-3033.1562650475807,0.0,0.0,0.0,21774.13896267268
2010-08-14,23762.847710299706,-13962.394582645373,12527.602716831374,23762.847710299706,23762.847710299706,-24790.492191832236,-24790.492191832236,-24790.492191832236,-21993.0770248964,-21993.0770248964,-21993.0770248964,-2797.4151669358366,-2797.4151669358366,-2797.4151669358366,0.0,0.0,0.0,-1027.6444815325303
2010-08-15,23766.35931954741,5473.45496225391,29951.117116547415,23766.35931954741,23766.35931954741,-6498.549141363598,-6498.549141363598,-6498.549141363598,-3895.1916036385956,-3895.1916036385956,-3895.1916036385956,-2603.357537725003,-2603.357537725003,-2603.357537725003,0.0,0.0,0.0,17267.810178183812
2010-08-16,23769.87092879511,12661.409583810555,38132.16826113515,23769.87092879511,23769.87092879511,1423.8053639736995,1423.8053639736995,1423.8053639736995,3883.111916059387,3883.111916059387,3883.111916059387,-2459.3065520856876,-2459.3065520856876,-2459.3065520856876,0.0,0.0,0.0,25193.67629276881
2010-08-17,23773.382538042817,14218.398095942073,40878.04956108343,23773.382538042817,23773.382538042817,4253.641393686224,4253.641393686224,4253.641393686224,6625.862082280362,6625.862082280362,6625.862082280362,-2372.22068859414,-2372.22068859414,-2372.22068859414,0.0,0.0,0.0,28027.02393172904
2010-08-18,23776.894147290517,12863.912077496478,38032.03011330769,23776.894147290517,23776.894147290517,1419.9441474958373,1419.9441474958373,1419.9441474958373,3767.379718430603,3767.379718430603,3767.379718430603,-2347.4355709347656,-2347.4355709347656,-2347.4355709347656,0.0,0.0,0.0,25196.838294786354
2010-08-19,23780.405756538217,18951.345725488212,44866.736713483006,23780.405756538217,23780.405756538217,8175.508528814154,8175.508528814154,8175.508528814154,10563.955785070697,10563.955785070697,10563.955785070697,-2388.447256256543,-2388.447256256543,-2388.447256256543,0.0,0.0,0.0,31955.91428535237
2010-08-20,23783.91736578592,9773.800617205174,35322.11316505352,23783.91736578592,23783.91736578592,-1448.7847665825427,-1448.7847665825427,-1448.7847665825427,1047.9591266345458,1047.9591266345458,1047.9591266345458,-2496.743893217089,-2496.743893217089,-2496.743893217089,0.0,0.0,0.0,22335.132599203378
2010-08-21,23787.42897503362,-13682.159158395481,11284.432341985534,23787.42897503362,23787.42897503362,-24664.768384083916,-24664.768384083916,-24664.768384083916,-21993.077024893402,-21993.077024893402,-21993.077024893402,-2671.691359190519,-2671.691359190519,-2671.691359190519,0.0,0.0,0.0,-877.3394090502952
2010-08-22,23790.94058174751,3992.9379255347317,30055.590784792563,23790.94058174751,23790.94058174751,-6805.6686052830855,-6805.6686052830855,-6805.6686052830855,-3895.191603623808,-3895.191603623808,-3895.191603623808,-2910.477001659277,-2910.477001659277,-2910.477001659277,0.0,0.0,0.0,16985.271976464424
2010-08-23,23794.452188461393,11235.38060211016,37308.17886574295,23794.452188461393,23794.452188461393,674.9979211131586,674.9979211131586,674.9979211131586,3883.1119160531903,3883.1119160531903,3883.1119160531903,-3208.113994940032,-3208.113994940032,-3208.113994940032,0.0,0.0,0.0,24469.45010957455
2010-08-24,23797.963795175277,15025.918091064459,39539.65880404335,23797.963795175277,23797.963795175277,3068.354956121965,3068.354956121965,3068.354956121965,6625.862082270428,6625.862082270428,6625.862082270428,-3557.507126148462,-3557.507126148462,-3557.507126148462,0.0,0.0,0.0,26866.318751297244
2010-08-25,23801.47540188916,10628.376895410638,35960.485525261334,23801.47540188916,23801.47540188916,-182.19937356144757,-182.19937356144757,-182.19937356144757,3767.3797184429277,3767.3797184429277,3767.3797184429277,-3949.579092004375,-3949.579092004375,-3949.579092004375,0.0,0.0,0.0,23619.276028327713
2010-08-26,23804.987008603053,17643.95324619672,42514.83783723041,23804.987008603053,23804.987008603053,6190.501114568347,6190.501114568347,6190.501114568347,10563.955785093118,10563.955785093118,10563.955785093118,-4373.454670524769,-4373.454670524769,-4373.454670524769,0.0,0.0,0.0,29995.4881231714
2010-08-27,23808.498615316938,7467.862085987872,32832.10318355972,23808.498615316938,23808.498615316938,-3768.739351267406,-3768.739351267406,-3768.739351267406,1047.9591266908135,1047.9591266908135,1047.9591266908135,-4816.69847795822,-4816.69847795822,-4816.69847795822,0.0,0.0,0.0,20039.75926404953
2010-08-28,23812.01022203082,-17278.231834276827,9366.161522375864,23812.01022203082,23812.01022203082,-27258.677504316616,-27258.677504316616,-27258.677504316616,-21993.077024914786,-21993.077024914786,-21993.077024914786,-5265.600479401832,-5265.600479401832,-5265.600479401832,0.0,0.0,0.0,-3446.6672822857945
2010-08-29,23815.52182874471,2416.7073915706987,28005.3021161569,23815.52182874471,23815.52182874471,-9600.693639240219,-9600.693639240219,-9600.693639240219,-3895.1916036090183,-3895.1916036090183,-3895.1916036090183,-5705.502035631199,-5705.502035631199,-5705.502035631199,0.0,0.0,0.0,14214.828189504491
2010-08-30,23819.033435458594,8671.635250421843,34250.582899182155,23819.033435458594,23819.033435458594,-2238.042163025791,-2238.042163025791,-2238.042163025791,3883.111916060089,3883.111916060089,3883.111916060089,-6121.154079085879,-6121.154079085879,-6121.154079085879,0.0,0.0,0.0,21580.991272432802
2010-08-31,23822.545042172478,11749.816426327425,36122.632044046986,23822.545042172478,23822.545042172478,128.7640290787887,128.7640290787887,128.7640290787887,6625.862082283584,6625.862082283584,6625.862082283584,-6497.098053204794,-6497.098053204794,-6497.098053204794,0.0,0.0,0.0,23951.309071251268
2010-09-01,23826.056648886366,8559.094081310815,33854.55491592475,23826.056648886366,23826.056648886366,-3050.6798308477714,-3050.6798308477714,-3050.6798308477714,3767.379718410672,3767.379718410672,3767.379718410672,-6818.059549258443,-6818.059549258443,-6818.059549258443,0.0,0.0,0.0,20775.376818038596
2010-09-02,23829.568254901264,14063.896502179563,40274.428268147625,23829.568254901264,23829.568254901264,3494.611630914798,3494.611630914798,3494.611630914798,10563.955785086353,10563.955785086353,10563.955785086353,-7069.344154171556,-7069.344154171556,-7069.344154171556,0.0,0.0,0.0,27324.179885816062
2010-09-03,23833.079860916154,4620.071896501719,31033.463327079597,23833.079860916154,23833.079860916154,-6189.265767478699,-6189.265767478699,-6189.265767478699,1047.9591266571042,1047.9591266571042,1047.9591266571042,-7237.224894135804,-7237.224894135804,-7237.224894135804,0.0,0.0,0.0,17643.814093437453
2010-09-04,23836.591466931048,-17516.583632334157,7658.014658718021,23836.591466931048,23836.591466931048,-29302.387851116044,-29302.387851116044,-29302.387851116044,-21993.07702490866,-21993.07702490866,-21993.07702490866,-7309.310826207383,-7309.310826207383,-7309.310826207383,0.0,0.0,0.0,-5465.796384184996
2010-09-05,23840.10307294594,353.59481920566026,25575.938949547544,23840.10307294594,23840.10307294594,-11170.078392985903,-11170.078392985903,-11170.078392985903,-3895.191603594228,-3895.191603594228,-3895.191603594228,-7274.886789391674,-7274.886789391674,-7274.886789391674,0.0,0.0,0.0,12670.024679960039
2010-09-06,23843.61467896084,7271.300202699843,33613.278389918676,23843.61467896084,23843.61467896084,-3242.1031492165507,-3242.1031492165507,-3242.1031492165507,3883.1119160431062,3883.1119160431062,3883.1119160431062,-7125.215065259657,-7125.215065259657,-7125.215065259657,0.0,0.0,0.0,20601.51152974429
2010-09-07,23847.126284975733,11242.270507172503,36139.78692948689,23847.126284975733,23847.126284975733,-227.9286129843838,-227.9286129843838,-227.9286129843838,6625.862082263441,6625.862082263441,6625.862082263441,-6853.790695247825,-6853.790695247825,-6853.790695247825,0.0,0.0,0.0,23619.19767199135
2010-09-08,23850.637890990627,8193.098271669418,33885.16070979446,23850.637890990627,23850.637890990627,-2689.1637110378315,-2689.1637110378315,-2689.1637110378315,3767.3797184515156,3767.3797184515156,3767.3797184515156,-6456.543429489348,-6456.543429489348,-6456.543429489348,0.0,0.0,0.0,21161.474179952795
2010-09-09,23854.149497005517,15841.996348290062,41976.93842819181,23854.149497005517,23854.149497005517,4631.975079456294,4631.975079456294,4631.975079456294,10563.955785079588,10563.955785079588,10563.955785079588,-5931.980705623295,-5931.980705623295,-5931.980705623295,0.0,0.0,0.0,28486.12457646181
2010-09-10,23857.661103020415,6245.335984201611,31513.706616760246,23857.661103020415,23857.661103020415,-4233.308508686916,-4233.308508686916,-4233.308508686916,1047.959126645863,1047.959126645863,1047.959126645863,-5281.267635332779,-5281.267635332779,-5281.267635332779,0.0,0.0,0.0,19624.352594333497
2010-09-11,23861.17270903531,-15043.709680356487,8798.649861606138,23861.17270903531,23861.17270903531,-26501.31869164901,-26501.31869164901,-26501.31869164901,-21993.07702489347,-21993.07702489347,-21993.07702489347,-4508.241666755536,-4508.241666755536,-4508.241666755536,0.0,0.0,0.0,-2640.1459826136997
2010-09-12,23864.684315050203,3720.595052850647,29349.333588006273,23864.684315050203,23864.684315050203,-7514.552948254751,-7514.552948254751,-7514.552948254751,-3895.19160361998,-3895.19160361998,-3895.19160361998,-3619.361344634772,-3619.361344634772,-3619.361344634772,0.0,0.0,0.0,16350.131366795453
2010-09-13,23868.195921065097,11748.275818168693,38080.06016663217,23868.195921065097,23868.195921065097,1259.5215583690338,1259.5215583690338,1259.5215583690338,3883.1119160500025,3883.1119160500025,3883.1119160500025,-2623.5903576809687,-2623.5903576809687,-2623.5903576809687,0.0,0.0,0.0,25127.71747943413
2010-09-14,23871.70752707999,16974.291729445027,41679.03911816687,23871.70752707999,23871.70752707999,5093.642288086238,5093.642288086238,5093.642288086238,6625.862082289486,6625.862082289486,6625.862082289486,-1532.2197942032478,-1532.2197942032478,-1532.2197942032478,0.0,0.0,0.0,28965.349815166228
2010-09-15,23875.219133094884,15200.958535433954,39989.70850675591,23875.219133094884,23875.219133094884,3408.7465443369542,3408.7465443369542,3408.7465443369542,3767.37971843532,3767.37971843532,3767.37971843532,-358.6331740983655,-358.6331740983655,-358.6331740983655,0.0,0.0,0.0,27283.96567743184
2010-09-16,23878.73073910978,22738.324485438825,47716.22551467283,23878.73073910978,23878.73073910978,11445.93544335701,11445.93544335701,11445.93544335701,10563.955785072825,10563.955785072825,10563.955785072825,881.9796582841856,881.9796582841856,881.9796582841856,0.0,0.0,0.0,35324.66618246679
2010-09-17,23882.242345124672,13731.601963950701,38500.03834752031,23882.242345124672,23882.242345124672,3220.9114793667336,3220.9114793667336,3220.9114793667336,1047.95912665719,1047.95912665719,1047.95912665719,2172.9523527095434,2172.9523527095434,2172.9523527095434,0.0,0.0,0.0,27103.153824491405
2010-09-18,23885.753951139566,-7963.340171780276,18422.604119675983,23885.753951139566,23885.753951139566,-18496.570002996566,-18496.570002996566,-18496.570002996566,-21993.07702489954,-21993.07702489954,-21993.07702489954,3496.5070219029712,3496.5070219029712,3496.5070219029712,0.0,0.0,0.0,5389.183948143
2010-09-19,23889.265557154464,13275.513815810244,37939.455497967436,23889.265557154464,23889.265557154464,938.9533040098208,938.9533040098208,938.9533040098208,-3895.19160360569,-3895.19160360569,-3895.19160360569,4834.14490761551,4834.14490761551,4834.14490761551,0.0,0.0,0.0,24828.218861164285
2010-09-20,23892.777163169358,20993.919601668193,46309.03689862776,23892.777163169358,23892.777163169358,10050.164579769711,10050.164579769711,10050.164579769711,3883.111916056901,3883.111916056901,3883.111916056901,6167.052663712811,6167.052663712811,6167.052663712811,0.0,0.0,0.0,33942.94174293907
2010-09-21,23896.288769184248,25699.42079067463,50665.01964048199,23896.288769184248,23896.288769184248,14102.375912978432,14102.375912978432,14102.375912978432,6625.862082256454,6625.862082256454,6625.862082256454,7476.513830721979,7476.513830721979,7476.513830721979,0.0,0.0,0.0,37998.66468216268
2010-09-22,23899.800375199142,24069.98752720291,49397.46581375666,23899.800375199142,23899.800375199142,12511.694738670853,12511.694738670853,12511.694738670853,3767.3797184030655,3767.3797184030655,3767.3797184030655,8744.315020267788,8744.315020267788,8744.315020267788,0.0,0.0,0.0,36411.49511387
2010-09-23,23903.31198121404,31539.833614329833,56724.96842602525,23903.31198121404,23903.31198121404,20517.092346342906,20517.092346342906,20517.092346342906,10563.955785095246,10563.955785095246,10563.955785095246,9953.13656124766,9953.13656124766,9953.13656124766,0.0,0.0,0.0,44420.40432755694
2010-09-24,23906.823587228933,23170.35991062538,48794.36319231482,23906.823587228933,23906.823587228933,12134.87700082567,12134.87700082567,12134.87700082567,1047.9591267134583,1047.9591267134583,1047.9591267134583,11086.91787411221,11086.91787411221,11086.91787411221,0.0,0.0,0.0,36041.700588054606
2010-09-25,23910.335193243827,1596.9555941090741,26678.926303448417,23910.335193243827,23910.335193243827,-9861.88840676274,-9861.88840676274,-9861.88840676274,-21993.077024893417,-21993.077024893417,-21993.077024893417,12131.188618130676,12131.188618130676,12131.188618130676,0.0,0.0,0.0,14048.446786481087
2010-09-26,23913.84679925872,20807.698682669983,45052.123854053076,23913.84679925872,23913.84679925872,9178.16607194282,9178.16607194282,9178.16607194282,-3895.191603590402,-3895.191603590402,-3895.191603590402,13073.357675533223,13073.357675533223,13073.357675533223,0.0,0.0,0.0,33092.01287120154
2010-09-27,23917.358405273615,28685.584841614407,54494.61314593272,23917.358405273615,23917.358405273615,17786.065180893296,17786.065180893296,17786.065180893296,3883.111916063797,3883.111916063797,3883.111916063797,13902.953264829495,13902.953264829495,13902.953264829495,0.0,0.0,0.0,41703.423586166915
2010-09-28,23920.87001128851,32082.39443150183,57695.72485994725,23920.87001128851,23920.87001128851,21237.670958809154,21237.670958809154,21237.670958809154,6625.862082282498,6625.862082282498,6625.862082282498,14611.808876526653,14611.808876526653,14611.808876526653,0.0,0.0,0.0,45158.54097009766
2010-09-29,23924.381617303403,30234.10615912464,56214.46136118662,23924.381617303403,23924.381617303403,18961.570975220475,18961.570975220475,18961.570975220475,3767.37971841539,3767.37971841539,3767.37971841539,15194.191256805085,15194.191256805085,15194.191256805085,0.0,0.0,0.0,42885.95259252388
2010-09-30,23927.893223318297,36467.34841398454,63022.40420327251,23927.893223318297,23927.893223318297,26210.82406822173,26210.82406822173,26210.82406822173,10563.955785060185,10563.955785060185,10563.955785060185,15646.868283161546,15646.868283161546,15646.868283161546,0.0,0.0,0.0,50138.71729154003
2010-10-01,23931.40482933319,27822.337795267544,53477.10565297677,23931.40482933319,23931.40482933319,17017.07536024108,17017.07536024108,17017.07536024108,1047.9591267022186,1047.9591267022186,1047.9591267022186,15969.116233538864,15969.116233538864,15969.116233538864,0.0,0.0,0.0,40948.48018957427
2010-10-02,23934.91643534809,5484.943350072522,31367.63682700674,23934.91643534809,23934.91643534809,-5830.409425808437,-5830.409425808437,-5830.409425808437,-21993.07702491168,-21993.07702491168,-21993.07702491168,16162.66759910324,16162.66759910324,16162.66759910324,0.0,0.0,0.0,18104.50700953965
2010-10-03,23938.428041362982,23900.578131302558,50085.37692143282,23938.428041362982,23938.428041362982,12336.410579471545,12336.410579471545,12336.410579471545,-3895.191603616151,-3895.191603616151,-3895.191603616151,16231.602183087696,16231.602183087696,16231.602183087696,0.0,0.0,0.0,36274.838620834525
2010-10-04,23941.939647377872,31716.07113933342,57321.45144021045,23941.939647377872,23941.939647377872,20065.29763498288,20065.29763498288,20065.29763498288,3883.1119160468184,3883.1119160468184,3883.1119160468184,16182.18571893606,16182.18571893606,16182.18571893606,0.0,0.0,0.0,44007.23728236075
2010-10-05,23945.451253392766,33119.56680696381,59895.8291046473,23945.451253392766,23945.451253392766,22648.52367030203,22648.52367030203,22648.52367030203,6625.862082272563,6625.862082272563,6625.862082272563,16022.661588029468,16022.661588029468,16022.661588029468,0.0,0.0,0.0,46593.9749236948
2010-10-06,23948.962859407664,30291.440481490456,56136.57524092628,23948.962859407664,23948.962859407664,19530.382101766787,19530.382101766787,19530.382101766787,3767.379718399194,3767.379718399194,3767.379718399194,15763.002383367593,15763.002383367593,15763.002383367593,0.0,0.0,0.0,43479.34496117445
2010-10-07,23952.474465422558,37254.701292253325,61895.436734017945,23952.474465422558,23952.474465422558,25978.584803924674,25978.584803924674,25978.584803924674,10563.95578508172,10563.95578508172,10563.95578508172,15414.629018842958,15414.629018842958,15414.629018842958,0.0,0.0,0.0,49931.05926934723
2010-10-08,23955.98607143745,27680.664883550275,52306.66951648828,23955.98607143745,23955.98607143745,16038.064925574921,16038.064925574921,16038.064925574921,1047.9591267360154,1047.9591267360154,1047.9591267360154,14990.105798838908,14990.105798838908,14990.105798838908,0.0,0.0,0.0,39994.050997012375
2010-10-09,23959.497677452346,3151.778062145047,28525.277304549527,23959.497677452346,23959.497677452346,-7490.256702968147,-7490.256702968147,-7490.256702968147,-21993.077024896487,-21993.077024896487,-21993.077024896487,14502.820321928339,14502.820321928339,14502.820321928339,0.0,0.0,0.0,16469.2409744842
2010-10-10,23963.00928346724,21590.135427545963,47154.686695767705,23963.00928346724,23963.00928346724,10071.46568159347,10071.46568159347,10071.46568159347,-3895.1916036013627,-3895.1916036013627,-3895.1916036013627,13966.657285194833,13966.657285194833,13966.657285194833,0.0,0.0,0.0,34034.47496506071
2010-10-11,23966.520889482133,29381.526311915975,53622.91186100099,23966.520889482133,23966.520889482133,17278.787095921878,17278.787095921878,17278.787095921878,3883.111916056021,3883.111916056021,3883.111916056021,13395.675179865859,13395.675179865859,13395.675179865859,0.0,0.0,0.0,41245.30798540401
2010-10-12,23970.032495497027,30620.990451006135,57002.92567250888,23970.032495497027,23970.032495497027,19429.656612587445,19429.656612587445,19429.656612587445,6625.862082262624,6625.862082262624,6625.862082262624,12803.79453032482,12803.79453032482,12803.79453032482,0.0,0.0,0.0,43399.68910808447
2010-10-13,23973.54410151192,27217.473209463773,52568.18600074034,23973.54410151192,23973.54410151192,15971.885459462563,15971.885459462563,15971.885459462563,3767.3797184400382,3767.3797184400382,3767.3797184400382,12204.505741022527,12204.505741022527,12204.505741022527,0.0,0.0,0.0,39945.42956097449
2010-10-14,23977.05570752682,33546.03627247008,59056.337731930165,23977.05570752682,23977.05570752682,22174.559584971936,22174.559584971936,22174.559584971936,10563.955785104139,10563.955785104139,10563.955785104139,11610.603799867798,11610.603799867798,11610.603799867798,0.0,0.0,0.0,46151.615292498755
2010-10-15,23980.567313541713,22509.686120677485,49234.06212453642,23980.567313541713,23980.567313541713,12081.91519724111,12081.91519724111,12081.91519724111,1047.9591267023047,1047.9591267023047,1047.9591267023047,11033.956070538805,11033.956070538805,11033.956070538805,0.0,0.0,0.0,36062.48251078282
2010-10-16,23984.078919556603,-1826.3913475321874,24794.217495436467,23984.078919556603,23984.078919556603,-11507.768801999628,-11507.768801999628,-11507.768801999628,-21993.07702490255,-21993.07702490255,-21993.07702490255,10485.308222902922,10485.308222902922,10485.308222902922,0.0,0.0,0.0,12476.310117556975
2010-10-17,23987.590525571497,17751.72729094921,43284.78934175001,23987.590525571497,23987.590525571497,6078.940435277185,6078.940435277185,6078.940435277185,-3895.1916035860745,-3895.1916035860745,-3895.1916035860745,9974.13203886326,9974.13203886326,9974.13203886326,0.0,0.0,0.0,30066.530960848682
2010-10-18,23991.10213158639,24929.670809991567,50665.42656123681,23991.10213158639,23991.10213158639,13391.629348233686,13391.629348233686,13391.629348233686,3883.1119160498274,3883.1119160498274,3883.1119160498274,9508.51743218386,9508.51743218386,9508.51743218386,0.0,0.0,0.0,37382.731479820075
2010-10-19,23994.61373760129,26672.75290540771,52399.64736112095,23994.61373760129,23994.61373760129,15720.971661726857,15720.971661726857,15720.971661726857,6625.862082265575,6625.862082265575,6625.862082265575,9095.109579461283,9095.109579461283,9095.109579461283,0.0,0.0,0.0,39715.58539932815
2010-10-20,23998.125343616182,24052.321950344263,49112.11681508267,23998.125343616182,23998.125343616182,12506.470338866793,12506.470338866793,12506.470338866793,3767.379718407783,3767.379718407783,3767.379718407783,8739.090620459012,8739.090620459012,8739.090620459012,0.0,0.0,0.0,36504.59568248298
2010-10-21,24001.636949631076,29885.098727710614,56282.14371613626,24001.636949631076,24001.636949631076,19008.159779216054,19008.159779216054,19008.159779216054,10563.955785097376,10563.955785097376,10563.955785097376,8444.203994118678,8444.203994118678,8444.203994118678,0.0,0.0,0.0,43009.796728847126
2010-10-22,24005.148555645967,21074.969055011832,46672.7623212053,24005.148555645967,24005.148555645967,9260.77730147,9260.77730147,9260.77730147,1047.9591266910659,1047.9591266910659,1047.9591266910659,8212.818174778933,8212.818174778933,8212.818174778933,0.0,0.0,0.0,33265.925857115966
2010-10-23,24008.660161660864,-2440.192995059166,22169.02217691914,24008.660161660864,24008.660161660864,-13947.051623786514,-13947.051623786514,-13947.051623786514,-21993.07702490862,-21993.07702490862,-21993.07702490862,8046.025401122107,8046.025401122107,8046.025401122107,0.0,0.0,0.0,10061.60853787435
2010-10-24,24012.171767675758,15229.41104056587,41370.02557199706,24012.171767675758,24012.171767675758,4048.578380078099,4048.578380078099,4048.578380078099,-3895.1916035717836,-3895.1916035717836,-3895.1916035717836,7943.769983649883,7943.769983649883,7943.769983649883,0.0,0.0,0.0,28060.750147753857
2010-10-25,24015.683373690652,22178.13456318891,48053.8306043403,24015.683373690652,24015.683373690652,11788.111881386734,11788.111881386734,11788.111881386734,3883.1119160590306,3883.1119160590306,3883.1119160590306,7904.999965327705,7904.999965327705,7904.999965327705,0.0,0.0,0.0,35803.795255077384
2010-10-26,24019.194979705546,26077.562939194715,51522.249849335,24019.194979705546,24019.194979705546,14553.697400341702,14553.697400341702,14553.697400341702,6625.8620822787325,6625.8620822787325,6625.8620822787325,7927.835318062971,7927.835318062971,7927.835318062971,0.0,0.0,0.0,38572.89238004725
2010-10-27,24022.706585720443,22426.42959658937,49108.47426774456,24022.706585720443,24022.706585720443,11777.125220405589,11777.125220405589,11777.125220405589,3767.3797184201053,3767.3797184201053,3767.3797184201053,8009.745501985483,8009.745501985483,8009.745501985483,0.0,0.0,0.0,35799.831806126036
2010-10-28,24026.218191735337,29648.655259616626,55650.33454088339,24026.218191735337,24026.218191735337,18711.684889340126,18711.684889340126,18711.684889340126,10563.955785091499,10563.955785091499,10563.955785091499,8147.729104248626,8147.729104248626,8147.729104248626,0.0,0.0,0.0,42737.90308107546
2010-10-29,24029.729797750228,19755.093287814514,45897.506391732335,24029.729797750228,24029.729797750228,9386.44753758164,9386.44753758164,9386.44753758164,1047.959126657355,1047.959126657355,1047.959126657355,8338.488410924287,8338.488410924287,8338.488410924287,0.0,0.0,0.0,33416.17733533187
2010-10-30,24033.24140376512,-1846.8460664561446,23339.378923905915,24033.24140376512,24033.24140376512,-13414.48488154031,-13414.48488154031,-13414.48488154031,-21993.077024905626,-21993.077024905626,-21993.077024905626,8578.592143365315,8578.592143365315,8578.592143365315,0.0,0.0,0.0,10618.756522224812
2010-10-31,24036.75300978002,16204.633852758576,41430.34387051899,24036.75300978002,24036.75300978002,4969.428591604984,4969.428591604984,4969.428591604984,-3895.191603597533,-3895.191603597533,-3895.191603597533,8864.620195202517,8864.620195202517,8864.620195202517,0.0,0.0,0.0,29006.181601385004
2010-11-01,24040.264615794913,23899.26391318591,49679.871843733636,24040.264615794913,24040.264615794913,13076.39693312343,13076.39693312343,13076.39693312343,3883.1119160528356,3883.1119160528356,3883.1119160528356,9193.285017070595,9193.285017070595,9193.285017070595,0.0,0.0,0.0,37116.661548918346
2010-11-02,24043.776221809807,27140.715754681634,52898.18982041945,24043.776221809807,24043.776221809807,16187.387367953492,16187.387367953492,16187.387367953492,6625.862082268795,6625.862082268795,6625.862082268795,9561.525285684698,9561.525285684698,9561.525285684698,0.0,0.0,0.0,40231.163589763295
2010-11-03,24047.287827824697,25116.198456826198,50648.69861651986,24047.287827824697,24047.287827824697,13733.948347243759,13733.948347243759,13733.948347243759,3767.3797184324317,3767.3797184324317,3767.3797184324317,9966.568628811328,9966.568628811328,9966.568628811328,0.0,0.0,0.0,37781.23617506846
2010-11-04,24050.799433839595,31930.411970376033,58060.57163192391,24050.799433839595,24050.799433839595,20969.917205483096,20969.917205483096,20969.917205483096,10563.955785057326,10563.955785057326,10563.955785057326,10405.961420425767,10405.961420425767,10405.961420425767,0.0,0.0,0.0,45020.716639322694
2010-11-05,24054.31103985449,23085.696773185366,49593.64294628569,24054.31103985449,24054.31103985449,11925.524096156447,11925.524096156447,11925.524096156447,1047.959126713622,1047.959126713622,1047.959126713622,10877.564969442825,10877.564969442825,10877.564969442825,0.0,0.0,0.0,35979.83513601094
2010-11-06,24057.822645869383,1676.5502090007938,25915.066650307777,24057.822645869383,24057.822645869383,-10613.558267180972,-10613.558267180972,-10613.558267180972,-21993.0770248995,-21993.0770248995,-21993.0770248995,11379.518757718528,11379.518757718528,11379.518757718528,0.0,0.0,0.0,13444.264378688411
2010-11-07,24061.334251884276,19669.505506942118,45254.87861991781,24061.334251884276,24061.334251884276,8014.981090612774,8014.981090612774,8014.981090612774,-3895.19160362428,-3895.19160362428,-3895.19160362428,11910.172694237055,11910.172694237055,11910.172694237055,0.0,0.0,0.0,32076.31534249705
2010-11-08,24064.84585789917,27818.062958429942,53755.014511387635,24064.84585789917,24064.84585789917,16351.103514876237,16351.103514876237,16351.103514876237,3883.1119160466396,3883.1119160466396,3883.1119160466396,12467.991598829596,12467.991598829596,12467.991598829596,0.0,0.0,0.0,40415.94937277541
2010-11-09,24068.357463914068,30792.898167167335,56840.21584890642,24068.357463914068,24068.357463914068,19677.298351109002,19677.298351109002,19677.298351109002,6625.86208228195,6625.86208228195,6625.86208228195,13051.436268827052,13051.436268827052,13051.436268827052,0.0,0.0,0.0,43745.65581502307
2010-11-10,24071.86906992896,29788.467449476957,54260.995229375454,24071.86906992896,24071.86906992896,17426.20619559585,17426.20619559585,17426.20619559585,3767.3797184286964,3767.3797184286964,3767.3797184286964,13658.82647716715,13658.82647716715,13658.82647716715,0.0,0.0,0.0,41498.07526552481
2010-11-11,24075.380675943852,36146.19617404163,62148.604790435966,24075.380675943852,24075.380675943852,24852.14785158957,24852.14785158957,24852.14785158957,10563.955785078859,10563.955785078859,10563.955785078859,14288.192066510712,14288.192066510712,14288.192066510712,0.0,0.0,0.0,48927.52852753342
2010-11-12,24078.892281958746,27169.94171977522,53449.228825480764,24078.892281958746,24078.892281958746,15985.078039247825,15985.078039247825,15985.078039247825,1047.959126679912,1047.959126679912,1047.959126679912,14937.11891256791,14937.11891256791,14937.11891256791,0.0,0.0,0.0,40063.97032120657
2010-11-13,24082.403887973644,5225.069057365119,30446.509301542144,24082.40387723551,24082.403898114168,-6390.480116215337,-6390.480116215337,-6390.480116215337,-21993.077024905568,-21993.077024905568,-21993.077024905568,15602.59690869023,15602.59690869023,15602.59690869023,0.0,0.0,0.0,17691.923771758306
2010-11-14,24085.915493988537,23155.06749124534,48931.02108731676,24085.91547045196,24085.915516389236,12385.68565464008,12385.68565464008,12385.68565464008,-3895.191603608994,-3895.191603608994,-3895.191603608994,16280.877258249075,16280.877258249075,16280.877258249075,0.0,0.0,0.0,36471.601148628615
2010-11-15,24089.42710000343,32038.37037205675,58699.39139495128,24089.427058072913,24089.427136667196,20850.45815978375,20850.45815978375,20850.45815978375,3883.111916055845,3883.111916055845,3883.111916055845,16967.34624372791,16967.34624372791,16967.34624372791,0.0,0.0,0.0,44939.88525978718
2010-11-16,24092.93870601832,34681.951002642454,61211.50809206857,24092.938646044593,24092.93875428139,24282.284355084816,24282.284355084816,24282.284355084816,6625.862082261809,6625.862082261809,6625.862082261809,17656.422272823005,17656.422272823005,17656.422272823005,0.0,0.0,0.0,48375.22306110314
2010-11-17,24096.45031203322,32694.40788920178,58180.84598484929,24096.4502219486,24096.450376828318,22108.86210899506,22108.86210899506,22108.86210899506,3767.3797184125,3767.3797184125,3767.3797184125,18341.48239058256,18341.48239058256,18341.48239058256,0.0,0.0,0.0,46205.312421028284
2010-11-18,24099.961918048113,41274.27849933733,66177.63539927536,24099.961801717087,24099.962000697033,29578.779394214704,29578.779394214704,29578.779394214704,10563.955785072096,10563.955785072096,10563.955785072096,19014.823609142608,19014.823609142608,19014.823609142608,0.0,0.0,0.0,53678.74131226282
2010-11-19,24103.473524063007,32569.96056062539,57564.5194216545,24103.473384906214,24103.47363022569,20715.622493305906,20715.622493305906,20715.622493305906,1047.9591266462014,1047.9591266462014,1047.9591266462014,19667.6633666597,19667.6633666597,19667.6633666597,0.0,0.0,0.0,44819.09601736891
2010-11-20,24106.9851300779,9699.107799036621,34543.88342837196,24106.984958035177,24106.98525905733,-1702.8948099684817,-1702.8948099684817,-1702.8948099684817,-21993.07702489944,-21993.07702489944,-21993.07702489944,20290.18221493096,20290.18221493096,20290.18221493096,0.0,0.0,0.0,22404.09032010942
2010-11-21,24110.496736092795,28356.11249669515,53826.73115002474,24110.49654293652,24110.49690133394,16976.418883374237,16976.418883374237,16976.418883374237,-3895.191603635242,-3895.191603635242,-3895.191603635242,20871.61048700948,20871.61048700948,20871.61048700948,0.0,0.0,0.0,41086.915619467036
2010-11-22,24114.00834210769,37394.45160105979,62288.4915165985,24114.008123022326,24114.00855076332,25283.471168618766,25283.471168618766,25283.471168618766,3883.1119160496482,3883.1119160496482,3883.1119160496482,21400.359252569117,21400.359252569117,21400.359252569117,0.0,0.0,0.0,49397.47951072645
2010-11-23,24117.519948122583,39917.11848736557,66448.46193948473,24117.51969700801,24117.52019083967,28490.056456553517,28490.056456553517,28490.056456553517,6625.862082274965,6625.862082274965,6625.862082274965,21864.19437427855,21864.19437427855,21864.19437427855,0.0,0.0,0.0,52607.5764046761
2010-11-24,24121.031554137477,37738.178460489704,63268.031011024716,24121.03126097355,24121.031836062695,26017.830697718047,26017.830697718047,26017.830697718047,3767.3797184372834,3767.3797184372834,3767.3797184372834,22250.450979280762,22250.450979280762,22250.450979280762,0.0,0.0,0.0,50138.86225185552
2010-11-25,24124.54316015237,44657.3266777673,70132.61032366808,24124.542819440394,24124.5434859246,33110.239988411995,33110.239988411995,33110.239988411995,10563.955785093629,10563.955785093629,10563.955785093629,22546.284203318366,22546.284203318366,22546.284203318366,0.0,0.0,0.0,57234.78314856437
2010-11-26,24128.054766167268,35186.86595815288,61169.21242876838,24128.054392648024,24128.055134507427,23786.909824254348,23786.909824254348,23786.909824254348,1047.95912670247,1047.95912670247,1047.95912670247,22738.950697551878,22738.950697551878,22738.950697551878,0.0,0.0,0.0,47914.964590421616
2010-11-27,24131.566372182162,12155.154565042869,37494.885845768506,24131.565962880235,24131.566775112075,823.0371293442756,823.0371293442756,823.0371293442756,-21993.077024908634,-21993.077024908634,-21993.077024908634,22816.114154252908,22816.114154252908,22816.114154252908,0.0,0.0,0.0,24954.60350152644
2010-11-28,24135.077978197052,30125.536590211897,55833.454287607456,24135.07752820279,24135.078433224207,18870.97544446578,18870.97544446578,18870.97544446578,-3895.191603620452,-3895.191603620452,-3895.191603620452,22766.167048086234,22766.167048086234,22766.167048086234,0.0,0.0,0.0,43006.05342266284
2010-11-29,24138.589584211946,36621.93115102635,63423.96226985896,24138.589099985806,24138.59008098255,26461.671857069243,26461.671857069243,26461.671857069243,3883.1119160565454,3883.1119160565454,3883.1119160565454,22578.5599410127,22578.5599410127,22578.5599410127,0.0,0.0,0.0,50600.26144128119
2010-11-30,24142.101190226844,40483.29389791881,65432.001400019384,24142.100660629334,24142.101737062312,28869.991173584862,28869.991173584862,28869.991173584862,6625.862082288119,6625.862082288119,6625.862082288119,22244.12909129674,22244.12909129674,22244.12909129674,0.0,0.0,0.0,53012.09236381171
2010-12-01,24145.612796241738,36939.28650362014,62115.13290302217,24145.61221213717,24145.61337313831,25522.79248246193,25522.79248246193,25522.79248246193,3767.3797184050295,3767.3797184050295,3767.3797184050295,21755.4127640569,21755.4127640569,21755.4127640569,0.0,0.0,0.0,49668.40527870366
2010-12-02,24149.12440225663,43050.002004533264,68376.48641295246,24149.123764449618,24149.125034081884,31670.90236335098,31670.90236335098,31670.90236335098,10563.955785087754,10563.955785087754,10563.955785087754,21106.946578263225,21106.946578263225,21106.946578263225,0.0,0.0,0.0,55820.02676560761
2010-12-03,24152.636008271525,33212.69056014937,59216.44898223351,24152.635331553927,24152.636685812293,21343.487577360123,21343.487577360123,21343.487577360123,1047.9591266687596,1047.9591266687596,1047.9591266687596,20295.528450691367,20295.528450691367,20295.528450691367,0.0,0.0,0.0,45496.12358563165
2010-12-04,24156.147614286423,8443.644297071372,33385.502227410005,24156.14689513851,24156.148333996243,-2672.632814812894,-2672.632814812894,-2672.632814812894,-21993.077024902508,-21993.077024902508,-21993.077024902508,19320.444210089616,19320.444210089616,19320.444210089616,0.0,0.0,0.0,21483.51479947353
2010-12-05,24159.659220301313,25268.21481186865,51219.39981944481,24159.6584592139,24159.659980710672,14288.454142037635,14288.454142037635,14288.454142037635,-3895.1916036056627,-3895.1916036056627,-3895.1916036056627,18183.645745643298,18183.645745643298,18183.645745643298,0.0,0.0,0.0,38448.11336233895
2010-12-06,24163.170826316207,32588.49419381342,57569.8725761864,24163.17002759489,24163.171629503224,20772.986520468075,20772.986520468075,20772.986520468075,3883.1119160503486,3883.1119160503486,3883.1119160503486,16889.874604417724,16889.874604417724,16889.874604417724,0.0,0.0,0.0,44936.15734678428
2010-12-07,24166.6824323311,33420.75925519309,58092.64597743437,24166.681585323724,24166.683294083483,22072.587319827955,22072.587319827955,22072.587319827955,6625.862082267977,6625.862082267977,6625.862082267977,15446.725237559976,15446.725237559976,15446.725237559976,0.0,0.0,0.0,46239.26975215906
2010-12-08,24170.194038345995,28538.139304592198,54661.5383267574,24170.193141271,24170.19496823234,17632.02329966483,17632.02329966483,17632.02329966483,3767.3797184458736,3767.3797184458736,3767.3797184458736,13864.643581218954,13864.643581218954,13864.643581218954,0.0,0.0,0.0,41802.21733801083
2010-12-09,24173.705644360893,33729.92098045882,59933.13342083984,24173.704707349774,24173.70662957743,22720.814091186712,22720.814091186712,22720.814091186712,10563.955785080987,10563.955785080987,10563.955785080987,12156.858306105725,12156.858306105725,12156.858306105725,0.0,0.0,0.0,46894.519735547605
